	baseMean	log2FoldChange	lfcSE	stat	pvalue	padj
g1	2043.7894434869813	-0.40459081793512597	0.20993201357940253	-1.9272468788191646	0.05394887028176669	0.15153049502505153
g10	99.91525782795743	1.041433571455292	0.26918636945841984	3.868819857225937	0.00010936340214173212	0.0013807586725252132
g100	191.09522696221327	-0.13880027477557205	0.23802246339059455	-0.5831393928051277	0.5597994669620815	0.7260755224938642
g1000	165.82274454661408	0.23759104663084316	0.22892713843801038	1.0378457017020672	0.29934189602246486	0.48707571443310554
g1001	256.17488751412935	0.01838399783880328	0.19966416865669734	0.09207459687177388	0.9266387714591549	0.9620960233338839
g1002	1452.6156065970674	-0.25482824412765004	0.11137452247446437	-2.288029959330028	0.02213577648784301	0.0798511938063042
g1003	2253.595819211711	-0.0869451775621859	0.09576451487782477	-0.9079059991387156	0.36392788778771257	0.5546337409764291
g1004	1494.09375675048	0.1880064946844107	0.10959268513634748	1.7155022203398544	0.08625318866252868	0.20726020827564975
g1005	434.73604950529216	0.5703996149820204	0.18454980227655418	3.0907625364304483	0.0019964322577883946	0.013410198884610659
g1006	4513.014957157496	-0.06110165703616988	0.09498337789141025	-0.643287893025076	0.5200373107134497	0.6931994519573702
g1007	2161.162291500595	0.14810901147368147	0.1469084187508967	1.00817238884601	0.3133717107091747	0.5008375139403618
g1008	1202.3801923441667	-0.6450508454268363	0.10211604093418519	-6.316841502331431	2.6696312882120524e-10	2.3436879332559298e-08
g1009	2163.6414155917278	-0.5416369746610972	0.10447256566206915	-5.184490025956634	2.1660673642201606e-07	7.714060660312366e-06
g101	2565.0850297250768	-0.1953578705380027	0.10613151436925995	-1.8407150006198947	0.0656633345145228	0.17309992164268406
g1010	221.06615484138368	0.7187682939842835	0.2965577390128638	2.423704390169718	0.015363105370730016	0.06169757741968703
g1011	1708.6033213409999	-0.15693082707257663	0.1251403463857187	-1.2540386182795953	0.2098279690586936	0.387714431324801
g1012	421.4612615469145	0.4650178018466006	0.15654216506314447	2.970559412277364	0.0029725790138474062	0.018276035467872896
g1013	946.4775246899475	-0.2498075754366553	0.11399515118900189	-2.191387728610306	0.028423746366637255	0.09487147880995193
g1014	203.5204108712106	-0.03130294879236339	0.23108740003348205	-0.1354593490940135	0.8922487026837189	0.9448075322948216
g1015	380.40445135559713	0.7564592957231419	0.21300069576243374	3.551440491850995	0.00038312861909624817	0.0036226529323193125
g1016	211.42204480279665	0.6918248136463039	0.21655880703607772	3.194627930929861	0.0014001121597027218	0.010276637587892734
g1017	570.7054381247578	0.11723715676028529	0.15350222184924114	0.763748923943441	0.44501687961322467	0.6308398548445628
g1018	3606.250826596139	0.08937989669169326	0.12175744583040948	0.7340815675140436	0.4628990268078257	0.6445564796021488
g1019	2888.5407094843754	0.5756075578506396	0.1133358037167277	5.078779511630032	3.7986725191321587e-07	1.2362059275624053e-05
g102	152.67069280635673	0.08949460911921771	0.20823622191596186	0.42977445660407315	0.6673597155468076	0.8020179637712238
g1020	209.46342898372745	0.6684382724280102	0.21550588966559334	3.101716957551578	0.0019240182539645068	0.01318179475266064
g1021	385.34227737634524	-0.2802263756871483	0.15832340769491624	-1.7699617496051812	0.0767335129359527	0.19145341132400623
g1022	4509.915812543929	-0.4109401889030142	0.08774607938772036	-4.683288322059473	2.823089744805903e-06	6.788002411874066e-05
g1023	283.0623119792237	0.17243112737281316	0.20852465456909633	0.8269100252396137	0.40828806071142876	0.5964964989656967
g1024	30261.062457903452	-0.0020168611285946423	0.12493833626663897	-0.016142852457153974	0.9871204266445024	0.9934363131386288
g1025	238.7324451207139	0.5491196701615457	0.19608685395873016	2.8003900265395525	0.0051040895588968325	0.02699082035463019
g1026	7480.16113605382	-0.479244020655724	0.09796719830758678	-4.891882476326879	9.9876078947171e-07	2.834828556583237e-05
g1027	3240.1279214680562	0.31305585562052335	0.3455124552571733	0.9060624323586493	0.3649028082397878	0.5554468149617738
g1028	233.9417513693626	0.4337000366941885	0.2125272059596592	2.0406800848664575	0.04128263613154993	0.12537566484038695
g1029	3757.7874765340184	-0.3444931726696556	0.09193193930213585	-3.7472631958461475	0.00017877447625701064	0.002014548202597657
g103	375.19880026957975	-0.07591077567711113	0.16790611977706732	-0.45210249500077515	0.6511951463602528	0.7902756349048221
g1030	705.150720590258	0.22893888244947094	0.16589664845158128	1.3800090875029896	0.1675838468365406	0.32954069052482304
g1031	502.19486543448664	-0.020939769891490108	0.15122201620267517	-0.13847037896535913	0.8898686782357664	0.9433457625217687
g1032	541.9546102560639	0.14933626773208936	0.16501227924419207	0.9050009394215766	0.3654648895104883	0.5554964427642122
g1033	173.31701275969303	0.5671718752166628	0.23908179808568697	2.372292160080661	0.01767810590071666	0.06853600799137032
g1034	3063.084184005702	-0.35111619460594873	0.107548091167823	-3.264736647515676	0.0010956589482147081	0.008475640429324843
g1035	2749.3645146668327	-0.549181412992401	0.09696469395193817	-5.663725533590711	1.4812126442596405e-08	7.987968188685918e-07
g1036	794.8490042712865	-0.502305185862709	0.13351559847276762	-3.7621460833668894	0.00016846159828206228	0.0019212765362984446
g1037	8802.650451634785	0.10153572889038502	0.09415850767366052	1.0783489606939487	0.2808780550820549	0.47068496677054145
g1038	1098.5177613626922	0.7074072461561938	0.1212209465963293	5.835684887958257	5.357005568352225e-09	3.2099517492904203e-07
g1039	155.82106668908466	0.2644003599802532	0.2349163260441139	1.1255086627338222	0.26037354843645344	0.45046294470559656
g104	925.8546756547054	-0.03889448328453698	0.1343067215613223	-0.2895944658047392	0.7721265013148314	0.8690451826068838
g1040	2906.832474525019	0.16995167161025074	0.10590298272192815	1.604786449277795	0.10854080910396884	0.2434590340864423
g1041	1229.2068577699058	-0.37287717302416856	0.1517530171664029	-2.4571318579800936	0.014005127152568995	0.057529221981445
g1042	736.1663403731363	-0.21217979946136956	0.14117582221038621	-1.502947148734648	0.1328526733427123	0.2797822985817207
g1043	313.70256887992474	0.02964808453971578	0.23452960635526132	0.1264151038347175	0.899403346934399	0.9489233188030622
g1044	834.2202767751205	-0.15830413565689108	0.15854566640250475	-0.9984765856355827	0.31804831278125734	0.5051116812465622
g1045	285.6136580108617	0.2340568749850254	0.16642350537548997	1.4063931321296166	0.1596074185295644	0.3184556051528042
g1046	2217.491506607657	-0.15337985028677695	0.09487541686671906	-1.6166448101329018	0.10595497339992196	0.24022824299381706
g1047	482.06359644167577	0.25380942910766996	0.14250240202341666	1.7810887781804747	0.07489794868969842	0.18853219351633063
g1049	146.3788371094283	-0.44627547563046205	0.22344112011945133	-1.9972844541411345	0.04579429114829187	0.13495195088587184
g105	1252.9989299598817	0.6938073417546631	0.10721100915334501	6.4714188144829725	9.708691887428996e-11	1.0471517678584131e-08
g1050	491.9055039803927	-0.0959134386788783	0.16189386929809296	-0.5924463915447854	0.5535517087527891	0.7210689097797719
g1051	59.101218471302424	0.6130354364693468	0.39211954958151196	1.563389117231228	0.11796109832371034	0.2574006625271714
g1052	3340.1766646147225	-0.1318630655351073	0.09725013002977916	-1.3559165987205288	0.17512570560458074	0.3386780423449243
g1053	416.3483989935416	0.1524143362247514	0.14933695548034037	1.0206069605109644	0.30744069039007915	0.4952013948658621
g1054	559.1851562055386	0.21034423089656973	0.12611804344116237	1.6678361411045934	0.09534825926262472	0.22218498686198043
g1055	3710.7979047742865	-0.03530762199994539	0.12366502586430718	-0.28551016549082414	0.7752533174402239	0.8710063313502514
g1056	371.96236038174874	-0.054940723496931895	0.14742595928254384	-0.3726665491227176	0.7093966357708205	0.8311521725744405
g1057	341.7260401923907	0.2767158936367336	0.1732214849936889	1.5974686606965378	0.11016127806329894	0.24574618110882984
g1058	601.0948698728278	-0.23486182922042723	0.13708537443484947	-1.7132522720871768	0.08666613881162963	0.2079478734324711
g1059	478.937869163034	-0.21527859064836727	0.1423663385454359	-1.5121453065933952	0.13049690119199753	0.2775356630984736
g106	1064.6947435137092	0.9541177108804464	0.4432685452629826	2.1524597697641434	0.0313611605658079	0.1032156766660199
g1060	1014.6264874087332	-0.2221371364116592	0.12503168192022324	-1.7766467906381869	0.07562637198548522	0.18969405597688152
g1061	1073.3686970428594	-0.23660309640170052	0.12619130286443744	-1.8749556509126013	0.06079882500131667	0.16347262420225814
g1062	857.6005408917463	-0.023281290041005598	0.11822650157627419	-0.1969210771747788	0.8438892994185931	0.9147996980053265
g1063	205.1352790244166	0.4917223996629139	0.21017783321820582	2.339554043990974	0.01930677802236272	0.0724483966544923
g1064	897.133967655048	0.20441432896750164	0.12478908565984984	1.6380785858524065	0.10140530144557725	0.2325668365474205
g1065	85.72508355583234	0.5228038738390096	0.3096187485099796	1.688540750051377	0.09130747341722271	0.21569819283480335
g1066	1232.7379904454253	-0.044868223475084346	0.1303843355902071	-0.3441228064090722	0.7307539321186671	0.8446936767067584
g1067	1432.3774047370819	-0.10201439722132376	0.12228390724408171	-0.8342422115912643	0.40414450886375	0.5930572790171882
g1068	2708.2942006352846	-0.2015295482158761	0.0900864465579383	-2.2370684594187447	0.025281866013215464	0.08812469455206683
g1069	603.9694875871321	0.07928531024646496	0.12482020404161388	0.6351961275438388	0.525300508559045	0.6975059513930337
g107	3061.0962995056834	0.14175139500938866	0.10274453584915208	1.379648988998362	0.16769474609223445	0.32954069052482304
g1070	598.2798901750102	0.07554757775342377	0.12500852772142282	0.6043393929234887	0.5456180211635815	0.7157070455417424
g1071	164.89883055457608	0.011724630783745667	0.2490164120888597	0.04708376723202413	0.9624464648607769	0.9801478198000476
g1072	1200.5563411593705	0.012214809924271713	0.1099613682332361	0.11108273860655506	0.9115507366179486	0.9545364856401543
g1073	697.6459091542637	0.3953301268712751	0.12267095733766993	3.2226872232118526	0.0012699414208860503	0.009511962031438174
g1074	858.5347516797065	-0.19504579021341312	0.12730009964302572	-1.5321731150278715	0.12547972102972646	0.26938819050881896
g1075	114.05148879839335	0.843903622716085	0.44821168451938737	1.8828237903279874	0.05972425186251614	0.16127256851287441
g1076	220.90808768691355	0.1440452505030001	0.25606107880482887	0.5625425432687182	0.5737464262620995	0.7366982173943625
g1077	1171.3224498606548	0.49977737572753905	0.1404922874375322	3.5573296217399664	0.0003746439369975705	0.0035986790385898948
g1078	2503.857046586048	-0.21001830487179152	0.10210275899615555	-2.0569307522796647	0.03969288737443285	0.12162390408967856
g1079	1041.9710931477214	-0.2727927006499047	0.10288624112446071	-2.651401175400211	0.008015856710493005	0.038369978730280765
g108	103.69768273192959	1.0368084285069628	0.312825799079173	3.3143315914444673	0.0009186249773225586	0.007378317637005657
g1080	1378.032781011576	-0.5479109459021447	0.10770682539642903	-5.087058725252434	3.6365925518348307e-07	1.203777486674884e-05
g1081	605.3229542704969	-0.14985844039794405	0.12147142545004606	-1.2336929433628148	0.21731734443071904	0.39750346435349304
g1082	3937.1485476971297	-0.24162764346147889	0.09019963543560586	-2.6788095350338583	0.007388440759812131	0.03617556921957302
g1083	405.69921130259195	0.06412107051213337	0.14654281520634038	0.4375586098973692	0.6617062806628258	0.798064284185996
g1084	378.7446363491676	0.11309199543863417	0.17682482852267667	0.6395707909544548	0.5224516770340693	0.6951903703925313
g1085	481.97683684739894	1.1614709163806118	0.22696827300305095	5.117327197378812	3.0989576002569624e-07	1.0635059037245486e-05
g1086	1752.2226683656356	-0.11397016334082631	0.11409379563080271	-0.9989163977822557	0.3178351920108111	0.5051116812465622
g1087	423.98624742081694	-0.6519107607393567	0.14005377942483127	-4.6547173765435295	3.2442540485633186e-06	7.551578309698759e-05
g1088	535.412518103604	0.1596142489376809	0.1435308727637576	1.1120551687886375	0.26611443070000684	0.45621343137716885
g1089	966.1918925606077	0.11564560900857754	0.1649452790097625	0.7011149982760823	0.48323125106533815	0.6647951795815057
g109	1094.414243077528	-0.13353227809732526	0.12373881042786714	-1.0791462891520778	0.28052251885642787	0.47068496677054145
g1090	105.63597334600952	0.6532487765713175	0.3218874728107463	2.0294321206945356	0.042414296250577375	0.12778449189619281
g1091	787.8541597224371	-0.33693622352406316	0.1755612056607133	-1.9191952017874643	0.054959634553171564	0.1531497529691861
g1092	1281.5293349272313	0.14579454660581054	0.1150482757823543	1.267246689395166	0.20506709598247308	0.3817200627878875
g1093	945.8498984787874	-0.32208033350787235	0.1340333892678683	-2.4029858176919525	0.016261818093957006	0.06415037702535309
g1094	247.77591015633377	0.0954830626260402	0.18102047957027367	0.527471051080565	0.5978665144478854	0.7515638002133758
g1095	815.6139487848396	0.05875326143687368	0.13632472882169783	0.4309802186639108	0.6664827538357134	0.8017553977543989
g1096	391.8531067182915	-0.1388335640113029	0.2369488805687249	-0.5859220084858576	0.5579279267350786	0.7253383844365799
g1097	326.3898101766806	-0.2687700804173318	0.23351078130721759	-1.1509964504111074	0.24973369584152671	0.43665803696237304
g1098	478.4954345383458	-0.20947012290070596	0.1782090977903774	-1.1754176722621652	0.23982765667012262	0.42584638002338326
g1099	2182.5149141532966	0.014330746149935323	0.11552655617090567	0.12404720286766753	0.9012779011721869	0.9496560174575045
g11	820.7080507264253	0.09556597020127365	0.11242708876700853	0.8500261925248505	0.39531052415541346	0.5849851935267291
g110	369.7354824052242	-0.35284594108417844	0.14551520982512217	-2.424804537671512	0.015316630879669675	0.06157644469728757
g1100	1132.9359580036653	-0.15789922596474745	0.10614789510521937	-1.4875398688615489	0.13687228144716487	0.2857814504773492
g1101	836.2800511056477	-0.8260934480828196	0.12629248771089738	-6.54111311809672	6.106262161376645e-11	7.4358515029667215e-09
g1102	615.386860244684	0.13592828430312154	0.13426469421462028	1.0123903763251567	0.31135143793241604	0.49929977833257033
g1103	1267.3821685279265	-0.2359916351230114	0.10960567336945969	-2.1530968960660357	0.031311064155973185	0.10314072180523454
g1104	196.0921013689522	-0.12120067447475157	0.19394546623546513	-0.6249214112981861	0.5320226388531165	0.702691716675472
g1105	2426.3798554236223	-0.27829803354645927	0.11242383374042708	-2.4754362512580337	0.013307351622665404	0.05550856616084188
g1106	557.3088828736531	-0.3055589156707655	0.14441553099153398	-2.1158314038167974	0.0343591491862183	0.11001339116028337
g1107	1335.611893950474	-0.5768286417916124	0.13072412235562264	-4.41256465445914	1.0215327452062915e-05	0.00020189979650019632
g1108	788.7222979650829	0.03221906228446423	0.12834214065077254	0.25104039967772107	0.8017828746374261	0.8894300181476004
g1109	1763.621698752302	0.029225598283080138	0.12186034639665323	0.2398286165045957	0.8104631215169954	0.8948517940118916
g111	1296.9675223387358	-0.3654416863878882	0.11325947733449028	-3.226588140687122	0.001252756409533548	0.009404212569020017
g1110	894.9504515173921	0.17175785992818432	0.12946521425684146	1.3266718856807358	0.18461724493514142	0.35162971727051406
g1111	140.70451592200968	0.48855327119969777	0.22846710191715652	2.1383965879553637	0.03248456917436783	0.10553129244542972
g1112	3406.706418871387	-0.22078669950459967	0.0942628818462172	-2.3422443190819964	0.01916816247692101	0.07234718414319949
g1113	386.3900693678832	0.04829352028590918	0.1949518265144829	0.24772027607713373	0.8043508427062369	0.8904470472774323
g1114	469.39002108673503	-0.17535459785522792	0.1573245717367681	-1.1146040057151865	0.26502015303914184	0.45516427557905387
g1115	679.3755186297998	-0.20535669941004997	0.128152529888583	-1.6024396833101069	0.10905841547409581	0.2443296845191167
g1116	761.7054460521836	-0.0194016233063737	0.11230136023015114	-0.17276392081638092	0.8628369975598946	0.9277156553086306
g1117	3096.558995157011	-0.14047474666189524	0.1257386891665805	-1.1171958892922145	0.2639105778486641	0.454084973281088
g1118	1004.2446393739759	0.04520457500785169	0.11712816984745764	0.3859411025266087	0.6995402889990489	0.8246890863988902
g1119	3042.6952615446457	-0.652028085521884	0.11554697571493971	-5.642969722811876	1.671417485383596e-08	8.76333473239316e-07
g112	185.56304687064718	0.3781075906040616	0.2175581174628331	1.7379613089760086	0.0822176315145096	0.2010043142806578
g1120	560.9481943880568	-0.24701881153260336	0.15368227373742635	-1.607334440890997	0.10798102301703201	0.2426950185971583
g1121	695.7657390411053	-0.18059566300156987	0.1231510364701262	-1.4664567037190832	0.14252390818540833	0.29364015607603033
g1122	282.84118379632247	-0.13048905323703025	0.1913942349531897	-0.6817815242394561	0.4953771086211224	0.6731636375251033
g1123	122.06745714815308	-0.24969569456833177	0.23494619710210582	-1.0627781919782082	0.2878825515400705	0.4756046529819545
g1124	2065.336048579428	-0.6290479381309041	0.11313201017271843	-5.560300194176146	2.6931101448311018e-08	1.3033962559919755e-06
g1125	456.9363956834729	-0.27758595074002596	0.15622345885495956	-1.7768519067148638	0.07559260898395335	0.18969405597688152
g1126	1416.0174858794846	-0.471363855299121	0.11910195156606926	-3.9576501400788717	7.569071129652122e-05	0.0010278145149077973
g1127	544.3920414924215	-0.4205386885623409	0.1440810273064904	-2.9187652005545974	0.003514208114297676	0.020650906434815614
g1128	328.063095713669	-0.5119541219311454	0.15519390511443804	-3.2988030139046813	0.0009709802212321817	0.007733017584707777
g1129	19.064654771674228	-0.04419325175788589	0.5827628524995603	-0.07583402333956973	0.9395511473398168	0.9678874575632105
g113	3574.111024714797	0.021688521797425572	0.09388889608721841	0.23100198959925938	0.8173132563538712	0.9000459576242309
g1130	22836.095878081745	-0.24550565917631656	0.09438728709238332	-2.6010458266061116	0.00929400378307502	0.04283866212589524
g1131	1031.724988958776	0.3645138282986906	0.1389005342340716	2.624279527135737	0.00868324892831009	0.04082100212250384
g1132	594.5566981915352	-0.04408291343494766	0.13347725200136495	-0.33026536562572373	0.7411994602743605	0.8494088449989844
g1133	2229.613104874192	-0.36943770180373336	0.10631638130834216	-3.4748897324889034	0.000511063381471917	0.004537350885228539
g1134	4328.388169893451	0.543430014335291	0.15142172960084316	3.588850924948523	0.0003321386885329842	0.003278963260654796
g1135	4404.335391181811	0.7145551245948298	0.35361677956768106	2.020704802154521	0.043310332436794094	0.12921037052799125
g1136	5330.855139943971	0.203109738224438	0.1051269217853063	1.932043046397149	0.053354193000699594	0.15041977488994845
g1137	339.1908838405181	0.675467972219368	0.16121584013163473	4.189836257205497	2.7915582351753825e-05	0.0004621987867450469
g1138	555.7130287045234	0.44421481497178233	0.1688625299343207	2.630629868832122	0.008522679989953718	0.04031718917553294
g1139	71.94016150361827	1.163406793539858	0.340929876076763	3.4124518711229284	0.0006438129453807496	0.0054862164081542425
g114	350.50314373228497	-0.16717132066795798	0.15423570164433742	-1.0838691618458722	0.2784228144816443	0.46838062596622426
g1140	1860.1210608193394	0.5592543704175924	0.14861724559511966	3.763051644364195	0.00016785252176177665	0.0019201311201536573
g1141	2202.5529190623142	0.665172698274579	0.1930450903218377	3.445685653883388	0.0005696125424861305	0.004971396919854019
g1142	1401.2209492818276	0.2912676462912092	0.17047765196473286	1.7085385851716475	0.087536453200637	0.20941071662383057
g1143	391.06430955783316	0.17441945483321541	0.2406674799927699	0.7247321276578592	0.4686163813247668	0.6508560851732872
g1144	192.49242941077753	1.4966726623583666	0.32117893454557905	4.659934078416252	3.163106703435895e-06	7.462954878419065e-05
g1145	4180.219071259675	-0.25961124698381877	0.16152868514995997	-1.6072145126594757	0.1080073195346294	0.2426950185971583
g1146	1810.9517560782342	0.2695815038785087	0.0942005926669911	2.8617813990991263	0.004212673528649824	0.023735585926347887
g1147	732.9954446506471	-0.2802318884761109	0.17906390684769039	-1.5649825439946021	0.11758700237298345	0.25682670648019107
g1148	242.6410046849212	-0.35874834285749424	0.17774744788741798	-2.0183037625649565	0.04355963510629113	0.12947844293405433
g1149	627.037301668657	-0.5868921006411414	0.16733280897092823	-3.5073343013270386	0.00045262013969357955	0.0041073101618828425
g115	225.59814023271056	-0.2647139669663851	0.17981611317329796	-1.4721370754536705	0.14098386538689195	0.2917840415764897
g1150	691.7759061444272	-0.2038635090450891	0.13656214351774731	-1.4928259310648226	0.13548275762495154	0.28413563610907766
g1151	387.678473697024	0.3673106492411058	0.1994086472355024	1.8419996039956608	0.06547520780040685	0.17272460478444152
g1152	644.1176852983114	0.03732876758159273	0.12572083871857964	0.29691790129678874	0.7665291888943011	0.8658431143255496
g1153	475.3959121372939	-0.16038192977776938	0.15997662434674678	-1.0025335290870003	0.3160859812780489	0.5038955149174977
g1154	903.3777976544151	-0.18194125835489913	0.11379859203957154	-1.5988006098672303	0.10986491350979057	0.24526318657567087
g1155	1643.0265356730104	0.016062908197775193	0.1128193586159491	0.14237723379065909	0.8867820439819507	0.9416602576742233
g1156	1469.2548406933308	-0.21169384851414935	0.11683807650876203	-1.8118566724117013	0.07000834565871324	0.18052015359401807
g1157	1140.2113631857205	-0.5155998948005861	0.11525805301584459	-4.473439220161964	7.697144403599403e-06	0.00015621892539563308
g1158	260.4186764871507	0.022726904505005387	0.17701745845404623	0.1283879268377661	0.8978419850734358	0.9482159379708532
g1159	901.8475893560844	-0.4260061354299225	0.1264992997964173	-3.3676560748993785	0.000758101027432208	0.006289739293530957
g116	2085.034929044556	-0.2385608017049692	0.115391007785044	-2.0674124118005097	0.03869530969868901	0.11925664950284137
g1160	688.9627731635061	-0.27222879763351343	0.1354804265774124	-2.0093588757484766	0.04449908819491242	0.13144292483238995
g1161	13973.874995268647	0.11675727327756553	0.08155812751501433	1.431583544583846	0.15226304175850422	0.3081999906908061
g1162	930.9958295399982	0.08148192428537972	0.17748356160998618	0.4590956117075977	0.6461655078155693	0.7871116783612891
g1163	872.1962403057787	-0.3791265964265065	0.12732101808118165	-2.977721998615893	0.002903992538344002	0.01788347770350507
g1164	1914.4171216247332	0.1300048347019464	0.10337067539289002	1.257656818123956	0.2085158953909899	0.3860458583133825
g1165	687.5972909333949	-0.08013795410528796	0.1318594005893401	-0.607753059297363	0.5433512663236904	0.7136920773736712
g1166	663.9329347290952	0.31666926270451884	0.13801014015069682	2.294536201171447	0.021759718127540895	0.07905961109862068
g1167	321.02878871965294	0.25713436435954323	0.1601807628450609	1.6052761879294037	0.10843303711511974	0.24336189958952262
g1168	1707.4400248465781	-0.15907991810678704	0.09788916471633888	-1.6251024162660435	0.10414073814307179	0.23768517925640628
g1169	1119.7188026092351	0.22207568403514782	0.12969472140702196	1.7122954706707452	0.08684223095808805	0.20814566467732212
g117	311.93673132746477	-0.26243370672430955	0.1691258941859473	-1.5517062481028123	0.12073252700500706	0.2614832412185322
g1170	148.37763475722744	0.3319607584156551	0.23386361385759202	1.4194630491676141	0.15576406221756914	0.3129373788564787
g1171	1210.648737371129	0.24878260772025312	0.1103976587342552	2.253513440163732	0.02422679426854902	0.08531357123486245
g1172	335.35185190103397	0.30889831646956784	0.22063848901185723	1.4000200864907457	0.16150730355341014	0.3208702634164402
g1173	2430.929754032842	0.6470173415647315	0.38470023540196946	1.6818740463952913	0.09259326635523288	0.21798987323848662
g1174	3090.886195653676	-0.005422817381852052	0.12540520990255327	-0.043242361191101066	0.9655083373048332	0.9817928833516222
g1175	3336.1032523646513	0.7279076072981518	0.4369770948309789	1.6657797763512154	0.09575728561904896	0.22272566433266164
g1176	2994.58206058585	0.01626540421035898	0.11818164855580976	0.13763054085912377	0.8905324171006702	0.9435194708265592
g1177	2150.7471703191627	0.7716854727211899	0.42485660861065	1.8163433428627285	0.06931772043539842	0.1795980745666637
g1178	2128.4920989643274	0.7613013916860253	0.40813054812178345	1.865337929712769	0.062134051740306256	0.16588122016948806
g1179	2399.2257178547966	0.04203746436677394	0.12114714874741643	0.34699507831108095	0.7285950162707324	0.8431778621771964
g118	544.8989393065787	-0.47615730063262673	0.14358258173510083	-3.316260892362985	0.000912306181794373	0.007374637765040167
g1180	2245.4244866080867	0.4157407793497326	0.2001973899244198	2.0766543435290865	0.03783347334039541	0.11750211522558518
g1181	407.1063294560938	0.48891232509324106	0.16686080072022477	2.9300610028415215	0.003388954667405836	0.020083679543888587
g1182	372.95736901017995	-0.175627437856547	0.2023071861152776	-0.8681225873828916	0.3853272270403132	0.5753996368976196
g1183	1165.9850528415184	-0.05282802848105851	0.12995665106178364	-0.4065050003169376	0.6843715836862179	0.812436982090688
g1184	949.2856087403367	-0.2496379437400901	0.142685737459441	-1.7495648001332347	0.08019343808429455	0.19721839007701103
g1185	791.1018465860324	-0.32774020227313067	0.1270591004899363	-2.5794311545522812	0.00989631825538357	0.044794486108001165
g1186	1098.2150757357958	-0.04106204303722275	0.1171182074419762	-0.35060341115249816	0.7258858970718909	0.8417465345639633
g1187	771.9567519997821	0.20680419735329783	0.19685280286540954	1.0505524653092806	0.2934641826069172	0.48145471070887114
g1188	525.144947083977	-0.4702360060458976	0.15173803972517677	-3.0989988199239584	0.0019417579352082883	0.013279232256179871
g1189	799.345686219418	0.08080051257502432	0.12320362059152594	0.6558290429054312	0.5119341274060951	0.6860317113801949
g119	2384.1400283905746	-0.24619384057400812	0.1009010058707659	-2.439954274482986	0.014689121063559558	0.059593749174830186
g1190	949.5426110076214	0.14410329233731167	0.1605689906383519	0.8974540586225285	0.3694766775533138	0.558356468280128
g1191	1140.4417804555737	0.03409730355315069	0.1133182453140323	0.30089861927052264	0.7634918032180915	0.8636994184457002
g1192	274.80191044207714	-0.11428746444722584	0.17087758109377876	-0.6688265582628075	0.5036061230752185	0.678371745993052
g1193	1598.7395540468963	0.5550412469268043	0.12344744421002685	4.49617446905168	6.918697232935149e-06	0.0001442987958802773
g1194	112.88945027277474	1.1263371279461027	0.25694041609312407	4.383651062267601	1.1670665501324865e-05	0.00022416465149117465
g1195	1233.8172244985778	0.008765016142972676	0.11225804284273667	0.07807918186540688	0.9377650670960376	0.9672303629200933
g1196	183.88516043047113	0.1388257200481652	0.21045993082695827	0.6596301704684525	0.5094911881247166	0.6842153095591623
g1197	1075.5510873497262	0.5906052107515521	0.12052335603043725	4.900338243173375	9.567179960968918e-07	2.7360685115649748e-05
g1198	595.7554043181254	0.3290333483455848	0.21168849755356325	1.5543279495492186	0.12010620990644016	0.26068078161422265
g12	94.6990705802525	0.13053179282975694	0.2737109884819542	0.476896428432441	0.6334358753774768	0.7768747334470354
g120	1036.3485540962004	-0.11709777632532072	0.1051903598833683	-1.113198742310179	0.2656230827189682	0.4559027205013416
g1200	1357.2530565594916	0.4360928759172043	0.1681884768762872	2.5928820096157774	0.009517541668619553	0.043479376589624995
g1201	813.1512574721351	-0.19987195654551052	0.12367207875262153	-1.616144553899752	0.10606306329185083	0.24032896994401975
g1202	1377.7677094101946	-0.005866960941114722	0.11701043719695638	-0.05014049243521099	0.9600104320052769	0.9798040064763395
g1203	142.24388371540456	0.7808694247604764	0.28641372637730805	2.7263687206520104	0.006403542000900289	0.03229728968388496
g1204	842.0853729998199	-0.08762921848538649	0.13611974272669483	-0.6437656781450944	0.5197273931395097	0.6930310523142525
g1205	589.1596977040045	0.3248438262582239	0.1637824847115577	1.9833856277752544	0.047324371266003036	0.1383807138103497
g1206	797.3954749929891	0.004213946027661437	0.13378663455433107	0.03149751125513322	0.9748727768924226	0.9861052338609043
g1207	3803.5044940750213	-0.04745486997378493	0.08310609219169768	-0.5710155383593609	0.5679891100299137	0.732294702992802
g1208	164.61554620815633	0.2656433782853131	0.23486210946733607	1.1310610250746214	0.2580294071685868	0.44743271109849114
g1209	59.82387913091383	0.4221931101402507	0.3809422235131974	1.1082864646681103	0.26773811913269296	0.4579571362600435
g121	490.53161786256396	0.1592107513413495	0.13656820252087148	1.1657966378888056	0.2436966768905413	0.4302876310859651
g1210	976.6190213395561	-0.009874581572964985	0.11345584508633028	-0.08703457777297649	0.93064402729223	0.9646296548677014
g1211	178.03772241474164	0.801287493706008	0.3273333006001783	2.447925378312614	0.014368140961036039	0.05876460685580829
g1212	151.91829855710043	0.7178433351519202	0.2506009876318205	2.864487254960726	0.004176849627630573	0.023639591220847696
g1213	500.29578984117484	0.09505254092938979	0.1721401590890164	0.5521810914572038	0.5808242878693987	0.7414987104183226
g1214	1184.1812244609564	-0.3893526216157416	0.10645966168289998	-3.6572784044295075	0.0002549074670007373	0.00264361452727413
g1215	2731.730776110417	-0.10089906015241099	0.10596478615362542	-0.9521942507025847	0.3409984762428634	0.5297404312003331
g1216	166.44383075040804	0.011216202499830637	0.20266979226858992	0.05534225093084551	0.9558658023486688	0.97735465976875
g1217	3219.3512625734998	-0.09601773356047709	0.13650864513284378	-0.7033820712749523	0.48181767655776075	0.6633339638969901
g1218	880.7564615059913	-0.20516686689203226	0.12764554253385477	-1.6073171285054229	0.10798481876973845	0.2426950185971583
g1219	187.7732430811582	0.4421583409378143	0.2120779987010543	2.084885483859558	0.03707969663933686	0.11558699819446461
g122	4459.40318772415	-0.24360805063314364	0.0913522013255728	-2.6666905350747023	0.0076602171444031895	0.037121077946241386
g1220	1363.6162282485054	0.1121730651920391	0.11390109695843753	0.9848286644067265	0.3247082381130272	0.5125963830696805
g1221	1254.9813022102794	0.257076446160512	0.13010393223019934	1.9759314092494449	0.048162546238827535	0.1395346216819447
g1222	2014.14560565817	0.15315465827059013	0.10874196381036981	1.4084227735455432	0.1590059196595024	0.31766229966501647
g1223	603.1215011055942	0.27215528992199906	0.1444351695500546	1.8842729978426933	0.05952805790711599	0.16097307922590462
g1224	1583.8221866687916	0.4578724137913656	0.11880718064100859	3.8539119548244045	0.00011624541267195243	0.0014387751896282638
g1225	152.11544258676798	0.35789493810932477	0.22356656849691744	1.6008428295676036	0.10941173471657413	0.24483064526085793
g1226	1534.2914689153831	0.07091007662240427	0.13233118815845782	0.5358530941133405	0.5920600842914419	0.748005410474301
g1227	434.4672297331659	0.20307597196524296	0.23657589661860073	0.8583967127159823	0.39067344216363786	0.5802174711221922
g1228	1062.487553390902	-0.26223597150080213	0.14309139942383087	-1.83264663394667	0.06685513829289454	0.17532795592369943
g1229	1740.870385835198	0.32754013999357134	0.138940559361685	2.357411986092058	0.01840281718979281	0.0703144077848865
g123	219.11749363408066	0.21738651156502656	0.23728468560207197	0.9161421901857806	0.35959232171882005	0.5496319175367417
g1230	793.4441734735182	0.0013103858802738573	0.1269074939163802	0.010325520107876964	0.9917615733157773	0.9954826852074111
g1231	311.69936562034724	0.2898141939156094	0.2360992846217092	1.2275098350254008	0.21963102757478714	0.40092220942689627
g1232	473.76760576337205	0.7136529649493693	0.28991580103473263	2.4615869931969385	0.013832384812333091	0.057118608624716544
g1233	351.74821942367	0.09054710057076933	0.19467860853899455	0.4651106829368597	0.641852196078011	0.7831260634112772
g1234	1059.9689823057217	-0.1038991306934216	0.1091077043714706	-0.9522620908573444	0.3409640784061745	0.5297404312003331
g1235	231.73872436818567	0.42510446944819935	0.1893837416992112	2.2446724604447392	0.024789167247034043	0.08705033149539862
g1236	33.01368959484338	0.2628541930146665	0.4353666406820921	0.6037536376302303	0.5460074474735394	0.7157070455417424
g1237	82.43417821799783	-0.07771288901445782	0.3114339258400046	-0.24953250935924645	0.8029488971995097	0.8896777478509389
g1238	234.88766841297604	-0.10615403723065182	0.2109760358806334	-0.5031568480635968	0.614854001013762	0.7642653453496712
g1239	1976.3202060993187	0.6579890515285086	0.12021017478101853	5.473655226998361	4.408463696872595e-08	2.005054271770367e-06
g124	894.4691581290039	-0.03881060991816347	0.11367405541100359	-0.3414201224530838	0.7327873286792204	0.8456961680721666
g1240	3125.4007103527183	-0.13326201618401082	0.13020031871384452	-1.023515283990167	0.30606427718964835	0.49490334435125166
g1241	319.36249455490923	0.3437248527442812	0.22624194958027494	1.5192799274491804	0.12869205000915263	0.27462548828974065
g1242	2716.9151057497343	-0.1683342011327112	0.08919203464857788	-1.8873232547722263	0.05911686048005212	0.16043549966666787
g1243	4762.64622572658	-0.29440666598258397	0.11696927812118173	-2.5169571934741253	0.011837320996811587	0.051021406916242504
g1244	1559.4826308002519	-0.44000964602857384	0.11216873442452802	-3.9227477093862673	8.754481039349867e-05	0.0011475057612342274
g1245	2784.714035021732	-0.2873869039715601	0.0979351784641816	-2.9344604102260123	0.0033412817496455034	0.019957814248278125
g1246	32.17940176363623	0.1708951571008153	0.4342410783792414	0.3935490344180778	0.6939140152553434	0.8198827566788486
g1247	483.8171592950894	-0.19862627301534613	0.14559542105466441	-1.3642343390783633	0.17249382385926493	0.3349610005497557
g1248	563.7927626998377	-0.06106900930809022	0.12750576842036468	-0.4789509530796768	0.6319735213417178	0.7759713581725183
g1249	1574.8602381873068	0.137027272092516	0.13408515138393795	1.021942181354247	0.3068082665776014	0.4949577804830963
g125	646.9547183360914	-0.25749637923920843	0.12279232340465622	-2.0970071426260213	0.03599294306215006	0.11389217104745723
g1250	3531.8476611370374	0.2969246770430399	0.09907996330140413	2.9968186013531954	0.002728129965736492	0.01702262912505001
g1251	687.2692628065785	0.14921351208864783	0.11883146355836874	1.2556734354732215	0.20923439430734647	0.3869964911858074
g1252	535.2068595641213	0.17994063631494886	0.15655669592362872	1.1493640387168573	0.2504059020511845	0.4374281722550771
g1253	1778.7056347056787	-0.34660807086862494	0.12318044474439924	-2.813823830461405	0.004895604951073702	0.026288632560886524
g1254	20353.21875695838	-0.36457181036620423	0.08754350943732273	-4.164464192827699	3.12084598630372e-05	0.0005103921396429419
g1255	800.3881264184505	0.05117270525129992	0.14185633794800565	0.3607361221326337	0.7182967188035159	0.8379388484188109
g1256	787.0829711177244	0.09264888521264338	0.13003639269891762	0.7124842768221034	0.4761649444461241	0.6586261553636871
g1257	1216.3507909770044	-0.6109087957829884	0.10960476290643958	-5.573743143849233	2.493232609232346e-08	1.2384148815594877e-06
g1258	1466.0361572907834	-0.25538953119462665	0.10463273046686365	-2.4408187577166065	0.014654007146886291	0.059593749174830186
g1259	2549.9556556260704	-0.1853425132988919	0.11866865241067613	-1.5618489764042978	0.11832357088716167	0.25774465095154947
g126	411.04571952022707	-0.11541087886360782	0.14309006906669433	-0.8065610675595857	0.41991941162514956	0.6068896550095481
g1260	150.22796941784557	0.09347421574325784	0.22706051864045856	0.41167093382390535	0.6805806321126466	0.8099596110420053
g1261	1666.1046396373733	-0.31632116049634734	0.10313386949547473	-3.0670929156810773	0.0021615165644778044	0.014153643857623677
g1262	3272.5485825111045	-0.2158354383409491	0.09247564923967819	-2.333970511323984	0.019597266066647814	0.0733198011908776
g1263	2363.447100438958	-0.32087936103125414	0.09036327503582417	-3.5509930434022317	0.0003837805607635835	0.0036226529323193125
g1264	159.19993863449363	-0.0771886635761857	0.23824015279349894	-0.3239951900261374	0.7459416757942325	0.8523613628187137
g1265	766.5217712666204	0.6112303804712413	0.14881729992699763	4.1072535301411905	4.003916640200964e-05	0.0006271695152182007
g1266	69.27377451860359	0.7683263994976084	0.3344132022109453	2.2975360853515405	0.021588206987014046	0.07873959553234591
g1267	934.5299403045357	0.7057815039968877	0.4661527912619466	1.5140561576092457	0.1300115969920828	0.276971658377603
g1268	1527.1140293032095	0.8211394039686436	0.38860777709486666	2.113028746123595	0.03459830754808545	0.11040457395944425
g1269	492.07474731830945	0.34703772061665406	0.1606876037047623	2.1597043742980957	0.03079556235888704	0.10179794037197774
g127	450.1133921061901	-0.1309211173787202	0.16326945867448545	-0.8018714488405393	0.4226273232272183	0.6094034168001333
g1270	188.13027034420395	0.09541458723816278	0.19492042171867116	0.4895053396502227	0.6244839751470568	0.7714093606610403
g1271	449.94650968452083	-0.04405232478243849	0.19949536495461279	-0.22081878840874747	0.8252335336368728	0.9040056911028133
g1272	427.19548687733464	-0.05578346821529338	0.1672246358972185	-0.3335840315393459	0.7386934696750924	0.8493902672135017
g1273	1419.63266851569	-0.16793123093657167	0.10621185047148352	-1.5810969321324366	0.11385587610157767	0.25105486698799984
g1274	307.51420909593577	-0.13808270015385657	0.15699575034511273	-0.8795314513311288	0.3791131877872974	0.568143026556986
g1275	1598.3778591864727	-0.20055691402074152	0.10884797684628236	-1.8425414953184904	0.06539598265368575	0.17263624791445015
g1276	2229.1783477087242	-0.0883020533665518	0.12133554844054588	-0.7277508900025255	0.46676609197695385	0.6485248425517117
g1277	913.2111962359851	-0.23971910810649405	0.13619962946006234	-1.7600569770770678	0.07839814644079253	0.19458579339428372
g1278	254.99791049592577	0.06835953807356553	0.20144760038787482	0.33934153567450537	0.7343524559802761	0.8462987404800478
g1279	1033.962158274573	-0.14547713570147822	0.12818858786097675	-1.1348680731177976	0.25643059880199337	0.445273923862707
g128	2027.7561959332681	-0.2534185188470971	0.1014192520088764	-2.4987220259218383	0.012464203711766614	0.05286783035047075
g1280	5107.142757007928	-0.24533716458401267	0.09930794564772093	-2.4704686315262934	0.013493615263814715	0.05603784116710732
g1281	427.6209122104258	-0.12438101453510056	0.13996751030992957	-0.8886420445693726	0.37419548734378305	0.5641325737710787
g1282	372.4094936964309	-0.44363713840275804	0.1762893856880959	-2.516527791342318	0.011851755279968883	0.051021406916242504
g1283	952.6676524311903	0.13101835155757802	0.133215301548132	0.9835082759636272	0.32535734415977613	0.5128283817132171
g1284	167.55482328307187	-0.3648242553682661	0.21402052016318182	-1.7046227861239784	0.08826479885647995	0.21048617541580025
g1285	1404.0237464258641	0.31063701403990096	0.10372954513276826	2.994682119181205	0.0027473099253551036	0.01708582367086576
g1286	1595.0837496636775	0.20835564038443005	0.09988835390402091	2.0858852132515007	0.03698902202833499	0.11553347821007325
g1287	2035.5644665165357	0.6062843506086018	0.09288043765167972	6.527578529316256	6.684146522971594e-11	7.885204101318052e-09
g1288	372.5918882780017	0.22040044095340244	0.23986012369362206	0.9188707049735544	0.35816320441305627	0.5482830886696218
g1289	133.7608794519655	0.10326018435204769	0.2905915688362038	0.3553447361380667	0.7223313448127928	0.8415889545234954
g129	602.044410259433	-0.05623065789278896	0.14070312086409073	-0.399640445410616	0.6894213622566285	0.8168755940109143
g1290	173.04711536010484	-0.4071550824973686	0.2190213321252379	-1.858974550773687	0.06303074574695129	0.16756413041883178
g1291	303.63055345471844	0.031765056876136205	0.1856236426618977	0.17112613684666422	0.8641245847639135	0.9280427617308034
g1292	1584.4041972700027	0.15383838223875015	0.1046141834446471	1.4705308321805934	0.14141804153866466	0.2921922809271632
g1293	381.04660790454255	-0.19590617146113518	0.17485600483735866	-1.1203857233462255	0.2625494261009558	0.45277482116542167
g1294	142.06376417493024	0.20724402193616714	0.22349173451921284	0.9273006108346753	0.3537704772832331	0.5435423491022404
g1295	520.8116156602264	-0.30503544448142156	0.16093139999316722	-1.8954377113128493	0.058034436576565616	0.15863866623934483
g1296	1346.1438441405073	-0.2872579258801749	0.15694040754920355	-1.830363068160853	0.0671956663733931	0.1760330607630527
g1297	499.94834086538157	0.17196351759433134	0.14406757669304698	1.1936309441833672	0.2326223639566557	0.41710466226214543
g1298	2067.6894063813525	0.3764311249624726	0.11393737552630964	3.303842336403033	0.000953694507825694	0.007611409655479904
g1299	329.89580323761476	-0.17513486875970466	0.1981196453410814	-0.8839853738794742	0.37670410836087365	0.5658806243781528
g13	167.72722218192894	1.0177330758142296	0.27330824502161455	3.7237554825092904	0.00019628103780363877	0.0021665523909612174
g130	897.1271990133706	-0.10136895615573152	0.1181373121864357	-0.8580604576118883	0.3908590805466847	0.5802174711221922
g1300	362.143328186748	0.2374974159101955	0.1699526876019232	1.3974325399694825	0.16228353961822695	0.32192346928996673
g1301	143.53634256113713	1.4793670740073614	0.35488641288974193	4.168564983824781	3.065233733604264e-05	0.0005052950805395676
g1302	6422.2778988572645	0.24872496132818678	0.08970735577630772	2.772626159535923	0.005560596052745904	0.028834134751532674
g1303	2270.4396158869768	-0.539709336004888	0.11296405196930838	-4.777708718801302	1.773039704858562e-06	4.58440060674046e-05
g1304	1095.0013464655985	-0.14237367549816288	0.12702721815153642	-1.1208123547846178	0.2623677440757777	0.45277482116542167
g1305	1460.9017150207867	-0.27644438221868833	0.1177382576445182	-2.3479571360172864	0.018876693501461622	0.07154570077110203
g1306	647.5602667618133	0.10344742259952697	0.1209049977318319	0.8556091521458363	0.3922140059031094	0.5815427620912168
g1307	2679.510506867094	-0.22481426925612857	0.11354252918424804	-1.9800005413946467	0.047703467848545116	0.13868694515647517
g1308	1223.1515129789523	-0.23523004973437714	0.10268084155092483	-2.2908854873157054	0.021970037565436636	0.0796704051964681
g1309	338.9964449466145	-0.5311121111472685	0.16557499138850443	-3.2076831573016324	0.0013380882637460635	0.00994347085756179
g131	1323.2012693304914	-0.043097345577523934	0.10815767053832959	-0.39846776805581097	0.6902854127945913	0.8175161499617092
g1310	1533.438629130601	-0.14776007069649277	0.14340037408892306	-1.0304022680224407	0.30282120901380805	0.4908330030172286
g1311	2845.7358412543367	-0.0041328243943384016	0.096755459917186	-0.04271412071086974	0.9659294231438936	0.9817928833516222
g1312	1294.0592863417755	-0.3029290578247217	0.12063687995653445	-2.5110816686726913	0.012036184785836505	0.051515416742100695
g1313	275.2242477620758	-0.1431818378930754	0.17172127720147284	-0.8338037092810963	0.4043916047774404	0.5930572790171882
g1314	492.0916293710329	-0.17592330102165118	0.14654641023401843	-1.2004613469597865	0.22996021574532877	0.41338086401838864
g1315	33.313080211480234	0.1199370769657356	0.4474633785107933	0.26803774951348913	0.7886702615951295	0.8795362592382907
g1316	429.3645206549124	0.09894104042421902	0.13968423452355475	0.7083193086298851	0.4787469890686977	0.6595875488081511
g1317	372.50907392402723	0.0564206717229756	0.16017166073977707	0.3522512750532034	0.7246498260691139	0.8417465345639633
g1318	346.3623957580508	-0.05983159845821091	0.15122211726804327	-0.3956537544845942	0.692360475819743	0.8186788086017142
g1319	51.00414028301376	0.38433490234105355	0.4169861499345358	0.9216970453368576	0.35668662219078795	0.5468679324494117
g132	228.88867243122672	0.3520281005102537	0.1892042850817316	1.8605715000491991	0.06280471264870856	0.16719872372981298
g1320	10208.775342108425	-0.15136599332067752	0.0903973848645565	-1.6744510203195704	0.09404199282526092	0.2202286122303722
g1321	2562.4404991650285	-0.030300342577791673	0.09592392759725688	-0.3158788775310548	0.7520944449859672	0.8561991947593566
g1322	1665.580306635621	0.007153798351477693	0.11249047003028369	0.06359470584087533	0.949292947337846	0.9730059397774555
g1323	401.5397070901563	0.11069840226664922	0.1642662343415465	0.6738962679115315	0.5003772650146461	0.6772307966269825
g1324	709.5171491133965	-0.17701030166482343	0.12152683397785548	-1.4565532226164808	0.1452397480091141	0.2981282284451557
g1325	1974.6973473645737	-0.06546262140921295	0.11778742163427071	-0.5557692026952932	0.5783686415570561	0.7398650023306971
g1326	6326.252470014811	0.10823222546108856	0.09084888099432907	1.1913435176801417	0.23351875657605503	0.4179863945351388
g1327	1549.5737446733408	-0.3203608694955134	0.117225680730668	-2.732855697648358	0.0062787834272618375	0.031772664125889326
g1328	739.3228383443738	0.2334176656271188	0.15105516961437046	1.5452477808142016	0.12228634103403557	0.26409092528803446
g1329	530.9356011393635	0.030849257258872942	0.13945199306674444	0.22121775802879984	0.8249228828603213	0.9039430719296699
g133	376.410684743913	-0.5264197076140035	0.17098111629882493	-3.078817819237862	0.0020782372634294962	0.013801089394813958
g1330	83.38294261964867	0.8242260708998174	0.28448716906261845	2.8972346050460964	0.0037646811306015497	0.02180004958433906
g1331	1013.583262378983	0.3252322448519369	0.13696294891244504	2.374600192493263	0.017567967587259595	0.068299771000932
g1332	507.2322461925603	0.06588316385375757	0.1662298080728161	0.396337844683655	0.6918558122174834	0.8186788086017142
g1333	382.80269897955986	0.11938898993676844	0.1733462042204639	0.6887314924123058	0.4909922542312819	0.6712410323496617
g1334	576.4131330555674	-0.34044118549793095	0.13422226391354786	-2.5363987729875284	0.01119991172505378	0.0492196353458417
g1335	190.81735940794638	0.1541078788124208	0.2052280198524547	0.7509105185696091	0.4527065095810434	0.6381505129456456
g1336	607.8838487540608	-0.5364041327517243	0.13370185218436478	-4.011942422548219	6.022118968110182e-05	0.000857867890740224
g1337	427.8317217612628	-0.27638079236593194	0.139633957193502	-1.9793236396138858	0.0477795796924681	0.13874454872235928
g1338	733.269753078638	-0.06910666073989723	0.14761279757129647	-0.4681617168492383	0.6396689469492365	0.7818870532783027
g1339	2368.153910855382	-0.12667798500613922	0.10436026474191537	-1.2138526604873603	0.2248039929222655	0.40851642461382026
g134	818.4823579681832	-0.04530846785402975	0.1298212138841803	-0.349006656912418	0.7270843119421163	0.8417465345639633
g1340	355.6426754206256	-0.28716730551789843	0.15797396310505435	-1.8178141503415293	0.06909254313280355	0.1792786121088248
g1341	905.2901502065074	-0.16808658854429304	0.12281800779785439	-1.3685826008588742	0.17112978581380944	0.33403047644629297
g1342	394.28577654841115	0.42675225196932964	0.16930126800381368	2.520667783537904	0.011713238117108265	0.050592075391400114
g1343	502.1855215747068	0.3113559929316022	0.18659024834192683	1.6686616567498318	0.09518445212933985	0.22194027596557006
g1344	1054.7351290515523	-0.3339756465861848	0.11836182398510985	-2.821650050173268	0.004777728093194754	0.025876504378493825
g1345	2263.6595460422536	-0.19366269310814851	0.11013500079035245	-1.7584118737765777	0.07867745425759043	0.19488673872861145
g1346	2219.756897694819	0.0377479130982453	0.1015342547826845	0.37177515291797636	0.7100602648918308	0.8316715792636244
g1347	2382.1196359491137	-0.04156822000051847	0.09427145486725802	-0.4409417469906447	0.6592551698470797	0.7963802451752722
g1348	1456.639292289585	-0.4636107850272482	0.11317375690388379	-4.096451312657082	4.1953167102291093e-05	0.0006474335912606953
g1349	531.8659964501304	-0.20160993385575263	0.13470819243217477	-1.4966419652409984	0.13448644449378347	0.2823616951969036
g135	836.3583506393547	-0.2718334816211134	0.13996120302091986	-1.9422059524630033	0.05211217278424921	0.14824676131163586
g1350	323.9276819867223	-0.05230994804865129	0.17976111048609394	-0.29099702325602794	0.7710535961423123	0.8683992794995179
g1351	826.6760553787367	0.42946945591746116	0.15365382483553608	2.795045657842526	0.0051892385804057535	0.027334614056597616
g1352	692.2013389206944	0.30447039569886186	0.16436785621111935	1.852371885338641	0.06397243961422332	0.1695898592301215
g1353	5164.768062983828	-0.10688579420353822	0.10581668596621485	-1.0101033993605197	0.31244575376862826	0.5002888090040183
g1354	440.7770840030003	0.38764706477665095	0.17906285505562167	2.164865877159378	0.03039795804955737	0.10083681163187969
g1355	7588.396808234829	-0.0748172369816653	0.12036777731032663	-0.6215719742732722	0.5342233541025334	0.7046447105999523
g1356	229.6735618140357	0.5727867380594526	0.20390070248625347	2.8091454863823655	0.004967319342782232	0.0265460818857545
g1357	1593.228159808042	0.28627865268013625	0.10911449148972052	2.6236538224357306	0.008699215331640545	0.04084519636435703
g1358	25.2205119898656	1.2918010433744307	0.5203175470258827	2.4827166616969216	0.013038475035122716	0.05462846088522559
g1359	799.4475923537999	0.07954905609949314	0.11864967064946422	0.6704532398957178	0.502568905290868	0.6782973248026551
g136	1236.7869610611901	0.197299755385536	0.22572102544303282	0.8740867404721687	0.3820710178698906	0.5716678923736968
g1360	2082.364775701125	0.0142577746177928	0.138032714716314	0.10329272047641386	0.9177306529350213	0.9580844067560026
g1361	777.0643822124903	-0.2677324754503244	0.15272981395915894	-1.7529810880403354	0.07960525337886605	0.19615524249687946
g1362	453.3297482276541	-0.05174567349880973	0.151311558826521	-0.3419809689366577	0.7323652143394873	0.8454674875020075
g1363	507.9739171185672	0.08394158445781771	0.1383441503109258	0.6067591890886649	0.544010735507567	0.7143097483621096
g1364	992.1736388860996	0.02115015295284485	0.12624089878027903	0.1675380416108766	0.8669467176306288	0.9300234132910513
g1365	595.6381033244043	-0.25147363468206496	0.12628129184201467	-1.991376798684268	0.046439478006263774	0.1364272602907749
g1366	310.54640555203224	0.1353363383781762	0.1816824220021481	0.7449060667882118	0.45632850732276053	0.640902497805172
g1367	90.74818907635155	0.6290304284981426	0.3482279524864985	1.8063754618392716	0.07085971179918618	0.182093541213021
g1368	561.1030039584365	-0.27586391147625633	0.13505056540500782	-2.0426712813008856	0.0410849895817009	0.12497649933192659
g1369	320.19261229267556	0.5219224015412124	0.18494029197006753	2.8221129964782645	0.004770836432269671	0.025876504378493825
g137	426.7516471923598	-0.14376520243794616	0.21170922387409252	-0.6790691487464242	0.4970940492108199	0.6742831605356971
g1370	526.1610257454666	0.20078584969779498	0.1432606013734275	1.401542697523797	0.16105184878480083	0.3204906321363327
g1371	81.07935483732531	1.0199606666564203	0.2908004952160245	3.50742410496492	0.00045246740002215935	0.0041073101618828425
g1372	407.96873494302054	-0.20988385471901155	0.14399005560978087	-1.4576274301039627	0.14494326466570073	0.2976935930973995
g1373	685.2374481751293	-0.23755797136321663	0.1285181838057813	-1.8484385970021018	0.06453891946588369	0.17073189977835385
g1374	791.8214754512743	-0.11445116924524339	0.1388428512190137	-0.8243216574737842	0.4097568159572691	0.5973865962635782
g1375	305.4191045574327	0.11892230539477858	0.15994185540386746	0.7435346119656367	0.4571580744450231	0.6413124232738618
g1376	2428.3984615437753	-0.37615645501246514	0.10633006146520654	-3.537630373095867	0.0004037348122083249	0.0037632072002133986
g1377	1292.8966346959457	0.03372017699450832	0.10886817657393955	0.30973401094494063	0.7567632367907587	0.8589239984621511
g1378	188.53960933865866	0.03681230887176871	0.20915572940736507	0.17600430538563303	0.8602905600417414	0.9267491290733348
g1379	5539.860122433172	-0.13655844796472438	0.0827031556783382	-1.651187876020698	0.0987002179620002	0.22760740550186362
g138	850.1012518046654	0.20814556593060918	0.14048473256788435	1.4816241033881037	0.13844034188781001	0.28825829598813174
g1380	210.39639023434725	0.19189088030708887	0.20097984220816453	0.9547767487464649	0.339690608037449	0.5290148701903341
g1381	556.8710738747619	0.12794874966298778	0.16292558116697897	0.7853201980102549	0.4322658563758468	0.6197507055901336
g1382	503.435525942834	-0.3967155165560778	0.16888264840392916	-2.349060251632387	0.018820860999829478	0.07148874271284608
g1383	276.24355812337586	0.22197806248450036	0.1903241385878798	1.166315865824895	0.24348676076891118	0.43011816654311635
g1384	2195.9759468193265	-0.07361129453055955	0.10184624988265865	-0.722768826690921	0.4698219223113326	0.6520506458548826
g1385	251.3050093209733	0.16622716416489636	0.2047330213881355	0.8119216091172745	0.4168366141091726	0.6038250584478531
g1386	932.8031269382591	-0.07257527098220143	0.12458852616086354	-0.5825197007988941	0.5602166754579546	0.7260755224938642
g1387	2082.6691651690494	-0.143916339383552	0.11662186489212112	-1.23404251438338	0.2171870625246234	0.39750346435349304
g1388	563.0770656921035	-0.0735178856414927	0.13380287007193617	-0.5494492427701096	0.5826971883930678	0.7420848721710053
g1389	1536.5179240662437	-0.38343241524566435	0.1028830565002269	-3.7268762057513203	0.00019386761771335512	0.0021525007554938696
g139	1037.4681529776183	0.07587536204116753	0.11091529815906088	0.6840838306394539	0.49392223154740145	0.6731636375251033
g1390	699.990901484333	0.2276104902025249	0.12691881442990022	1.793354998034895	0.07291617847118124	0.18560928774693808
g1391	502.23009638751887	0.3299012213176733	0.1857562688543074	1.775989706040133	0.07573461384906191	0.18983942050478667
g1392	479.20004320784096	0.08963468528834796	0.18216735952769203	0.49204580623414157	0.6226869620962463	0.7699453920449819
g1393	237.83029651903567	1.102278946150003	0.19473853474283478	5.660302146186095	1.5110671186995278e-08	8.034194891677067e-07
g1394	5008.018929770776	-0.37782315928976057	0.12335943965071118	-3.062782713342054	0.002192892253868237	0.01422180221672767
g1395	203.4232143311981	0.8208724226609591	0.18656102856088977	4.400020888569676	1.0824045838193569e-05	0.00021171384994394155
g1396	609.7594914037186	0.3757380630024861	0.1403138772803142	2.6778396427022653	0.0074098684207513895	0.03623348871546178
g1397	115.23326151987006	0.8032113809307362	0.38851819669721527	2.067371329731319	0.038699177653239915	0.11925664950284137
g1398	2500.183384040463	-0.2180761101932718	0.09083815300034813	-2.400710527353369	0.016363275117830218	0.0642497484558344
g1399	2051.4465394766075	0.4962704092165188	0.18051432118646843	2.7492024231356105	0.005974048018200898	0.03051695706185168
g14	485.1461240716921	0.6390446053555456	0.19919131945895563	3.2081950513271438	0.0013357087653143621	0.00994347085756179
g140	2283.3611027418196	-0.4180524497199731	0.10751916626185988	-3.8881667729995057	0.0001010042187688753	0.0012969079110629396
g1400	256.7299011703623	0.04813352753840085	0.18160353726218167	0.2650473017434143	0.7909730229095118	0.8815834548223818
g1401	209.1284356691467	-0.5348909391815089	0.21678326701923087	-2.467399567024971	0.01360983944533783	0.05639642580257992
g1402	408.3328734515699	-0.10082061383282385	0.16774354191842747	-0.6010402110255442	0.5478132041054926	0.7170578521145058
g1403	2214.2422350969523	-0.48367800498662106	0.11004697189482468	-4.39519594822552	1.1067287505327335e-05	0.00021425133503902917
g1404	3021.706286240606	0.11891328898901057	0.1281210348556186	0.9281324422879946	0.35333887284926235	0.5431002626245788
g1405	1256.3159996729935	-0.014304526847461719	0.109348487652166	-0.1308159550680203	0.8959209011419698	0.9471020447524323
g1406	1491.0562123897587	-0.5826848447266765	0.12131760295298198	-4.802970307223286	1.5632907505196768e-06	4.0699466091115726e-05
g1407	692.9372989087647	-0.2713576404826167	0.12237630749019983	-2.2174034014251296	0.026595537491746365	0.09094035691244795
g1408	146.90912855307815	0.06439887720336207	0.23110192017216866	0.27866006978819363	0.7805057087702918	0.8743214998396656
g1409	422.99565387242865	0.14749540526751778	0.16728469154867087	0.8817029454521516	0.3779374677661841	0.567056415269215
g141	404.70308973759455	0.1289588610078061	0.16499850945281908	0.7815759150520178	0.43446384597787946	0.6213942991270204
g1410	1082.0231995614663	0.16626724164867326	0.1147867816070848	1.4484877032079015	0.1474807025742355	0.30159244432163546
g1411	174.07419520169682	0.11672573092627865	0.2196930446222276	0.5313128193338755	0.5952020234680173	0.7502853593542307
g1412	952.854442507531	-0.0637327576313678	0.11336978727677247	-0.5621670390522605	0.5740022162857563	0.7367760511658381
g1413	71.94524572554417	0.36526658714239263	0.351160943171494	1.0401686014495353	0.2982615763060018	0.4863660693542794
g1414	63.01096470676851	0.6064471930104983	0.3243818440018972	1.8695472765329968	0.06154671265522598	0.1648945565356047
g1415	2888.461552155937	-0.3894259579042512	0.10097272282808928	-3.8567441482910874	0.00011490732316536742	0.0014327616663692734
g1416	1023.5426415868534	-0.47797221441501175	0.13847506985665423	-3.45168422669724	0.0005570992944431941	0.004890813573309437
g1417	460.2642906664424	-0.011230666295475304	0.14636938260783894	-0.07672824804874073	0.9388397320836694	0.9676324768400298
g1418	202.94367473646136	0.33563923171712046	0.21149340143389947	1.5869962345942115	0.11251349743610839	0.24913172038883097
g1419	375.5052635963712	-0.11307856388587509	0.16423117789168543	-0.6885328677387509	0.49111727982775244	0.6712410323496617
g142	1179.4241438353247	-0.013006582305783063	0.11497843909672086	-0.11312192449265912	0.9099338933266445	0.9539018181916366
g1420	338.9657486428827	-0.43884889239875274	0.16768714592655043	-2.6170693643445717	0.008868831681442865	0.04148679008357722
g1421	830.3798161352007	0.3363169413128088	0.1424275879359427	2.3613188019730313	0.018210068543594478	0.0698607812521028
g1422	2029.7122897133183	-0.22328231309111252	0.11638625288672858	-1.918459504907501	0.055052772126936565	0.1531497529691861
g1423	557.6876444577025	-0.5198176949179619	0.16828332608752922	-3.088943551350947	0.002008696009366492	0.013456524434376784
g1424	1691.1354512587989	-0.013768585297917075	0.1010115584544303	-0.1363070277163236	0.8915785684250676	0.944362821494004
g1425	717.9805105331569	-0.173003096881478	0.16027715117244062	-1.0793996250616262	0.28040961801729536	0.47068496677054145
g1426	1531.4557840780137	0.1566626522782047	0.11600880337738684	1.3504376195362287	0.17687565058190846	0.3413075670595003
g1427	325.4820349074919	-0.46921371926948163	0.1721689738296251	-2.7253093796900125	0.006424125957038062	0.032334767317091576
g1428	1629.2722997164817	-0.27342413002944144	0.1129914468919618	-2.419865729225322	0.015526238900915191	0.06208850831668945
g1429	170.50521093062346	0.22762351648696755	0.23435507364665611	0.9712762473841811	0.331410733623587	0.5197654837677776
g143	760.7120107697966	0.27712874945331495	0.13346090829980606	2.0764788205305336	0.03784968797730108	0.11750211522558518
g1430	194.7684456115768	-0.1011310439716168	0.18478597425063056	-0.5472874463645702	0.5841812670338871	0.7427700515503279
g1431	1335.3444375685729	-0.3018860653035804	0.12495945078818299	-2.415872216142365	0.015697569201795512	0.06264093418264065
g1432	479.0757862024777	-0.048995975667337606	0.1356408443670822	-0.3612184507989403	0.7179361502502639	0.8379388484188109
g1433	299.4089297892244	-0.07471659756723258	0.1817853491746476	-0.4110155076108455	0.6810611635924042	0.8102760455598254
g1434	660.4447079575241	0.16108196300043834	0.17570984010631965	0.9167498126625682	0.3592737569624963	0.5495374524041424
g1435	519.3077052143893	0.04029135663180376	0.1445993746042468	0.2786412924819139	0.7805201203866683	0.8743214998396656
g1436	2227.9044526456737	0.6212562836807243	0.10887506393251471	5.706139323746388	1.1556741381488294e-08	6.415690987517399e-07
g1437	608.4782718422383	0.5732207548683043	0.20633289645729075	2.778135550416006	0.005467180576757285	0.02846704369277069
g1438	1189.2971626489693	-0.1833029578077489	0.1209209258559161	-1.5158911206664463	0.1295468859054651	0.2761374897194414
g1439	2775.308822488349	0.7957906424486687	0.16193597811126598	4.914230004538473	8.913206281408707e-07	2.5685002833830432e-05
g144	870.3634960961111	-0.026705752598428716	0.15493686104037616	-0.17236539077340196	0.8631502790908748	0.9277882413348669
g1440	886.969210253265	0.9321346384549346	0.18665300044242228	4.99394403650358	5.91585466932845e-07	1.8271722658176977e-05
g1441	500.7667662440417	-0.11660784161630386	0.18296903749693635	-0.6373091491955646	0.5239234925961336	0.6965261356863208
g1442	671.0605994969952	0.9014626559138813	0.19875829062750294	4.535471969837633	5.747481149090917e-06	0.0001225804595356961
g1443	63.935332837213245	0.2670032154919799	0.40632919851287813	0.6571105804583658	0.5111098161876787	0.6851702969135253
g1444	679.8595287235607	-0.0610253920193546	0.12604863346001174	-0.48414163917702907	0.6282853518884021	0.7738261674971347
g1445	3441.70552779093	-0.04703230129134154	0.08785813944426543	-0.5353209342792584	0.5924279528874271	0.748005410474301
g1446	757.8529581617777	0.27071235054595255	0.132074699851227	2.0496912039239255	0.040394573918460255	0.12327365929036982
g1447	4250.795635900564	-0.19638126594193642	0.18052289512814484	-1.0878468673047508	0.2766627154302159	0.4668069143298587
g1448	8598.331912613457	-0.48289362214135245	0.12216182543081383	-3.9529011656332735	7.720933373115979e-05	0.001040947267268315
g1449	1323.3946957641263	0.3210208279842748	0.17782264020313293	1.8052865912774752	0.07102984678684085	0.1824065793335539
g145	348.17848932491944	-0.19843440391378175	0.1850951859183286	-1.0720668013555952	0.2836900289345312	0.47225904688669557
g1450	2427.564864084307	0.08592974570205375	0.11224763812452361	0.7655372276673321	0.4439517072754272	0.6298074764993377
g1451	854.8536869629908	0.3401666309103798	0.17451347295756872	1.9492284758615062	0.051268145751115685	0.14628665926716683
g1452	547.9974523885359	0.5069024701645987	0.13803622549355224	3.6722423287956127	0.00024043152805890605	0.0025211917178399176
g1453	937.5406280646716	0.13534303255681873	0.1383048688790734	0.9785847284606853	0.32778520801190547	0.515793730823236
g1454	2711.8822987716403	0.20508464589294198	0.09071613263933734	2.2607295960058473	0.023776006605077504	0.08411848634879811
g1455	805.2326146325878	-0.07832029384054798	0.1256979005294402	-0.6230835480199949	0.5332296203945734	0.703579803211994
g1456	2241.125551327809	0.1411081534063334	0.10356261840102243	1.3625394527968049	0.17302770208068685	0.3354800078862829
g1457	872.6962015851004	-0.38983897342100016	0.12126592958538877	-3.2147444443288338	0.0013056069952748271	0.00975973545972767
g1458	3702.3503528219608	0.08008963658222637	0.09693698206961786	0.8262031153879732	0.4086888812964452	0.5968280568255632
g1459	3699.9867700051454	0.08025005502606627	0.09700393867489877	0.8272865630231587	0.4080746579565345	0.5964964989656967
g146	3400.623912102745	0.021019215330793595	0.10163537281729144	0.20681003816043023	0.8361582163115756	0.9101779892088229
g1460	333.4443377594395	0.2706657916361799	0.17168231370461448	1.5765502327855971	0.11489905171191894	0.2526173093840967
g1461	1572.3732043120333	-0.1552067397932327	0.10867430846279957	-1.4281824470625613	0.15323935152409288	0.30934681925318214
g1462	31.02442546988934	0.36687701060289596	0.5484347732972162	0.6689528608793599	0.5035255485390385	0.678371745993052
g1463	201.14269558382853	-0.1779192857637155	0.21588597227851788	-0.8241354632073038	0.4098625918735542	0.5973865962635782
g1464	4271.227125055134	0.009681472840825812	0.0995208914014184	0.09728080912956763	0.9225033958045342	0.9600251990860245
g1465	252.31312186760417	0.24145680291699417	0.21093792261811783	1.1446818093213507	0.2523409894729213	0.43979096734084844
g1466	1265.2691102407734	-0.08515539862835804	0.116463948791992	-0.7311738912480811	0.4646729454425159	0.6465685105217462
g1467	1972.2418819587112	0.3765177433251195	0.1060332464180284	3.550940445987342	0.00038385726435171525	0.0036226529323193125
g1468	2252.347195781767	-0.061107893309955	0.10106509385112898	-0.604638960707524	0.5454189134846625	0.7157070455417424
g1469	981.27711884996	0.051584520358353814	0.13340874342094353	0.38666521425503275	0.699004071819257	0.8246890863988902
g147	420.8778036239684	0.12343923224818183	0.15379037164710568	0.8026460364594934	0.42217935160975717	0.6089900849548465
g1470	484.9802602748823	0.24728109480116833	0.17244735768937905	1.4339511959735771	0.15158619053343209	0.3070693929345654
g1471	656.6977605613082	-0.18929872884217716	0.1282289631469031	-1.476255630526394	0.13987528039021443	0.29028542247007116
g1472	4429.64915059624	0.10229377994541775	0.09630195540567449	1.0622191368233649	0.2881362141504328	0.4758154892466683
g1473	1439.7376201005106	-0.018497864788685058	0.11370501663965146	-0.1626829258317389	0.8707680910998061	0.931995901304726
g1474	1639.0801713699532	-0.20556226001832797	0.10382841054062247	-1.9798267058889676	0.0477230044392745	0.13868694515647517
g1475	115.94779043121571	-0.15402098293249902	0.2883749033852225	-0.5340998163309371	0.5932724768236228	0.748530614976329
g1476	429.0911444908297	0.05460597430102369	0.18533049165575916	0.29464106965437276	0.7682680850945457	0.8672882838612171
g1477	1786.8312599855487	-0.19836284612056476	0.1160198436193831	-1.7097320590373977	0.08731543157835128	0.2090908925607142
g1478	819.8331537696213	-0.09539631074143157	0.12886871306881584	-0.7402596679186978	0.45914244854064745	0.6425527865729495
g1479	2187.349676202317	-0.4395102291403603	0.10563303165092662	-4.160727210715294	3.1723582798276484e-05	0.000513976502418428
g148	331.4418168030332	-0.08089860011003369	0.17175178841683403	-0.4710204234595587	0.6376261502831897	0.7805217210622305
g1480	2052.8870777645634	-0.43573909311758924	0.1084077070892203	-4.019447554212847	5.8334765037980524e-05	0.000843730797005274
g1481	307.2409857429445	-0.021758168875863005	0.16927727637571388	-0.12853567437823354	0.8977250682888465	0.9482159379708532
g1482	313.81517355112993	0.1465362002536101	0.1608559554284522	0.9109777742658	0.3623070844423737	0.5528331623969122
g1483	1488.4844974369305	0.06123824639976806	0.10315190339907652	0.5936705420049118	0.5527324894517653	0.7210689097797719
g1484	597.92329995828	0.0840783058589257	0.14112102233173354	0.5957886675543111	0.5513164152477021	0.7203944159086451
g1485	554.7326362961669	-0.11419401662546097	0.1318139732459483	-0.8663270957805763	0.38631081128057587	0.5766402975817215
g1486	4384.71223949206	-0.16949513840021457	0.09516125925119187	-1.7811359342440782	0.07489024660803631	0.18853219351633063
g1487	748.2974713839361	0.05096915724908295	0.12051049122183091	0.42294373487583714	0.6723363127039415	0.8047145150467276
g1488	228.60956809669992	0.5817690887973564	0.1886854249447706	3.0832751865579646	0.0020473573634764777	0.013655077821773328
g1489	462.2782325528946	0.9454859883330204	0.1690936053747744	5.591494641311074	2.2512324342006223e-08	1.1484327620415338e-06
g149	1348.8645143551014	-0.39475497364512613	0.10657646634040735	-3.7039600504699686	0.00021225970028814563	0.002309165327342218
g1490	1665.2857896750945	0.23252833400154582	0.09973285666008697	2.3315118185580213	0.019726387613778495	0.07365688747973671
g1491	191.9559797046037	-0.510998762236687	0.2475520351681604	-2.064207478195722	0.03899804878534324	0.11978652088256365
g1492	220.59785938153996	-0.4935016382049748	0.20374403516336	-2.4221648393745117	0.015428350344707738	0.061828049417485896
g1493	547.163479843295	-0.19028128983863846	0.13765118222784162	-1.38234402900865	0.1668660930247885	0.32876800687295227
g1494	1234.5060479407693	-0.06108740996477014	0.11122622409171116	-0.5492176909143364	0.5828560651621273	0.7420848721710053
g1495	459.93395356584307	-0.3350105433458352	0.15569399242041654	-2.151724277460974	0.031419076860048994	0.10331621528456877
g1496	195.23462731193686	0.19338225693585254	0.21271677975582212	0.9091067341177141	0.3632937883027022	0.5538909736844511
g1497	184.62530587665492	0.29839221580836844	0.21790048624909808	1.369396741351253	0.17087529232335785	0.3337062744545659
g1498	937.741650114288	-0.4164970750039076	0.12163977731107713	-3.4240203674392893	0.0006170199633428931	0.005305809479770892
g1499	2374.483806420951	-0.06606865982792107	0.09841985190370536	-0.6712940382450797	0.502033231826188	0.6782973248026551
g15	540.2687611726931	0.6347647789013585	0.1962401068916216	3.2346332712299373	0.0012179906279247445	0.00919582924083182
g150	1303.7047383882386	-0.06955238187037222	0.10179976144850703	-0.6832273561422206	0.494463189031235	0.6731636375251033
g1500	441.4962728852585	-0.532045432621918	0.14182988987715164	-3.751292714693342	0.00017592516544945167	0.001988375747220599
g1501	244.9524301212341	0.9195942533967145	0.17467860668365576	5.26449272097817	1.405769689825573e-07	5.360384423324786e-06
g1502	143.81015147048734	1.029960843338466	0.23662449974961758	4.352722750299784	1.3445714492695268e-05	0.0002500373015267223
g1503	2801.557784734574	-0.03796563841281047	0.11446704679878213	-0.3316730838662154	0.7401361272002033	0.8494088449989844
g1504	192.00964491568712	-0.010495923230210008	0.20725349975306168	-0.05064292396854908	0.9596100583083379	0.9798040064763395
g1505	388.35271697508523	0.94205629753143	0.5340436802892125	1.7640060772206079	0.07773095602649108	0.1936270519085427
g1506	256.4270129476516	0.09085575729792508	0.19709376270327705	0.4609773340960953	0.6448148668428788	0.7857250233479236
g1507	715.2824561880262	0.14888996163734894	0.12593370362931483	1.1822884370621365	0.2370912720257814	0.42237826894635433
g1508	388.24668213283707	-0.08243884848174776	0.16878224955340193	-0.48843316580908874	0.6252430547416217	0.7715444811283674
g1509	592.7684013955196	0.08414609151316066	0.12341559477951841	0.681810849459401	0.49535856300336045	0.6731636375251033
g151	349.3810756703709	-0.03409902592059184	0.15613467770140985	-0.21839495506438628	0.8271213959521445	0.9042689963613587
g1510	491.9476518066122	-0.18222622160535712	0.15378257929240904	-1.1849601069498519	0.23603322025916196	0.42128860826398884
g1511	317.0448473219158	-0.1608238148585266	0.16259655862111924	-0.9890972860826442	0.3226155453228299	0.5099973549387281
g1512	959.6272828645684	-0.15494989058676897	0.12822580874205405	-1.208414219468676	0.22688797299184948	0.41020215423574324
g1513	2000.6846758467937	-0.09660819179890723	0.10838862307415999	-0.8913130276856406	0.3727612615442266	0.5628425548879328
g1514	2803.24417535369	-0.27184882889497003	0.11689887938150298	-2.325504147972054	0.02004501837558203	0.0745516693279036
g1515	158.37234634066598	0.06472324789596681	0.23631076391643413	0.27389039256313646	0.7841688550046721	0.8755395015797989
g1516	1104.8539391820539	0.14037213937375226	0.14357554512471912	0.9776883608682511	0.3282284800593557	0.5162760467600283
g1517	67.14270425182572	0.4247887016637589	0.3982412929959703	1.0666616173025967	0.28612466532445213	0.47401533088906117
g1518	721.9740408823805	-0.1456081321072679	0.17508351348654286	-0.8316495894312718	0.4056067626074302	0.5939354262385761
g1519	148.23837942992483	0.7510313908255247	0.24134053136834138	3.1119157091739282	0.001858775637469668	0.012875005562289902
g152	480.4863895880933	-0.23545272009614765	0.15430076813220825	-1.5259335578576425	0.12702641229007117	0.2719935940981388
g1520	591.3913031741636	0.15654525018399887	0.14547433567509221	1.0761021829557127	0.281881559496424	0.47174161997854136
g1521	1537.4306623588552	-0.4836482682280301	0.11091445139958472	-4.360552318702096	1.2973455657488599e-05	0.0002461044980252234
g1522	520.4156224903626	0.1916884074046251	0.13305882089047516	1.440629085105224	0.14968949895664324	0.30446005310416396
g1523	335.28876434644377	-0.04250984901764813	0.21451590373566579	-0.19816642159096182	0.8429148581694322	0.9143688475832203
g1524	129.35793007799853	0.03506473674754245	0.2376942429273765	0.14752034511099157	0.8827213223318121	0.9398705451295354
g1525	3612.448800295729	0.49790629837319733	0.12096753692114767	4.116032375675765	3.854501857929883e-05	0.000611375819902744
g1526	1009.4523302923538	-0.003514942444818326	0.1212323122359183	-0.02899344555911993	0.9768698180844371	0.9878605848563488
g1527	771.5162798797332	-0.1790423782815328	0.14919884370287717	-1.2000252403972225	0.23012953792554414	0.41348834158444986
g1528	251.1731837050655	0.14880187407114706	0.1804810185251611	0.8244738160672691	0.40967038756915786	0.5973865962635782
g1529	488.5335330366706	-0.13916559464747938	0.15894883801520285	-0.8755370368556499	0.38128176724164575	0.5707131924414007
g153	406.1164742279511	-0.17343651641784458	0.14731395365265276	-1.1773257869840723	0.23906549823098933	0.4247766053736423
g1530	125.17180552819768	-0.03169490719115277	0.273804270934064	-0.11575753396040106	0.9078447071766944	0.9527700221273343
g1531	913.5113446282702	-0.004828382286472977	0.1339018528924942	-0.03605911480813892	0.9712352227671377	0.9845362421981593
g1532	290.45361082539563	0.23220489699809843	0.18115907167710593	1.281773498000561	0.19992211352567235	0.3741725228356039
g1533	289.2389092761737	-0.034381587815812936	0.16089861671747094	-0.2136847942961816	0.8307928698672828	0.9066906862529612
g1534	131.60694857772128	-0.09839443829865906	0.22530363499432238	-0.4367192668735175	0.6623149546924323	0.7981195274290778
g1535	691.3842603929073	-0.2961936668733269	0.1415328850514079	-2.0927550990410655	0.03637102189813509	0.11444972860155217
g1536	178.2629138310921	-0.22173248717286764	0.2229315652908323	-0.9946213174594617	0.3199204755194245	0.5065854845158672
g1537	976.3492992915544	-0.07540910141694486	0.12385898206752288	-0.6088303016719036	0.542636926401565	0.7134985709390135
g1538	4020.6625564914034	-0.1166346772120491	0.10967324120123126	-1.0634743346195525	0.28756689822474646	0.47529117372960505
g1539	1870.8006447049931	-0.12804516183519832	0.10158367299871039	-1.2604895851405553	0.20749280263045933	0.38493238587957634
g154	5534.888278147154	-0.010213008040421074	0.08200650722093605	-0.1245389955812399	0.9008885266883141	0.9496560174575045
g1540	883.8962768330845	0.03831597226963249	0.1381123062771894	0.27742619975321303	0.7814528663471995	0.8745038396444287
g1541	1165.4138521530945	0.13443485641869646	0.10687802377029545	1.2578344141881472	0.2084516468959584	0.3860458583133825
g1542	2751.619663841215	-0.30944746824349684	0.10074459173989637	-3.0716037744480826	0.0021291214059503526	0.014026934218957385
g1543	300.93023381772826	-0.1723766807458388	0.18014557464796452	-0.9568743561016835	0.3386306760654596	0.528017679532057
g1544	526.9839548189781	-0.08328213872692188	0.13493575441108566	-0.6171984518884479	0.5371038367245047	0.7069619887151343
g1545	774.209505452871	-0.5369962439098448	0.13455506676993906	-3.990903180390789	6.582214917211395e-05	0.000923712316448811
g1546	489.0644001428411	-0.27477644322942046	0.159492517631259	-1.7228171409563788	0.08492159803840685	0.20576317881578038
g1547	1088.77556752342	-0.21570216417070773	0.11915304890105086	-1.8102949623205602	0.0702500578637431	0.18077298461869815
g1548	724.6492834714221	0.009239265214417229	0.117541775288012	0.07860409791989532	0.93734752795818	0.9672303629200933
g1549	1203.0109926164628	-0.5690792975594473	0.15056507761695756	-3.779623446329324	0.00015706570886619937	0.0018132203393575004
g155	964.5651611491525	0.9591366812547444	0.13372583365856971	7.172411306132686	7.368815556370727e-13	1.3246323202523568e-10
g1550	870.8339526010337	-0.8672548024035309	0.12601046690651357	-6.8824028963160835	5.885128098320428e-12	8.544753296599851e-10
g1552	32500.651438474553	-0.147857717315759	0.08226931107236433	-1.7972402514189394	0.07229748698184485	0.18453212532553367
g1554	409.06916001938276	0.06846109472163425	0.19811846619099532	0.3455563534175285	0.7296761522991584	0.8439116038386406
g1555	2157.022610197108	0.6727005334113889	0.16485459484986964	4.080568903911997	4.492560892003643e-05	0.0006821030864306741
g1556	616.9511743248167	0.180329794325644	0.15664986569940528	1.151164691527269	0.24966448804152774	0.43665803696237304
g1557	862.6338496367853	-0.14811359569781676	0.1219494511483128	-1.2145490963930912	0.224538113598453	0.40830027882184977
g1558	288.90820055303226	-0.02043981974077863	0.2190328276057775	-0.09331852199601282	0.9256505178647217	0.961565961733441
g1559	261.78943420098955	0.327577283561926	0.21282176788155202	1.5392094841738286	0.1237531629861315	0.2667870889396476
g156	285.0684426204316	0.43056063644889137	0.17118403074239497	2.515191601585882	0.01189677098434186	0.05109250337416442
g1560	1025.1210076303835	-0.009404561562234496	0.14745382296815296	-0.06377970657475385	0.9491456371613726	0.9730059397774555
g1561	64.20688565107179	0.21125327687141393	0.35567141337474484	0.5939563004711651	0.5525413413774375	0.7210689097797719
g1562	213.69026095439895	-0.06842052663294787	0.1933462542191947	-0.35387562541232476	0.7234320946831105	0.8415889545234954
g1563	277.73708504033215	0.09589320562770678	0.2523782082289565	0.3799583422856891	0.7039763382409636	0.8276694479279684
g1564	259.22588685191016	0.058821547007998354	0.1778428101661037	0.3307502111165445	0.7408331718000603	0.8494088449989844
g1565	420.4747594971081	0.0026614784167911516	0.1994184415551579	0.013346200060715066	0.9893515891448054	0.9943562963316401
g1566	135.55777344658102	0.32915945601937224	0.27418926808682004	1.2004826385660956	0.22995195136238344	0.41338086401838864
g1567	377.3271459858618	1.0015748710684451	0.5244638494269296	1.9097119318382851	0.05617031383547501	0.15576853983559388
g1568	116.77879534036451	-0.23087593143516993	0.23497321245393682	-0.9825627739605844	0.3258226734151214	0.5133474925467794
g1569	28.163036083279863	0.7321278063758441	0.4576171213001221	1.5998697869865925	0.10962747308064635	0.24502291940760212
g157	840.9968690538966	0.004047679406843689	0.11998447137131625	0.033735027212957625	0.9730884471833317	0.9856208446785826
g1570	4632.847335090365	0.7221897655830627	0.20045119093498093	3.602821026976661	0.0003147822726421537	0.003135364325129631
g1571	17.822011914921113	0.011589576940315647	0.6516753281081202	0.017784280669273407	0.9858109449868419	0.9931775600014219
g1572	69.43526048574972	0.495342946317463	0.3050410919390898	1.623856455432478	0.10440644782720872	0.23786019345064147
g1573	112.76399830630578	1.662407834405438	0.8564490924806434	1.9410468748240401	0.05225259196064974	0.14841256404476583
g1575	16.333537107761305	0.31703104701949186	0.654018221018356	0.4847434472480758	0.6278583429600135	0.7735526255463613
g1576	93.17004133411915	0.40191120142610776	0.38271761310874686	1.0501507839199111	0.2936487931790648	0.4815483033236184
g1577	57.41161829652183	-0.034687614692323926	0.3636748823108405	-0.09538083705950222	0.9240123364882875	0.9606572762994451
g158	2789.859386927026	-0.27541689028197336	0.12153805267917683	-2.266095960982602	0.02344550849631955	0.08326133073716491
g1584	113.11207502592053	1.429730852900286	0.5020359078100194	2.8478657216712975	0.004401349086005234	0.02454223456376626
g1585	452.60648030633143	1.2166296969950636	0.6486410151596502	1.8756595228496522	0.06070204737266376	0.16344524167746483
g1586	10.733894807702145	0.8675875051181822	0.7777660128477806	1.1154865226644726	0.2646419906594554	0.4547216726169522
g159	833.7723973184887	-0.3944243020148348	0.11305659490098963	-3.488733252228723	0.0004853151912323749	0.004358679032415341
g1591	17.5308871297296	0.1126896042836401	0.6043075606830999	0.18647723711458702	0.8520705279200569	0.92033368895514
g1592	347.8730080290713	1.1317439938284284	0.5968494348051843	1.8961968091631642	0.05793402496469385	0.1585938681955905
g1597	22.157719374273483	0.03177152691997197	0.7438670853478025	0.04271129553355203	0.9659316752539726	0.9817928833516222
g16	3060.9922209242795	0.6194115637217176	0.35257181228634593	1.7568380174948703	0.07894542297707298	0.19516632071935197
g160	2686.066747857922	-0.3119128248628767	0.11024045420576857	-2.8293862458211385	0.004663737607378761	0.025515376040369308
g1608	13.014881252925088	1.0662467404745672	0.7999075916139075	1.3329623967229631	0.18254414422530219	0.3485605181843782
g161	573.6176237206854	-0.45639263325866536	0.18425066979872465	-2.477020212503045	0.01324843989624456	0.05538522769471009
g1610	142.3571178486135	1.2514424939005924	0.43646898797059275	2.8671968189980745	0.0041412537942010046	0.02357953706351251
g1611	9.95263172493938	-0.1747288285584197	0.851313977701441	-0.20524604685828118	0.8373798949588969	0.910484250215719
g162	266.8568563795745	0.7269589251526822	0.16698662098004483	4.35339622351874	1.340445632704541e-05	0.0002500373015267223
g1623	30.372419470490176	2.0763127108876818	0.6837136891269802	3.0368160589835234	0.002390913072411587	0.015295254100339266
g1626	36.03246586318415	1.0199628644173078	0.5707944222492477	1.7869180648228595	0.07395073232036774	0.1873583989995894
g1627	19.49861300786037	0.2344817682888993	0.5538701859774835	0.42335148961860114	0.6720388325349906	0.804613572096286
g1628	40.924331323669215	2.6438293187885304	0.738360760725804	3.5806741899307633	0.00034270878124761277	0.003351620852874969
g1629	83.97106443151655	1.1435138001167413	0.49153559547216774	2.326410967283631	0.019996637106647848	0.07444507404102133
g163	531.7102078531924	1.1120690219556097	0.21484939510780518	5.1760398087116135	2.2664511809863766e-07	7.922086303910714e-06
g1634	16.07165018253222	-0.033126279241305207	0.59702761162337	-0.05548533869519363	0.95575180998271	0.97735465976875
g1637	1201.5412673629937	0.6989541084475221	0.2193576074701855	3.186368216304156	0.0014407110639971564	0.010540085787963694
g1638	25.49095890121399	1.6225330680113947	0.6986808386164868	2.3222807587285503	0.02021782291575038	0.07489919676835888
g164	5734.444493467687	0.34064589083567026	0.11950648002019561	2.8504386605488166	0.004365897054297608	0.024489244249589107
g1648	34.23767910006017	1.5707752848744367	0.7230385491561572	2.172464091586341	0.02982067528699889	0.09909599402149719
g165	1201.0239982451503	-0.0004180355056231478	0.1108337998692542	-0.0037717330463837395	0.9969905995700956	0.9983128682697908
g1651	512.2160870325624	0.3028389465749404	0.1593259779353845	1.9007505900748867	0.057334688686507165	0.157690742082775
g1652	140.96170370926347	1.022606104333492	0.26516933169623635	3.8564267511332506	0.00011505655367762972	0.0014327616663692734
g1653	1244.4253230059494	0.27448027472893227	0.14720148996309532	1.8646569052918338	0.062229510963831454	0.16601865999184715
g1654	158.89312587311304	0.8597263025431119	0.21611414631058015	3.9781121098273187	6.946461932751309e-05	0.0009640769777991247
g1655	151.64225316664462	0.8817839880854862	0.29105072910205637	3.029657375557683	0.0024483131141312168	0.015585804394342906
g1656	303.17973998462793	0.15581857579028852	0.17319741882245188	0.899658764256881	0.3683018741739219	0.55725033066395
g1657	115.68758640437137	0.7209102174567404	0.27634453117148167	2.608737051537271	0.009087704376989804	0.04214506636748957
g1658	1505.0803342785032	0.07286327924868914	0.09785836836345588	0.7445789304198037	0.45652630903261127	0.640902497805172
g1659	92.32309302184387	0.17249061650401543	0.28600898463619734	0.6030950976012975	0.5464454275665243	0.7157638754558047
g166	838.3186727206016	-0.1903059197338819	0.13187008378811216	-1.443131863324391	0.1489833289864398	0.304006522661519
g1660	184.4515077132928	0.7628798267902706	0.2446295287790267	3.1185107971138604	0.0018176748198124315	0.012642219872683182
g1661	1689.7748894409522	0.32847595770667837	0.12966073192793542	2.533349556357919	0.01129782256105066	0.04947712316469402
g1662	6167.7652592431705	0.39780124835264113	0.07675735755124893	5.182581332180949	2.188358882904606e-07	7.720611946696155e-06
g1663	1740.8606848117845	0.25384426743505584	0.14702113129866304	1.7265835543013823	0.08424248157814922	0.20451149064791851
g1664	16528.75684077047	-0.11172416654359248	0.09691434957574799	-1.1528134588188013	0.24898695897030843	0.43636293877108373
g1665	299.08005330785164	1.072286087229726	0.2502692768720353	4.284529450164969	1.8312635152832076e-05	0.00033043735595536864
g1666	3083.887502061138	0.08930868709629292	0.10663195924528414	0.8375414625071015	0.40228828104019554	0.5911626390701308
g1667	1215.4933357087564	-0.058355654631009155	0.11739941854617092	-0.4970693667282433	0.6191401358306523	0.7674818289039284
g1668	190.81005280864807	0.2245446739524307	0.19965230565950998	1.12467859166812	0.26072525673631164	0.4506583535620771
g1669	277.91834148745164	-0.1380441222386529	0.18235574411236655	-0.7570045183418566	0.4490471554937273	0.6341762109946952
g167	724.0990378697152	0.19235510516195803	0.13118866750553812	1.4662478765845972	0.14258076982446716	0.29364015607603033
g1670	17668.131262911524	-0.049572069989545914	0.10060711349391324	-0.49272927398463773	0.6222038902657658	0.769852404376685
g1671	1991.4489423141124	0.01784947801410927	0.09447199042468106	0.18893936640765482	0.8501403392739465	0.919037737903536
g1672	1797.4297849881623	0.22197690718442895	0.10333261033647079	2.1481786481695333	0.03169956623266282	0.10387661677804005
g1673	410.2632752739837	0.0641009070436404	0.15226425315659156	0.4209846087624898	0.6737663208603486	0.805889072459318
g1674	162.1258290824266	0.2993234812981423	0.22875430282213752	1.3084933380723078	0.19070603269653907	0.3604983842911542
g1675	114.26905214640102	0.3442786849190365	0.2520759400286723	1.3657736826445104	0.17201000909909459	0.33471019811808356
g1676	1224.0688803874798	-0.4461813882714356	0.11676449105421934	-3.8212078367579427	0.00013279967453170023	0.0015864518080923049
g1677	652.6638873117644	-0.4496937850551779	0.1759289846778205	-2.5561097045987276	0.010584974154090428	0.0472332867644993
g1678	530.4969034779316	0.06141865351114923	0.19701458312563233	0.3117467374076759	0.7552330054044751	0.8578612982079323
g1679	1044.3770111442916	-0.07994047236343069	0.11655043062498532	-0.6858874045746646	0.49278411340836925	0.6725452017775104
g168	126.11865658616057	0.2842398723965533	0.2716459465154671	1.0463615453962578	0.2953941400133062	0.48336058888176464
g1680	29.24806273883482	-0.3305780408453956	0.4736953909196827	-0.6978705032438169	0.4852581826058884	0.6663694577436263
g1681	447.1368334026604	-0.5048643606057789	0.17264103610070725	-2.924358958963121	0.003451664592442802	0.02035942786948684
g1682	442.63589390249564	0.4938177608977523	0.1563749402677444	3.157908550131114	0.0015890539863551445	0.011404332316522187
g1683	561.9798785310505	-0.10505158695974627	0.1371339615255441	-0.7660508439419522	0.44364604988688616	0.6297963407816549
g1684	2674.93189649832	-0.07861945923398535	0.08629947149276762	-0.9110074241946441	0.3622914619043768	0.5528331623969122
g1685	1581.4940253460527	-0.11401626100997085	0.0976458457583231	-1.167650913610448	0.24294760424646333	0.4295677780001869
g1686	86.47929272572027	-0.09219818698661009	0.28547661025950943	-0.32296231520613305	0.7467237820721786	0.8523986323926441
g1687	772.9172740855114	-0.010682737373108382	0.1563561974882927	-0.0683230824535002	0.9455284499187508	0.9711201018463324
g1688	1039.8292840008737	-0.15473725222895485	0.11718531542638044	-1.3204491677642471	0.1866850969649546	0.35467349826004213
g1689	1041.0636899317612	-0.15357021781471322	0.1167198772480341	-1.3157160668389907	0.18826935949294654	0.35678555827604075
g169	186.4313283073869	-0.11935802792719002	0.22143470618680766	-0.5390213213754158	0.5898721427160081	0.7469866953213453
g1690	7004.638894184883	-0.49835237154466006	0.09396416996384821	-5.30364256648461	1.1351447447949261e-07	4.4177024861864396e-06
g1691	2443.5966416002852	-0.11742560146136094	0.1086035308827853	-1.0812318946434367	0.2795939737717643	0.46972285313235884
g1692	4542.572450562152	-0.3071388436568875	0.10247466761742145	-2.997217271331472	0.002724564536686123	0.01702262912505001
g1693	817.9672177706733	-0.1366052927834503	0.13681507119094524	-0.9984667010317733	0.31805310366174266	0.5051116812465622
g1694	391.76157183133313	0.017722021807094607	0.14937151624638162	0.11864391721017899	0.9055574701565969	0.9516924971718133
g1695	1556.181831492697	-0.13863037286719054	0.13361164075702647	-1.0375620872682094	0.29947397626683603	0.48708068091654716
g1696	461.8367462853536	0.26871239121937096	0.13871871691539056	1.937102628935561	0.05273279933882377	0.1489707725338498
g1697	393.78272524423875	-0.19867414078827136	0.1665495803275004	-1.1928828664569537	0.23291525026895332	0.41730188408414753
g1698	2019.8348136407242	-0.16688592720420722	0.10684366739800885	-1.5619636733596185	0.11829654685788692	0.25774465095154947
g1699	920.5814260475291	0.12200783200178315	0.12182564292199337	1.001495490402677	0.3165873192356976	0.5044681942684521
g17	969.6051093944925	-0.004098729887934575	0.11056410880637874	-0.037071070641127524	0.9704283384511129	0.9844094278565202
g170	1378.025777149841	-0.03183459901339373	0.1241733206335441	-0.25637229358907837	0.7976633796111217	0.8859015175145585
g1700	2417.362209954244	-0.03996343622533163	0.10358047273110405	-0.38582017605844604	0.6996298517379209	0.8246890863988902
g1701	1839.0952853506285	0.059847297106472255	0.1061292523460385	0.5639095327962723	0.5728157020693173	0.7362544349035318
g1702	1148.4957767193944	0.2962334768930663	0.12996245063726486	2.2793774312541744	0.022644638728549885	0.08118092231745092
g1703	265.7699198141508	-0.19998483386378677	0.1807076668941785	-1.1066759772893138	0.26843404523255776	0.458396966462071
g1704	186.38807115394033	-0.3209766907049051	0.2294151930599695	-1.3991082561868573	0.1617805222738492	0.3210943594026187
g1705	1001.2744405835011	-0.029275057782381368	0.13150452932337311	-0.22261634586283507	0.8238341135138386	0.9037994125297126
g1706	574.6616760936112	0.2454193998680153	0.14521186940334113	1.6900780967590003	0.09101301465753898	0.21527201148634692
g1707	435.2932911305795	0.3724423973289674	0.16300290876739917	2.2848819088279755	0.022319753106295147	0.08032132314229187
g1708	367.82374143007786	0.44209133293337516	0.200070902198619	2.2096733111869113	0.02712784329621242	0.09234229796501522
g1709	3716.7986365916986	0.01743694528766225	0.09793635989697658	0.17804363268151802	0.8586887092056628	0.9261571077861076
g171	923.4732838073296	-0.332945427206907	0.10869680417796661	-3.063065466596273	0.0021908212544346356	0.01422180221672767
g1710	920.2404718277263	0.10694463358285558	0.11715247518756798	0.9128670428143404	0.3613124727475767	0.5517615633584556
g1711	83.64461190361654	0.43391198807770553	0.27287995592862857	1.5901204124761539	0.11180766565191091	0.24813282647616916
g1712	521.926363414976	-0.059539899848575085	0.1545242685568357	-0.3853109961602935	0.7000070155531235	0.8246890863988902
g1713	487.63311526423416	-0.26928279698800617	0.14132246123917216	-1.9054493859420953	0.05672168078026063	0.15694742921970736
g1714	260.90964694624927	0.2655521247373247	0.1924713808003708	1.3796966781921334	0.1676800561227908	0.32954069052482304
g1715	1197.3483599995595	-0.17719206612486219	0.11342459970429868	-1.5622013794785892	0.11824055575184071	0.25774465095154947
g1716	586.6041167100033	0.13434030203699798	0.14200463231988855	0.9460276037641828	0.3441345071509293	0.5326395098379492
g1717	417.7983381122389	0.42235564045775653	0.16661665441967105	2.534894497364799	0.011248119676612585	0.049316668733115576
g1718	144.7607593057597	0.5520494173407126	0.2350144223191273	2.349002294808451	0.01882379079644212	0.07148874271284608
g1719	768.4677803399512	0.6876698606803535	0.15016109635473285	4.5795474152362186	4.6598314636654995e-06	0.00010126726505628946
g172	434.7313926452112	-0.476740134844317	0.1436933300191583	-3.317761059478226	0.0009074207363418581	0.0073666952251408915
g1720	510.82968221013226	0.5581832157399005	0.15143276187744675	3.686013573414407	0.00022779420684578136	0.0024087482656661753
g1721	260.29498337260696	-0.0020613735724454188	0.1680861010705084	-0.012263795515018331	0.9902151521769667	0.9949593291104736
g1722	297.2913769496535	0.42995052644489223	0.16687848842225894	2.5764286967711034	0.009982679231614989	0.04507728959251984
g1723	224.28451013639133	0.28166717588974666	0.19589642149481423	1.4378372700248787	0.1504802317921244	0.3054101478576719
g1724	1130.007318271336	-0.30374086462570477	0.10864942414609731	-2.7956049193346337	0.005180268414684601	0.027334614056597616
g1725	6913.885156468527	-0.10750915853774608	0.09130729120232714	-1.177443302961615	0.23901861473256236	0.4247766053736423
g1726	421.95788871749437	-0.30300394825263455	0.1490812388524753	-2.032475384461186	0.042105553284243785	0.12746468616521275
g1727	438.42530524469066	0.4986000852109091	0.17596742953469152	2.833479391779212	0.004604427675437556	0.025374765656608428
g1728	560.194758224338	0.09171846340767122	0.1274624127806644	0.7195726285638349	0.471788169709361	0.6540088837722475
g1729	1841.6910000657288	-0.13293144948206465	0.16538095250554066	-0.8037893570458855	0.4215186373931201	0.6085020482443704
g173	211.7934959511716	-0.23100198730220384	0.2115851177972326	-1.0917685974661928	0.2749348250258238	0.46583436466449046
g1730	887.05470601259	0.20487375219325749	0.12496758124672541	1.6394151999211066	0.10112681818160432	0.23221310327061426
g1731	995.4102512381082	-0.21586040066093148	0.11941348973636601	-1.8076718228191408	0.07065759253175521	0.18169782820665936
g1732	487.6008771404938	-0.1660677952331676	0.16218878306815365	-1.023916648806619	0.3058746457801179	0.49490334435125166
g1733	1993.8471760042712	0.6629490248619525	0.13611721328056134	4.870427544644914	1.1135703044467818e-06	3.068414525026716e-05
g1734	183.59455314719676	0.309094438577318	0.19707803722642836	1.5683860207222937	0.11679107154369918	0.2554381779127835
g1735	639.5723524318511	0.08024156737990847	0.1531150038064989	0.524060773830596	0.6002362704385995	0.7526275909049907
g1736	476.57645145493467	0.6487016130995538	0.1849006283521422	3.5083797112041464	0.00045084506396085155	0.0041073101618828425
g1737	1485.9777148887754	-0.0025146458709039343	0.124336650516286	-0.020224494229676537	0.9838642883104	0.9921670850425963
g1738	139.6736227604874	0.05804068669639061	0.2577992053922854	0.22513912177530504	0.8218710473436329	0.902432578162366
g1739	1483.8005508484193	-0.13923057242699968	0.11658397541389197	-1.1942513705911009	0.23237965381307668	0.41710466226214543
g174	391.4226273231291	-0.4378110600418676	0.1448038663285062	-3.023476314151978	0.0024988858942055735	0.01588096675189569
g1740	1148.0810104455124	-0.2101128819194628	0.10409928826076595	-2.0183892265731505	0.04355074052104084	0.12947844293405433
g1741	470.75904398476405	0.28610765397237475	0.13947657136379055	2.0512954338842535	0.04023818488447267	0.12289575075961516
g1742	984.2283045102581	-0.098605158605995	0.1332810741432904	-0.739828660894379	0.459403965817322	0.6425527865729495
g1743	984.2283045102581	-0.098605158605995	0.1332810741432904	-0.739828660894379	0.459403965817322	0.6425527865729495
g1744	749.0304574413299	-0.14283398326026622	0.13246628698238877	-1.0782666783681785	0.28091476294941187	0.47068496677054145
g1745	339.6911604528173	-0.10112858273701929	0.20054004354633892	-0.504281244526864	0.6140637553508514	0.7638933163193244
g1746	250.51195991235667	-0.15722287795076387	0.240993900232636	-0.652393599169911	0.5141472924860153	0.6880205704128706
g1747	195.02761031579973	1.007107989995901	0.3452426468235802	2.91710192602751	0.0035330030023103197	0.020709761387766236
g1748	76.83694956663696	1.5224846823868037	0.5754914037028243	2.645538530360036	0.008156099780652877	0.03887534933328865
g1749	947.3151083268571	0.3082210315504309	0.12289209222027468	2.508062365786468	0.012139523910900805	0.051781585043672924
g175	545.9205075703231	-0.3420048082455344	0.13559116507253977	-2.522323693159253	0.011658237487244852	0.05051014746808607
g1750	2058.619132199481	0.013091846380554944	0.10297347378119101	0.12713804730307432	0.8988311383948341	0.948584721118395
g1751	307.699726500366	0.5904045130176651	0.2267827732403889	2.603392244400497	0.00923062791759369	0.042702966162887476
g1752	374.7710333994598	0.48120124590544794	0.1626816326552571	2.9579322388850997	0.0030971019730461477	0.01888781897940098
g1753	618.4829284871232	-0.3901345871444382	0.13923593560924133	-2.8019676489216936	0.005079196672193088	0.02692972954709116
g1754	464.14259857057573	-0.16733888422944573	0.15602510891613935	-1.072512529501821	0.2834898892963428	0.47225904688669557
g1755	529.645187579537	-0.08234377102489669	0.15233800560988067	-0.5405333402865284	0.5888292747457957	0.7461666707503789
g1756	1769.61599053151	0.24462462625662612	0.10961650920270519	2.2316403618022633	0.025638741782923264	0.08890285257299772
g1757	440.59006204371354	0.34029094691229317	0.1651107953267872	2.0609854506411254	0.039304428148580595	0.12062944411454614
g1758	179.5317427298355	1.0793230189941836	0.2803790750466057	3.849513444663352	0.00011835268758565502	0.0014561141268986566
g1759	768.2430927996711	-0.22356883462291624	0.11642440279575138	-1.9202918739908266	0.05482104222124357	0.1529559751553544
g176	625.9338895082077	-0.17681831265906878	0.1262768541963576	-1.4002432495199826	0.16144048860175708	0.3208702634164402
g1760	910.4777759366838	0.1264900710486897	0.1253070863506871	1.009440684740621	0.3127633349005253	0.5002888090040183
g1761	480.68235131038637	-0.35335066152144795	0.14050946373737688	-2.5147819379759913	0.011910602722495969	0.0510937787243435
g1762	2018.0984961399474	0.0284366129322671	0.11430970388259835	0.24876814449167753	0.8035401335964987	0.8900715975137272
g1763	145.15788750680284	0.5417548880077456	0.21877849892976683	2.4762711631075867	0.01327627023550152	0.055440177144931685
g1764	1009.4885481430783	1.0918839465139099	0.5667905800817439	1.9264327687951972	0.0540503590759662	0.15158810027719274
g1765	1397.240253791949	0.3079802484412687	0.13417768513454412	2.29531645394275	0.021714995335349766	0.0789731285076545
g1766	1117.5328152265245	0.2835732185063674	0.1756160920114169	1.6147336799177388	0.10636838061739878	0.24087620685703684
g1767	783.542779295702	0.23659566556369044	0.13977021423590683	1.6927473915462399	0.09050356030491719	0.21460486190393366
g1768	258.1458093955992	0.9162764842467404	0.22741604415540867	4.029075818505519	5.599655773283987e-05	0.0008225175309006634
g1769	962.8442714470524	0.2808075330260431	0.1346532672795023	2.085411952486572	0.03703192281700361	0.11553347821007325
g177	253.53801680901714	0.6751070364619426	0.17041892560371802	3.961455771830156	7.449418215020765e-05	0.0010188968754240358
g1770	485.2242197107784	0.21065543027440256	0.13943372032350698	1.510792581490694	0.13084130540050182	0.2777986096101768
g1771	2537.070830890361	-0.10512984078334373	0.13410551056128317	-0.7839337872346549	0.43307896309640137	0.6202098200640801
g1772	1903.1942487926947	-0.41734445345657173	0.13473714238308204	-3.0974714623973996	0.0019517918757726836	0.013323714884343363
g1773	2851.4025243312994	-0.5806623610937152	0.10437130945813046	-5.563428916513242	2.645246431978963e-08	1.296857828665011e-06
g1774	205.27369243151648	0.6242594685589826	0.18954619502572664	3.2934423636109043	0.000989686301874602	0.007832423038944701
g1775	704.0820911049132	0.11746084995392281	0.1374397993686926	0.8546349055619998	0.392753297398429	0.581885281663685
g1776	937.980510170742	0.5330197013677277	0.1442724529151133	3.694535516640482	0.00022028910232152035	0.0023691758398279293
g1777	183.5139760461484	-0.2812251471706861	0.20872507490356462	-1.3473472092445913	0.17786843420910925	0.3427531082896312
g1778	340.2430132550394	0.4950639863486847	0.18591835149509278	2.662803227156151	0.007749271477143688	0.03737251140664587
g1779	386.17349338568255	0.3690756557909449	0.17222151064312527	2.1430287913089887	0.03211078656843544	0.10467894585133315
g178	242.0426440109383	0.6725334332954795	0.17350031683398007	3.876266312176346	0.00010607158621495387	0.0013527710741940908
g1780	621.0627778038654	0.011966659164733518	0.15617696200395478	0.07662243528869829	0.9389239106397429	0.9676324768400298
g1781	3598.63528634855	0.6097831601223556	0.10113199640697726	6.029577006157921	1.6438937280792993e-09	1.1081605041963135e-07
g1782	227.62051336011788	0.753284026775925	0.21033837429946722	3.5812962293958024	0.00034189373886068717	0.003351620852874969
g1783	288.303486933398	0.5126953419242857	0.2031465981705312	2.5237702552808883	0.011610377913899737	0.050436336737596676
g1784	2350.023048002435	0.7551656110991123	0.10957242058510056	6.891931446495746	5.503989850123991e-12	8.311024673687226e-10
g1785	3069.1793012399207	-0.07173818496587019	0.10728394190053808	-0.6686758865774897	0.503702252720139	0.678371745993052
g1786	908.5421378670922	-0.26089201183538474	0.1388842816812031	-1.878484798115887	0.06031487476160696	0.1627510023052654
g1787	1061.6529098897447	-0.32151476758859054	0.1408311044962574	-2.282981225906205	0.02243147426504082	0.08064649081002771
g1788	370.3215663619628	-0.21653604747595515	0.2425269173108913	-0.8928330507676437	0.3719465840899421	0.5618640876108569
g1789	16.333870535637818	0.8706177380533829	0.7230908650688168	1.2040225926108552	0.22858084640989207	0.41207865100159624
g179	305.4168197979393	-0.11104325227582267	0.2641419695115125	-0.4203923082771702	0.6741988861736667	0.805889072459318
g1790	344.80806901650936	-0.23138530252935977	0.19655437481882512	-1.1772075932811987	0.23911265865403708	0.4247766053736423
g1791	1146.6316060078898	-0.23480134617635673	0.1180991118458629	-1.9881719896658305	0.04679267170315028	0.1372512320741199
g1792	357.7425058582451	-0.3422476540322859	0.16853948591866705	-2.0306674852292246	0.042288736829672324	0.12761551592598963
g1793	1129.08558283549	0.2819111957787824	0.15888772183595304	1.774279299377503	0.07601696290537054	0.19029630880055995
g1794	298.0314650780064	0.7512747043943158	0.19564794268672134	3.8399315325144228	0.00012306862782969917	0.0015083898378477738
g1795	1895.3019660644761	0.16544495304455395	0.10788456397535474	1.5335368374140006	0.12514363745903503	0.268890629825566
g1796	710.8657608410489	0.12332616493585118	0.1398251952412077	0.8820024511541384	0.37777548175002507	0.5670387449727016
g1797	3357.607085398084	0.1031785979194152	0.09848882181599715	1.04761734394772	0.29481494330942093	0.4828314147475332
g1798	3357.607085398084	0.1031785979194152	0.09848882181599715	1.04761734394772	0.29481494330942093	0.4828314147475332
g1799	1691.4826266062682	-0.27188547982285877	0.09709047012309627	-2.800331273276856	0.0051050187372731004	0.02699082035463019
g18	404.6897886433364	-0.2863861949780998	0.23035683100871523	-1.243228575962068	0.2137836152979563	0.39329100767533387
g180	2734.106831304489	-0.12604350699137631	0.10752463087980318	-1.1722291530791165	0.2411050668207514	0.4277122308497822
g1800	1335.3977440152905	0.47403394592741016	0.11615007798079968	4.081219351447795	4.480004984010784e-05	0.0006821030864306741
g1801	619.8888687293971	0.7691919969214382	0.21276504773578284	3.6152178429073603	0.0003000951669619424	0.0030049317116215713
g1802	478.808296378434	0.0350340865432015	0.15815152513920092	0.22152228068850677	0.8246857900186487	0.9039430719296699
g1803	491.0717209774436	0.19008185950927903	0.15920455057958513	1.193947401737481	0.23249854363736522	0.41710466226214543
g1804	1005.5330247368814	0.13898924986565292	0.1119820966390438	1.241173848652453	0.21454153332725845	0.3944930775988313
g1805	2456.620813480167	0.3362730562167039	0.09211816399541459	3.6504533050989023	0.00026177789875439104	0.0027000316060049896
g1806	291.4383805569675	1.0767007595971625	0.24570868263015705	4.382021620366678	1.1758313746163801e-05	0.0002241799716755977
g1807	267.016930775419	0.031964810897053046	0.1844401095835649	0.17330726472253932	0.8624099136768397	0.9277156553086306
g1808	358.19379124834376	0.4407650091384044	0.16205855927396157	2.7197885203538483	0.006532367929014111	0.0327051577347855
g1809	1471.2508550396553	-0.019685020885864327	0.10870206930668234	-0.1810915009384666	0.8562957555757469	0.9241041959115049
g181	1634.3826260445578	-0.37634273417769537	0.1057416696153747	-3.559076904560013	0.00037216055314764007	0.0035944121788767155
g1810	679.8647934068266	-0.0008430950028327111	0.12589804477354893	-0.006696648898314303	0.9946568871703579	0.9975636952890811
g1811	317.54795295987697	-0.04112382554823276	0.18169434559132647	-0.22633519724785472	0.820940725127733	0.9019357501039557
g1812	703.1456101538757	-0.2460739455620611	0.12874227576845645	-1.9113686168219222	0.055957226785534275	0.15532244934955286
g1813	442.43835395130236	0.40016401282525055	0.1575763360546286	2.539493066309916	0.011101324577594714	0.0490146202110176
g1814	1049.3090295279314	0.04967449161739715	0.11090087977309683	0.44791792201316294	0.6542124335203711	0.7927822225637913
g1815	1204.447516204022	0.00736397336077824	0.10412278555187643	0.07072393733751327	0.9436174692971974	0.9700860421015577
g1816	282.14034734653256	-0.3993077210716491	0.1744662171705945	-2.288739490930801	0.022094493048041522	0.0798511938063042
g1817	329.1218154700021	0.2251210594280443	0.16002264354845977	1.4068075269602127	0.15948447002234134	0.3183785691879104
g1818	3509.7581641578527	-0.39751294852598423	0.09887371463946149	-4.020410783346182	5.809674840162183e-05	0.0008435200969850863
g1819	773.5156853521785	0.2997628448195882	0.14483231621174159	2.069723475120992	0.03847824711453256	0.1190617892273446
g182	391.0526632080055	-0.2935888382302372	0.152305551024414	-1.9276305837544687	0.05390109193730285	0.15150902610820421
g1820	1168.9034583939297	-0.1174579369886799	0.10631350322971336	-1.1048261361013245	0.26923493318242064	0.45906136981194123
g1821	570.4924802543236	0.26582909161408985	0.14934943035129172	1.7799136628028702	0.07509009134444168	0.18885082933062447
g1822	6358.435281809315	-0.1353901468187801	0.08409747185579394	-1.609919345149165	0.10741546516221183	0.2420856005894625
g1823	576.3391797184038	-0.30808700877602696	0.1365697668714749	-2.255894667126188	0.02407722859390069	0.0848660484985762
g1824	334.4191717217345	-0.6163372959546857	0.16876623158497014	-3.6520178839471993	0.0002601877601547713	0.0026909829988609906
g1825	491.8168046649732	0.015740832009518216	0.1402601460716729	0.11222597758792192	0.9106442321397905	0.9541213588254841
g1826	430.30797597455904	0.12319550935939125	0.15173410868371776	0.8119170463918972	0.41683923240135234	0.6038250584478531
g1827	254.03130583615155	-0.4843899778091837	0.21243887900778968	-2.2801380805225495	0.022599500324967534	0.08110855095930859
g1828	11.58983147729279	0.9913053836294246	0.8738468111067219	1.1344155188641611	0.25662029243268647	0.445398438590065
g1829	1168.132398366952	0.060251691149734964	0.1079294349876418	0.5582507789152601	0.5766731506216587	0.7381131888677853
g183	796.69798843109	-0.16369671667567845	0.11444692661044494	-1.430328638119486	0.15262271910391073	0.3087624676405482
g1830	1555.5267603201437	-0.17173721468298944	0.1021730481625748	-1.6808465419346807	0.09279272577299821	0.2181135264140104
g1831	8638.542311903499	0.15789947371550989	0.08680092858312531	1.8190989001263589	0.06889634284827799	0.17899772488110766
g1832	1487.3573523432249	0.0761878532452504	0.10704800110532627	0.7117167294911741	0.47664020596495127	0.6586261553636871
g1833	403.2803116895016	0.22402339429503587	0.16793248193277355	1.334008714196915	0.18220100065548017	0.34825760884781654
g1834	975.3323320020419	0.7419849337207627	0.2188629244283623	3.3901810261318497	0.0006984648444517394	0.00588550175849401
g1835	2510.2082634580106	0.07510521201997607	0.10567308410217917	0.7107317124136747	0.47725050414636805	0.6589455921768186
g1836	232.0215979822316	0.2509982688696759	0.1863479066271018	1.3469336651682655	0.17800159789286507	0.3428347102273294
g1837	662.06592423676	-0.12190856626575863	0.13233576977990094	-0.9212064619302498	0.35694264519158503	0.5468679324494117
g1838	1031.2585871722056	-0.3013446923343237	0.11288468443872364	-2.6694913825790105	0.007596622243317064	0.03686021718319013
g1839	638.4694395271982	0.14723008871086166	0.1472751922558569	0.9996937464870738	0.3174587393264604	0.5048048613973833
g184	602.4068768535975	0.009155092742160318	0.14119844727584321	0.06483848030053094	0.9483026030461258	0.9727832408965014
g1840	1544.9772255694006	1.3130872501270001	0.14993357466756674	8.757793263039195	1.991099243341412e-18	1.8790999109034577e-15
g1841	924.781829617354	0.9315205558116083	0.17282406791893276	5.38999322853898	7.04603386126153e-08	2.9425265907789322e-06
g1842	3455.8770124132534	0.046709241120336184	0.10572204289367423	0.4418117531772646	0.658625432875432	0.7961290455026435
g1843	270.8152486494702	0.28167061109341296	0.18302826075979842	1.538946007158262	0.12381747809861259	0.2667870889396476
g1844	361.19587079680576	0.28697080742672343	0.1670323423137181	1.7180553385747195	0.08578652200108122	0.20692915051379016
g1845	906.6060809957885	-0.01940292681778244	0.12341714332243953	-0.15721419484722937	0.8750760415444709	0.9340552785415166
g1846	802.6413197999108	-0.3340189232193697	0.11805249194590844	-2.829410186211206	0.004663388707923236	0.025515376040369308
g1847	90.38872594294482	0.23742091951677116	0.29672628726529854	0.8001344326614941	0.42363291334225484	0.6102834997493692
g1848	580.8981998565854	-0.3489858670345756	0.1625126756524346	-2.147437826824971	0.031758441913313576	0.1039792872703892
g1849	267.17304254864234	-0.25836220234168517	0.17219501633464807	-1.500404644926411	0.13350961706854017	0.28093578842460376
g185	4688.314608274308	-0.24355662717636392	0.08286822349530633	-2.9390834858449573	0.0032918439067758693	0.019789625227125598
g1850	1171.0718328266955	-0.4407251398770132	0.10452128366221017	-4.216606651151932	2.4800602064634157e-05	0.0004255557854272452
g1851	444.42147079646884	-0.15335827863925078	0.15259375516136628	-1.005010188503953	0.3148919438993979	0.5025477712397808
g1852	389.0055633430238	0.13709959821572718	0.15251683713247943	0.8989145119541095	0.36869819755947464	0.557626480683901
g1853	946.8576001482953	-0.0579276688483895	0.11380256829214465	-0.5090189941907315	0.6107389103758396	0.7614066666673694
g1854	837.7967677151555	-0.16286301086249214	0.148750788377061	-1.0948715811149774	0.2735729009890614	0.4641517758353738
g1855	2758.7718691864197	0.0986033100087902	0.09451016528910547	1.043309042018537	0.2968051846695313	0.48503360399946327
g1856	1268.1218549122755	0.11533219391545489	0.1278217560104685	0.9022892308411824	0.36690324477000624	0.5562488951834432
g1857	320.2585696079532	0.21289785862215688	0.1543841360484119	1.379013829214915	0.16789049009343016	0.32958221534201704
g1858	2326.957978575648	-0.04390971482939415	0.10201611352873192	-0.4304194044505271	0.6668905825029967	0.8017553977543989
g1859	522.5578903751783	0.40693834040285587	0.14571001583046977	2.7927959384502383	0.005225464473513473	0.02747371641714953
g186	2429.652841362637	-0.19588117897951354	0.10005030494653232	-1.9578269060168683	0.050250327110285944	0.14403567565780517
g1860	1187.6542312500524	-0.3926834053605728	0.11037822294489856	-3.5576166646259795	0.00037423490719621814	0.0035986790385898948
g1861	2599.676879117212	-0.12747258327747005	0.10896898913693835	-1.1698060547967344	0.24207902650036484	0.4286342987987229
g1862	907.9436169814504	0.035859719740932994	0.11165975842846995	0.3211516865666962	0.7480954428724281	0.8529327384003069
g1863	68.69202465567801	0.36112121429860483	0.34817964875015156	1.0371692188067543	0.29965700071692514	0.48716846585115947
g1864	51.068290784761274	0.4337705259399151	0.3727621787620264	1.163665604113868	0.24455955367410853	0.4308036934763228
g1865	21904.179884521127	0.23508744431787493	0.39676105006358753	0.5925164384966676	0.5535048162741686	0.7210689097797719
g1866	3018.983322301652	1.7223218196009538	0.5927394944565019	2.9056977571238023	0.003664352133589919	0.021347113123922755
g1867	755.3107745220597	0.4391150877312804	0.1250493717839933	3.5115337363693055	0.0004455289106273121	0.0040767592150273745
g1868	611.9963818255235	0.569392236089163	0.14673844397987043	3.8803207983265255	0.00010431878175640396	0.001334926783492966
g1869	523.5988006099245	0.2516976941122773	0.13308323780817782	1.891280211224398	0.05858694885865248	0.15941272542959822
g187	85.54244903464331	0.1071895495019979	0.29225011150532326	0.36677333996516015	0.713788095469239	0.8347428935552594
g1870	602.321148262809	-0.056121311225990476	0.1456374993941366	-0.3853493190933621	0.6999786261066305	0.8246890863988902
g1871	2117.1507327438694	0.30123683513243066	0.10457227620315392	2.8806567674515753	0.00396847543485204	0.02276746925010099
g1872	526.1905254949055	0.06867858589977831	0.16358072960671724	0.41984521077082976	0.6745985348268728	0.805889072459318
g1873	3603.044471875037	-0.012285187721594986	0.10487145561185711	-0.11714520075952854	0.9067449912667851	0.9522905192469718
g1874	2198.4194489399156	-0.2873357539236509	0.09823207570598623	-2.9250705725048705	0.0034437811429427084	0.020344716454786735
g1875	187.49023539603454	0.241059430208836	0.2302326983140296	1.0470251705083138	0.2950879693847901	0.4830689871758814
g1876	787.6353573580965	0.03329331193463601	0.12010636614401274	0.2771985616042691	0.7816276440452082	0.8745038396444287
g1877	112.78158410543627	0.31409845436639566	0.29623881220435866	1.060287988697837	0.28901360195880343	0.4762227618483121
g1878	301.8514943796286	0.21743436268827257	0.16444507662362778	1.3222309062248396	0.18609127246014756	0.3539015383058222
g1879	177.82679581805726	0.6752220182745071	0.2173848276037054	3.10611382458321	0.00189563731510297	0.01303466459838563
g188	518.8892412826681	0.29580074629742675	0.17589227484717335	1.6817153940071425	0.09262404150318743	0.21798987323848662
g1880	8574.462665822515	-0.24494984634813555	0.10508104714048093	-2.331056389461618	0.01975038646449618	0.07367362539868881
g1881	6027.035414799672	-0.23541796608620652	0.10788141416587671	-2.182192066227753	0.02909536059898556	0.09702737302223542
g1882	1200.1005866931407	-0.27491768913914644	0.11877557961747763	-2.314597748329512	0.020634956222159235	0.0757752526640575
g1883	1757.2528239505457	0.051675487667723286	0.12721837621571713	0.40619515202819473	0.6845992159021135	0.812436982090688
g1884	1649.6845675748407	0.24838596774505434	0.15358762080564073	1.6172264824609612	0.10582940187612629	0.24018171949013936
g1885	27699.330325677704	-0.422817627248685	0.11640057105155502	-3.6324360218251392	0.00028075819892591896	0.002861198479298582
g1886	167.74921413778125	0.07930301049263606	0.21238617398581688	0.373390644995243	0.7088577210905904	0.83081519093674
g1887	268.0153869123226	1.1854471586163384	0.3091431373575877	3.8346222683414273	0.00012575740442433164	0.0015257074719237345
g1888	3195.259480196412	0.24636464493790988	0.1240197886187857	1.986494636716323	0.04697842777080422	0.13768910313259777
g1889	720.4666867892616	0.6902161290351853	0.12960918862886178	5.325364168520732	1.0075098173188825e-07	3.961822458727897e-06
g189	3778.712244674641	0.04142728537598526	0.08471380324133324	0.4890263899257	0.6248230136671509	0.7715444811283674
g1890	674.3386459647576	-0.03707963059765024	0.14174192352110163	-0.26159960071467536	0.7936301518836852	0.8835015698498708
g1891	898.1630336151026	-0.08454352013642108	0.14894224456520383	-0.567626198888185	0.5702888136510791	0.734507086841632
g1892	2127.7007943245876	0.062248002564072744	0.1005834394951389	0.6188692977344559	0.5360024658724167	0.7060046436386508
g1893	902.1080016237138	0.18612762420078924	0.12207134087104084	1.524744652370281	0.12732279970626773	0.2723193024879097
g1894	79.58205056896547	0.13979767736896317	0.30906568325770184	0.45232351872724275	0.6510359353550332	0.7902756349048221
g1895	126.31448626867258	0.41145194177602085	0.25593885862098875	1.6076181006391304	0.1079188454595732	0.2426950185971583
g1896	716.9452113653396	0.5297118619344946	0.18408360461972845	2.8775613288796107	0.0040076200152198965	0.022922372056750167
g1897	1232.1723968823017	-0.0578782971791664	0.13749414618986414	-0.4209509916098021	0.6737908690506396	0.805889072459318
g1898	213.85099100245452	-0.288891195748515	0.19010569695895474	-1.519634605221162	0.12860283554730095	0.2745903304248083
g1899	477.6709377720669	-0.07031971286553547	0.13161383922788755	-0.5342881362481787	0.5931421990034762	0.748530614976329
g19	68.58555317539809	0.48516162711688576	0.3218361006632204	1.507480441495202	0.13168755344201505	0.27865499677332217
g190	3177.6336260765306	0.0714752971376039	0.11045260323562243	0.6471128343179888	0.5175589194743095	0.6918379670008239
g1900	215.65861423713054	0.4166330287253464	0.27723090724918176	1.5028375907267322	0.13288092974529847	0.2797822985817207
g1901	479.26229379934506	-0.07254278502434414	0.1638587323182483	-0.44271540489798683	0.6579715984777855	0.7958483768835759
g1902	605.0325025209831	1.144638603009402	0.19871281473560146	5.760265660432659	8.398165115388534e-09	4.80349595615026e-07
g1903	5476.071201631985	0.38303920805898267	0.11477312309482623	3.3373598080320024	0.0008457837805866887	0.006910895609772186
g1904	2063.7036561286045	-0.26288130473497634	0.11450638797191097	-2.295778509749714	0.021688548797840566	0.0789731285076545
g1905	211.71141054216835	0.9232132081474063	0.24326915974052432	3.795027734432608	0.00014762695270252363	0.0017307197094783438
g1906	7526.734826554876	-0.12216699707308179	0.08073494401358065	-1.5131861248647394	0.13023238766179657	0.2772855405658669
g1907	2071.4471209514936	-0.23468890195519204	0.13647290903365938	-1.7196739163617365	0.0854917317204776	0.2066141403615896
g1908	1364.990361300386	-0.05495927416031736	0.120286597764966	-0.4569027238404817	0.6477409661030353	0.7882727746740679
g1909	450.5759285963632	0.3432513425746735	0.15592131537426207	2.201439500114261	0.027704925250609018	0.09360179494986237
g191	925.2899318085132	0.0027589085086335324	0.14004275520047685	0.019700472935454915	0.9842823135058338	0.9921670850425963
g1910	412.4556060887782	0.10324664786466323	0.19288534798400775	0.5352747056413195	0.5924599145213669	0.748005410474301
g1911	868.2478778808751	0.1844368511187753	0.12300499768778424	1.4994256703855209	0.13376323821245623	0.2811560268663821
g1912	593.5541669605581	0.11924128232704345	0.13838204418567418	0.8616817523453505	0.3888626697444999	0.5795327983756364
g1913	2200.2122517089415	-0.02121825470197866	0.09636959009587212	-0.2201758322399207	0.8257342178825647	0.9040056911028133
g1914	587.3945798580223	0.2291094702368075	0.2148660629187463	1.06628970217343	0.28629270315948596	0.47401533088906117
g1915	1268.817493450775	0.11715426999912909	0.10773793244677118	1.087400392215714	0.27685989792630383	0.4668069143298587
g1916	817.6034461149284	-0.4998755647269083	0.12596526011643588	-3.968360516739685	7.236879555058676e-05	0.0009970518365089965
g1917	3524.9854568719843	0.2699641406194349	0.10494125982440403	2.572526202478988	0.010095931335219938	0.045371596179113405
g1918	2679.6659417857663	0.43990454752696473	0.11468686616724941	3.8357011768500677	0.00012520656847020263	0.0015246928902419837
g1919	276.86857123950284	0.1900926289684646	0.254552738450408	0.7467711018378947	0.4552017421680439	0.6404605633178405
g192	122.53898336529768	0.66746197626922	0.23563758434206733	2.8325785894167352	0.0046174214210394846	0.02540927968574935
g1920	41.34228625283731	0.6258912863720743	0.38788182162131996	1.6136133520150304	0.1066113188813415	0.24111697745157717
g1921	69.92246294214583	0.08376355420690412	0.4318228454927141	0.19397666214562848	0.8461941557262693	0.91637022493996
g1922	742.197409228252	-0.12450014919625058	0.12392676565487493	-1.0046267933996798	0.31507659066205507	0.5025477712397808
g1923	178.00050647112084	-0.5231961485477816	0.20033177355481888	-2.611648363431545	0.009010688099419246	0.04189082213707839
g1924	64.60867901844864	0.021700000497460407	0.32209782081854593	0.06737083921373413	0.9462864833663671	0.971238075307277
g1925	246.87766443851226	-0.342086507865714	0.17145284811821457	-1.9952220777916134	0.04601866413584944	0.1354017592461665
g1926	284.994053154283	-0.06748555346639316	0.16605183420413994	-0.40641257466284975	0.6844394818408083	0.812436982090688
g1927	610.0562691482336	0.1652754280026297	0.13964828222885647	1.183512073079247	0.23660626459464684	0.42191244631308067
g1928	205.56850884129673	-0.13056980857027592	0.23172587799674588	-0.5634666688893051	0.5731171505181882	0.7362738331297434
g1929	417.3694832912477	-0.06944174839249814	0.14743879893194126	-0.4709869376008205	0.6376500629817003	0.7805217210622305
g193	5257.3988308019425	-0.010868703586658457	0.10504920962467205	-0.10346297345302265	0.9175955346493228	0.9580844067560026
g1930	2044.533967760124	0.14905082210362647	0.1169457455918494	1.274529666293518	0.2024757658207479	0.37820188816097144
g1931	1342.6628606967358	0.2844591945001005	0.10309794726308713	2.759115986802459	0.005795796011584834	0.029813908714429297
g1932	1163.3968621951674	-0.33705676866186546	0.12720385168186346	-2.649737128281647	0.008055442051203298	0.03849277689024361
g1933	817.496025997743	-0.3541929605056462	0.1193361796255162	-2.9680266421895194	0.0029971835070069144	0.018397345916993664
g1934	309.8298032356749	-0.11240323314802392	0.16799841705584648	-0.6690731681754987	0.5034488050376138	0.678371745993052
g1935	417.46063252496066	0.4634348460155232	0.15238840852584104	3.0411423709890437	0.002356823605014498	0.015130967872329475
g1936	495.0697420364854	-0.6832763568033691	0.18050106971873908	-3.7854421465095247	0.00015343552818478318	0.001782212673530943
g1937	112.89985135380931	0.8841388365280999	0.24988336857311122	3.5382060101747723	0.0004028556152787701	0.0037632072002133986
g1938	302.59664059984436	0.18595342672160814	0.20564809570272122	0.9042312115081138	0.36587281340099953	0.555802764824456
g1939	155.80543210986846	0.1974462142513582	0.25861550448781145	0.7634740022350973	0.44518076114063987	0.6308398548445628
g194	2593.59176246899	0.23728645245516938	0.11298213517366022	2.1002121449594315	0.03571018348574228	0.11309223377405797
g1940	1230.5052005096647	-0.01641164427173008	0.1142458351076713	-0.14365201371466083	0.8857752655669754	0.9410433232863691
g1941	533.819011904536	-0.20332808397904464	0.14940450488971213	-1.36092338132065	0.1735379037015482	0.33595158280684334
g1942	1221.080517962959	-0.39809673742197066	0.11182923430519924	-3.5598628560355086	0.0003710485187951738	0.0035944121788767155
g1943	101.77051404688403	0.02208846915288711	0.2827039710198244	0.0781328577494165	0.9377223703724905	0.9672303629200933
g1944	632.1907757769555	-0.07070273878940217	0.12884215720653172	-0.5487546958412605	0.5831738047475685	0.7422390805536315
g1945	46.3728283518839	1.1509228147854984	0.4162399642405553	2.7650464003027633	0.005691469937545291	0.029391653918240043
g1946	734.7331672707788	0.2264039402129647	0.14292656696744432	1.5840577788770003	0.11318057124883124	0.24985769383879414
g1947	546.9095076012135	-0.11707049678551064	0.14036146058792084	-0.8340643955623346	0.4042446972474204	0.5930572790171882
g1948	982.4971464625592	0.20181442353539772	0.10594142143958112	1.904962391414518	0.056784959989061044	0.15694742921970736
g1949	945.4977337978954	-0.1764371079427489	0.18874326415886702	-0.9347994945887981	0.3498916401075044	0.5386790136239107
g195	740.2684023471493	0.14474418765078295	0.1525958967345187	0.9485457390941783	0.3428516993365034	0.5313146045583399
g1950	357.8451076944497	0.05307374735399058	0.1856889664834759	0.28582068368996766	0.7750154654029302	0.870998327447473
g1951	7768.095274731859	0.40400901991768234	0.10215861032801317	3.9547231370951614	7.662333061880362e-05	0.001036749365899583
g1952	673.7470519202441	0.050421717200226035	0.1343488237305886	0.37530449318512343	0.7074340249025436	0.8301409524423692
g1953	673.7470519202441	0.050421717200226035	0.1343488237305886	0.37530449318512343	0.7074340249025436	0.8301409524423692
g1954	1476.6526915097083	0.1908199737097637	0.11499119328868851	1.6594311986197499	0.0970289338964012	0.22540567720548588
g1955	487.10674575034926	-0.4274469821112772	0.1336872831803966	-3.197364565592103	0.0013868952145200792	0.010205710399246197
g1956	1031.7765221810205	0.0848769270951955	0.13482986344621023	0.6295113332148168	0.5290143514783004	0.6999751758957533
g1957	194.1673268098589	0.5004828968538245	0.21615906609601435	2.315345388435006	0.020594037660619777	0.07569862918095391
g1958	3579.791920488216	-0.12723342503569082	0.08665126105151474	-1.4683389888584508	0.14201216525222646	0.29294859225527586
g1959	483.6794610689015	0.2505980816062189	0.16918358247232707	1.4812198556394118	0.13854799682048138	0.28832342226974483
g196	206.84103257164284	0.06264407596239467	0.18599856468922807	0.3367987063075581	0.7362686483772228	0.8476407891503556
g1960	538.930597280118	0.36812043467205807	0.13668836164411574	2.693136637561748	0.007078325389420926	0.03502054828973001
g1961	161.93382706935233	-0.3765359283575692	0.20486687463827113	-1.8379541788901221	0.06606915754549049	0.1738644714101999
g1962	174.85550308251345	-0.10094494214667123	0.2805293426224375	-0.359837374596968	0.7189687518493202	0.8382047678292723
g1963	466.5138594168014	0.12221868363125447	0.13810191778322575	0.8849890399284485	0.3761625426260582	0.5655862183214361
g1964	125.07643626362487	-0.03558030621368426	0.27916499132773714	-0.12745260802388114	0.8985821805158349	0.948584721118395
g1965	468.2178681531977	-0.376042294689202	0.1418361506929867	-2.6512443608482386	0.008019579660448086	0.038369978730280765
g1966	140.30580169989182	0.37108418225922585	0.21112817879170542	1.7576250805693239	0.07881132298469837	0.1950777062489458
g1967	298.6294628512999	0.2543082631538877	0.1931174995958257	1.3168576834628027	0.187886333158102	0.35648901100686514
g1968	2408.7717902592103	-0.4882793310666347	0.10283608789712646	-4.748132110539753	2.0530392015419523e-06	5.132598003854881e-05
g1969	614.3033301422765	-0.16082856989793679	0.13325042523322736	-1.2069647779092605	0.22744570878131487	0.41081700988012615
g197	381.89567901347573	0.18866427634186814	0.15160507224158612	1.2444456742266996	0.21333558174827105	0.3927741232743536
g1970	2622.707784451674	-0.038312907399281636	0.10358766252259742	-0.36985975420503153	0.7114869897802485	0.8326547550617004
g1971	1327.2117653262624	0.019779365674745156	0.1005407991582231	0.1967297439482052	0.8440390326231926	0.9147996980053265
g1972	1916.0623845603739	0.05564968897040898	0.09648671735841968	0.576760102260364	0.5641015251584102	0.7292750881756843
g1973	635.906183925976	0.23067298920878807	0.1361101262883029	1.6947525911495076	0.09012236443725388	0.21383527702742514
g1974	971.6481694119008	0.0701464680095546	0.11050001773522602	0.6348095633580407	0.5255526253056348	0.6975953447710167
g1976	6776.294702247301	-0.013780462880455684	0.10656217758602984	-0.12931851800166558	0.8971056192192499	0.9480889452835017
g1977	94.77901312544816	-0.31617850691733357	0.26085221953595394	-1.2120982044155229	0.22547479100060952	0.40851642461382026
g1978	1655.2844843275395	0.010703459865766303	0.10305388199254895	0.10386275275433282	0.9172782661887395	0.9580844067560026
g1979	154.70071655645347	0.22839884260493812	0.22939526687255707	0.9956562997955293	0.31941716985833757	0.5062895434630639
g198	226.48282967474105	-0.004887568015082329	0.20060622479648016	-0.02436398980161699	0.9805622717689556	0.9905332020143987
g1980	836.1557551660129	-0.0363614749654598	0.14709417920605897	-0.24719859862382665	0.8047545297935511	0.8906327616448713
g1981	334.5016408986894	0.40408332202492214	0.17053304063578267	2.369530974868069	0.017810663143930348	0.06881806895428563
g1982	1941.9251815505168	-0.008867791177515391	0.11110120348412356	-0.07981723779241154	0.9363826142893457	0.9668880039604837
g1983	431.3330420351696	-0.1087427011359777	0.1472597503455746	-0.7384414334588447	0.46024624428852623	0.6429435836799686
g1984	447.8421656534891	0.10057829132632129	0.15126906223950518	0.664896640709487	0.5061166045075078	0.6808679858740719
g1985	947.6759525030769	0.4179568068691552	0.132181591091579	3.1619895283268558	0.0015669519906073282	0.011310217523026125
g1986	394.36486675638497	0.32180727354870786	0.18167560833274438	1.7713289995391572	0.07650600776983192	0.19119261079278366
g1987	561.060186096115	0.09894465736279455	0.14569285992308967	0.6791318216625496	0.49705434134468995	0.6742831605356971
g1988	937.0140637658164	-0.5332569101147097	0.1281461056201711	-4.1613196712766225	3.1641379910354624e-05	0.000513976502418428
g1989	1173.7639254783564	0.18008331035314679	0.10663334610871499	1.688808584976298	0.09125611810278188	0.21569819283480335
g199	4854.283097691373	-0.795718549980575	0.11108313419699493	-7.16327060568391	7.877463068506963e-13	1.351701049255172e-10
g1990	2108.2545045968513	0.10203058101163867	0.09459196821018957	1.0786389472827123	0.28074871196184736	0.47068496677054145
g1991	1732.3925548276095	-0.06528239982627604	0.12407472558780672	-0.5261538924789013	0.5987812866052131	0.7521548650631557
g1992	263.1045270374921	1.2006168976453624	0.22094453409163814	5.434019459143529	5.509856827781268e-08	2.4470246499852103e-06
g1993	2538.876557678075	-0.24953558037044127	0.1032719498766082	-2.4162958157427292	0.015679317353200523	0.06263431006172696
g1994	334.93894202326345	0.2084701490971983	0.18095259723927257	1.1520704995548612	0.24929210444038108	0.43665803696237304
g1995	2437.7924125160885	0.14633913214569622	0.11808827423049513	1.239235081546357	0.21525845221843842	0.3954261105229222
g1996	1009.3870647342427	0.48225418180862434	0.12873913945254145	3.7459795355118333	0.0001796912400979515	0.0020188524743147826
g1997	1562.5674610977214	-0.2500108642965085	0.10689106361357534	-2.33893139280875	0.019338984478501787	0.07249718610361891
g1998	474.90341603513576	-0.4326418122210761	0.1531557379910322	-2.8248488623156174	0.004730292270913926	0.025767465112121316
g1999	1031.146569203636	-0.18468426969327995	0.1805060206731132	-1.0231474219230245	0.30623814810689676	0.49490334435125166
g2	878.2442532297902	-0.1548149262656952	0.21752975643324643	-0.7116953965477518	0.4766534189281041	0.6586261553636871
g20	237.1242742507388	0.3393858525680995	0.2097220674239362	1.6182648623335305	0.10560552972111444	0.23986815565415584
g200	185.12403087664825	-0.2465657238983419	0.20024167313331895	-1.2313407096542828	0.2181954620726314	0.39888032412793395
g2000	2800.538850357862	0.11561806720184609	0.09277676851066195	1.2461963167919479	0.2126923309408184	0.3920476314949167
g2001	550.394205487394	0.1249917879813717	0.1411510548819261	0.8855179161496756	0.3758773610168027	0.5655862183214361
g2002	129.4952270763385	-0.02981694192498336	0.26617312499034007	-0.11202085832694596	0.9108068681090872	0.9541213588254841
g2003	2757.2118255477367	0.3930886445862069	0.10787368702090656	3.6439715322794517	0.00026846312667636057	0.002753935606530601
g2004	1337.9304115807502	0.33959160514667436	0.12261641056924343	2.769544497103849	0.00561347360061041	0.029028579236033282
g2005	3888.033710361136	-0.2582932245758028	0.11969226512189828	-2.157977579526539	0.030929575003222732	0.10206219024227782
g2006	272.50900478973773	0.9808968012118461	0.21998546438736155	4.458916428608362	8.237502882275795e-06	0.00016494111357093734
g2007	812.1920880284084	-0.00247165001379919	0.11389917822042925	-0.0217003322799731	0.9826869987149883	0.9918832674195402
g2008	891.0565577566027	-0.3505985175241991	0.11843522131238594	-2.9602555189174415	0.0030738398277752213	0.01880671855729572
g2009	392.3024890879774	-0.19331221184762915	0.1436847918285093	-1.3453909031538367	0.1784990313957342	0.3434677154755004
g201	604.0317325053758	0.4113244966949015	0.12518733351792605	3.285671841840152	0.0010173946289112352	0.008009638753607398
g2010	4867.885093478487	-0.19239708210784462	0.09088896637892126	-2.1168365069279176	0.03427372583457869	0.10983303482643002
g2011	2068.9746937961363	0.11686335669594915	0.12132673954225001	0.9632118784108051	0.33544120525823873	0.5249960820273014
g2012	307.7167790262512	0.12094226503462463	0.16585063321766003	0.7292240173475956	0.4658646420603906	0.6477286693917372
g2013	180.29845247306002	0.708076484713888	0.2170199234257897	3.2627257144711685	0.0011034626152609053	0.00851855086423296
g2014	1344.3358949393817	0.06644289280736326	0.14182527092192163	0.4684841592436777	0.6394383964428194	0.7818870532783027
g2015	693.4409997697193	0.17437048063374128	0.11862127355624733	1.4699764671727205	0.1415681276333196	0.2921922809271632
g2016	624.575089766356	-0.5890011493886079	0.13516842208784877	-4.357535142385578	1.3153538379198935e-05	0.0002474792642966583
g2017	711.7926002676418	-0.35950458298968624	0.12249338485025946	-2.9348897773472276	0.003336661900434888	0.019957814248278125
g2018	1011.3464320243214	-0.08089175214982793	0.134062994049733	-0.6033861374140259	0.5462518421014133	0.7157586615525288
g2019	857.882570551459	-0.4706570277684739	0.1501623743012369	-3.1343206309744462	0.0017225252720893553	0.012108999817760365
g202	4054.5948835942036	0.19691868333231566	0.08786241756798922	2.2412163104883507	0.02501206684004411	0.08758863851685206
g2020	1548.082671041424	-0.08570414532101576	0.10721140222712951	-0.7993939407624742	0.42406202276699057	0.6105393348380586
g2021	731.1264794850813	0.1473283299924623	0.13838547405714402	1.0646227936584256	0.2870466607769133	0.47471636722211413
g2022	261.8288303273908	-0.1403798918619139	0.2111246621070117	-0.664914702341881	0.5061050514652354	0.6808679858740719
g2023	2108.0650077512214	0.12418040153706483	0.1322547841812396	0.9389482755262012	0.34775730160776896	0.5362678976998888
g2024	181.36299276364798	-0.4358831936568686	0.2565399285359924	-1.6990851917061887	0.08930313311678688	0.21215816709620544
g2025	536.7817741232082	-0.10790575299987729	0.16392376309466944	-0.6582679104161331	0.510365994072059	0.6846594270156442
g2026	68.15571463343862	0.7303699482128458	0.3159238125289175	2.311854691694039	0.020785692284666514	0.07618057123749135
g2027	938.4419379936904	-0.36568594344556377	0.11937641311499332	-3.0633014839648816	0.002189093940499421	0.01422180221672767
g2028	494.3164340155908	-0.16271407407728725	0.1440806992363736	-1.1293259606572592	0.2587603533518549	0.44849418452858225
g2029	1478.2707611494368	-0.08572494286051441	0.13751995594614766	-0.6233636585375579	0.5330455737835351	0.703579803211994
g203	2479.6911488982437	-0.26540573618633506	0.10081221003826894	-2.6326745151761415	0.008471548877495046	0.04017600127203995
g2030	1544.5336801504127	0.16408377067351004	0.11089669470045128	1.4796092085226262	0.13897756758834817	0.2888466159862866
g2031	926.948967814952	0.048895707009530706	0.1152008003220187	0.42443895244523844	0.6712457180285709	0.8041740988758664
g2032	1326.6890893167702	0.2426352404319031	0.1257741661686786	1.929134160241615	0.05371420917307448	0.15132174599131054
g2033	512.857767596366	0.15681816347069616	0.14280994657678517	1.0980899246144535	0.2721652244508248	0.46199674135220165
g2034	248.36027621360117	0.6595882166157164	0.2149054838668845	3.06920142170162	0.0021463182944097174	0.014091046193733362
g2035	261.4703825657291	-0.18160875760430542	0.20122588718877638	-0.9025118991471137	0.3667850033455925	0.5562488951834432
g2036	271.85098813118816	0.14048242006446138	0.19598140052699228	0.7168150635045232	0.47348821579374145	0.6556925952389486
g2037	237.4716922436055	-0.4914716410246387	0.2158144659783053	-2.277287756391843	0.02276904759735589	0.08154948261861336
g2038	669.1970162564361	-0.03046334728398203	0.12445282590298407	-0.24477826889788282	0.8066281210451441	0.8916606608917772
g2039	469.36966764323347	-0.4674792484322764	0.14227057446095537	-3.2858463544095065	0.0010167645441934335	0.008009638753607398
g204	4982.47471701557	-0.5408756271262244	0.08260689854364188	-6.547584241290399	5.847523758222224e-11	7.358134062429631e-09
g2040	3914.440041552258	-0.17298063177411865	0.10082760002076438	-1.7156079460236595	0.08623382318682768	0.20726020827564975
g2041	750.3707218425076	-0.5016951125861391	0.1370084905282815	-3.6617811834265726	0.0002504677528235982	0.002604726630603535
g2042	2576.090007084984	-0.05262538894456257	0.1051927209247277	-0.5002759552366698	0.6168807823177971	0.7662536101870746
g2043	1936.0466978611432	-0.06023076704244232	0.12144598566850359	-0.495946957084666	0.6199318350539027	0.767796153979161
g2044	1936.0466978611432	-0.06023076704244232	0.12144598566850359	-0.495946957084666	0.6199318350539027	0.767796153979161
g2045	454.6646672627243	1.4570613391993232	0.17589612275970726	8.28364671340609	1.194596455216611e-16	6.442288026346724e-14
g2046	326.1794969917879	0.5851539044850462	0.27711049174206537	2.111626668504879	0.0347184832901092	0.11069448853054244
g2047	700.967322513024	-0.07346144640964124	0.13319192476115646	-0.5515457978505408	0.5812595808267623	0.7417712480795036
g2048	839.8629138469877	0.06635379274896934	0.11640967935259704	0.5700023667962196	0.5686760928174461	0.7326799489371533
g2049	710.41851343081	0.3591819053607015	0.12665593178552348	2.835886960027523	0.0045698617465000394	0.025261310331190265
g205	2083.464934623021	0.2814254840165483	0.1260528822472891	2.232598564977285	0.02557542882667618	0.08881991151858563
g2050	358.17967982843055	-0.1485659348038588	0.1545468269540812	-0.9613004532794488	0.33640112008328316	0.5257156972193474
g2051	168.83363978852807	0.0022325043419195653	0.21532756125623484	0.010367945138536802	0.9917277248506948	0.9954826852074111
g2052	2574.4066557970714	-0.37774492773936647	0.10226772543155783	-3.6936866068481238	0.0002210261768173086	0.0023691758398279293
g2053	94.10379909169154	0.5344145936426332	0.3907230558632114	1.367758020990005	0.17138783176616734	0.334188566589505
g2054	896.4892701521763	0.06828748492134712	0.13409410199602484	0.5092504733979386	0.6105766682847904	0.7614066666673694
g2055	156.95501332078572	0.09161634207592721	0.26067293244492923	0.3514608947566216	0.7252426049753138	0.8417465345639633
g2056	957.2249412892123	-0.06930060314980982	0.1307456482513704	-0.5300413748117498	0.5960832444808681	0.7505717971698723
g2057	573.2063435456045	0.08095688764567507	0.1471410798304077	0.550199086067498	0.5821828303663533	0.7420848721710053
g2058	118.01111571039819	-0.25675285674312787	0.24102771879539586	-1.0652420311917767	0.28676641778241896	0.47459150685165785
g2059	556.0303673092325	0.07846116003250513	0.1672418033533507	0.46914801478629925	0.6389638407698985	0.7816229743701771
g206	1840.0236859552867	-0.08479030615553991	0.09879723424916931	-0.8582255039821911	0.39076795570747114	0.5802174711221922
g2060	684.5374732432236	-0.03696502647307701	0.1306569101646292	-0.28291673533761563	0.7772406655264401	0.872460158299825
g2061	4076.631379176813	0.22040242179340416	0.12954139994667144	1.7014052795796375	0.08886691059631746	0.2115211774912348
g2062	1142.062132284282	0.5832418427109898	0.18436373116852345	3.163538940193499	0.0015586349920103677	0.011271737729576892
g2063	369.25747697456967	0.06922798678065349	0.1604189745426924	0.4315448778924204	0.6660722286184655	0.801537348751899
g2064	435.6799216596598	-0.11049101986755598	0.17486554168421212	-0.6318627375260163	0.5274765740136478	0.6984300480187724
g2065	538.1883271129662	-0.10479380611515926	0.14062571791650025	-0.7451965946753991	0.45615288119315867	0.640902497805172
g2066	1111.045425703262	0.018047124117700923	0.1256716396843098	0.1436053843415725	0.8858120886429073	0.9410433232863691
g2067	920.0074875801583	-0.12451860874889865	0.11599037185147515	-1.0735253862996823	0.28303545472688163	0.4719341173118278
g2068	740.1752411194528	-0.14105052195895262	0.12914933723948044	-1.0921505675046859	0.2747669259674351	0.4657589337795544
g2069	128.8682901813398	1.1849979232532877	0.2365274329247531	5.009980908346785	5.443543537189809e-07	1.712448071074294e-05
g207	450.90686994334584	0.0426032873000417	0.14015677791655706	0.3039687978943534	0.7611516627420829	0.8618318916770735
g2070	2981.2696522134534	-0.10554199179037937	0.09445175958253302	-1.1174168936276467	0.2638161152305877	0.454084973281088
g2071	2139.634221753962	-0.09932135339934633	0.10007038763362018	-0.9925149262235674	0.32094640191718793	0.5079969254664085
g2072	715.5267682615698	0.3019914107759691	0.12209653497136866	2.4733823187266157	0.013384087582464274	0.05576703159360115
g2073	3460.3942517898395	-0.22857354962923215	0.09832086415944863	-2.3247715689169546	0.020084178029329106	0.07460928812150051
g2074	3061.7877990579477	-0.1793745339050315	0.0994788055757136	-1.8031432209799607	0.07136572483421133	0.18277178510797
g2075	161.40892646602933	0.5485052048801086	0.2260330864226088	2.426658917777113	0.015238574773027522	0.061354278875507644
g2076	680.0261543896431	0.12723435217060172	0.14057378801669834	0.9051072320501738	0.36540858114364505	0.5554964427642122
g2077	1148.6997090626376	-0.2822122673953084	0.12795179299247186	-2.205614011301214	0.027411037199943075	0.09305455524261251
g2078	1211.1669080317881	0.17687904565094245	0.12406880193254285	1.425652886912803	0.15396856215544055	0.31013265150512703
g2079	2466.330517133981	-0.0834678283796869	0.10028402902140711	-0.8323142697215472	0.40523157813381017	0.5937997510403095
g208	1292.0159411639231	-0.17699808338882567	0.12748686302389522	-1.3883633120351422	0.16502644218531293	0.3258236502351236
g2080	781.988066096128	0.048352380128788154	0.11618332771009512	0.4161731384509727	0.6772833140972965	0.8078580340045499
g2081	642.5935582235738	-0.012878863540465918	0.1449262020628849	-0.08886497649940246	0.9291892180986359	0.9636509061325139
g2082	4516.820797939011	0.5163057651680708	0.3961198147797585	1.3034080747895314	0.19243548122538434	0.3624969768591946
g2083	3291.9341985703436	0.5100234313219335	0.32593541609026533	1.5647990557144194	0.11763003324615902	0.25682670648019107
g2084	164.5822999191831	-0.09107947792073663	0.2562716900052982	-0.35540202633718004	0.7222884310283015	0.8415889545234954
g2085	1334.3602875904137	0.4144896546729137	0.1489014431115117	2.7836510245404678	0.005375083210913896	0.028064922712586385
g2086	167.26778820378203	-0.05245433927075362	0.23345107901466958	-0.22469092664788023	0.8222197236298914	0.9025529097711078
g2087	216.29149933140286	-0.16926158534803193	0.18998867268184935	-0.8909035626111957	0.37298090888428514	0.5628425548879328
g2088	1394.193068297871	0.527190712242424	0.12234400913671555	4.309084817167509	1.6393149483281405e-05	0.00030040844320090924
g2089	4246.526257432502	0.7079159025691029	0.4054594575078885	1.7459597734388272	0.0808179420682283	0.19836653531050835
g209	1004.750593488758	-0.33601845746883746	0.10909576823465471	-3.0800320022138115	0.0020697835402284782	0.013780304875418882
g2090	5037.028577818473	0.385559364612039	0.3297315230090586	1.1693130250135249	0.24227753729442714	0.4287846710203762
g2091	6969.3077164993265	0.5439724503656451	0.18850976657066587	2.885645981433691	0.003906112633495833	0.022478010962571297
g2092	283.7315770979696	-0.042524587002118135	0.20553836376831508	-0.20689367290114402	0.8360928979101682	0.9101779892088229
g2093	347.9251482212867	1.0543020459626256	0.2940369675488737	3.5856105262933764	0.0003362905357315331	0.0033059811780899407
g2094	898.1632739816001	-0.19003480473218992	0.11131642476304832	-1.7071587156765413	0.08779255614702118	0.20975753130063604
g2095	50.489218791958926	0.4453931066975702	0.34297495016515567	1.2986170170244102	0.1940753950628722	0.3648578766744734
g2096	552.7389994739823	-0.15715713635108722	0.1900598837503496	-0.8268822081229865	0.40830382869598947	0.5964964989656967
g2097	103.958227977529	0.6921173719776065	0.30927677009961496	2.2378576048717864	0.02523034246262375	0.08802637966395994
g2098	3627.8490966561567	-0.33958798835058507	0.09183154689620401	-3.697944767656118	0.00021735216565504882	0.002344298358136598
g2099	67.98347265354172	0.5143479491014984	0.4336448288765208	1.1861041913818315	0.23558115551697079	0.42068063485173357
g21	5157.428373920532	0.1556689531196044	0.09453652695095377	1.6466540303555532	0.09962917803156132	0.22932935796899023
g210	387.5763292981447	0.04750057473198146	0.15466409911107643	0.30712088328829024	0.7587513627870055	0.8600277193978444
g2100	1817.356442175007	-0.228220404867097	0.11871807501585352	-1.9223728554950086	0.05455885861552615	0.15244980849268042
g2101	955.2942903185664	0.07598329143636968	0.10930648287114093	0.6951398438640164	0.4869676671178763	0.6677453481184101
g2102	1108.795781929231	0.09746717857567273	0.10832195725017488	0.8997915201122844	0.36823120794799336	0.55725033066395
g2103	649.5203843067156	-0.060480414235945766	0.1570529363291305	-0.3850957240888449	0.7001664958697862	0.8246890863988902
g2104	3507.2862451800524	0.17751184256355826	0.0929635468251353	1.9094779472803307	0.05620046390889506	0.15576853983559388
g2105	372.9581742577873	-0.012744510424401017	0.17582510994559292	-0.07248401794456241	0.9422167238438433	0.9691738780682584
g2106	192.925576003718	-0.10249153336859015	0.24721150541670325	-0.4145904665554662	0.6784417283333205	0.8081784551777484
g2107	1157.4889484504345	-0.0020974847678444613	0.13879910916050864	-0.01511165871690797	0.9879430997135079	0.9938895320654855
g2108	1605.876952948689	-0.14475097461477443	0.11537919656617776	-1.2545673650253748	0.2096358567326605	0.3875491474856971
g2109	962.6815355654816	-0.427954131054252	0.11461008897440592	-3.7340005132516763	0.00018846210885232204	0.0020986562268953263
g211	410.80500149073436	0.40621132932484877	0.14178914805102258	2.8648971723750987	0.004171446739393318	0.023639591220847696
g2110	135.2758498255363	0.034914081615641995	0.2355616481328396	0.1482163242292862	0.882172049234494	0.9396725411569454
g2111	1110.1674905793059	0.06439827072421023	0.11102885422197815	0.5800138277159901	0.5619052929775205	0.7272878878845924
g2112	1130.6974638371019	-0.34968091813609015	0.11931020255709784	-2.9308551208665046	0.0033803038940966087	0.020063910692161475
g2113	2371.4991473654104	-0.6233458881122371	0.09652955503074917	-6.457565125144028	1.0640096885443538e-10	1.1157323817374822e-08
g2114	706.8710413680368	-0.058522553296685355	0.12194291870309087	-0.4799176034089956	0.631285983527689	0.7757040514502413
g2115	1744.791270319741	-0.02148364956708542	0.09789634079829757	-0.21945303973464783	0.8262971570790392	0.9040056911028133
g2116	823.8302734211052	-0.019879231035581563	0.12507564847698915	-0.1589376611486356	0.873717988510268	0.9338293903245363
g2117	226.79987962046246	0.6607130860309381	0.1773502215689665	3.7254708800800986	0.0001949509583194919	0.0021581814300764865
g2118	360.89615260065233	0.1982711056162956	0.15141866709770685	1.309423133994146	0.19039105936785516	0.3600832911391048
g2119	2117.836188953152	-0.9463805268938397	0.48166128929460095	-1.9648257975637318	0.049434403289564444	0.1423454404409655
g212	783.3053276383897	-0.45168730895973647	0.15121363510938335	-2.9870805541643093	0.002816554972440808	0.017458940921123236
g2120	3795.0995585185397	-0.0853542533655938	0.11631438909426677	-0.7338236827811442	0.4630562046837159	0.6445564796021488
g2121	713.4085269930497	0.04028017218793387	0.13782998428108856	0.29224535138730806	0.7700990389408405	0.8681517391288336
g2122	692.2954539591739	0.26194396416251314	0.13124114309463558	1.9958982220509167	0.04594500228756558	0.13529047085457102
g2123	777.5682716992006	-0.26999805160006607	0.12770491713410279	-2.1142337950585053	0.034495303762776146	0.1102017045783281
g2124	226.82344514870945	-0.15404602157946937	0.18801819142866133	-0.8193144525481629	0.41260702890731527	0.5997336167832286
g2125	270.64810475786754	-0.13648339606927018	0.18551149172167455	-0.7357139700759784	0.46190478603455176	0.6439342055311851
g2126	353.79799232409897	-0.22649759481717852	0.17335987040186107	-1.3065168674396228	0.1913768467569359	0.3614045005039685
g2127	497.0193398786282	-0.03849185978088701	0.13321053615271883	-0.28895506986593106	0.772615760593475	0.8693366605783512
g2128	149.6796079629153	0.30487946270883487	0.22799548051776727	1.3372171326223994	0.1811517710808982	0.34677887212494457
g2129	583.7672535832521	0.35541808094776695	0.1533591483481449	2.317553825618035	0.020473582143650262	0.07562404363236765
g213	2177.9673610092987	-0.1948523983769843	0.09995070679621094	-1.9494849473577809	0.05123753870054327	0.14628665926716683
g2130	203.94184298922767	0.3474319599133143	0.21065875451699434	1.6492642838885017	0.09909350332969062	0.228374832154812
g2131	88.74434640831333	0.7226526310027029	0.3010435485510608	2.400492003502051	0.016373048480665613	0.0642497484558344
g2132	1799.1478778904775	0.40958865335269345	0.0995012113476388	4.116418763201451	3.848048740853891e-05	0.000611375819902744
g2133	876.9330117443278	0.26465545434731724	0.18137586372963865	1.45915475689652	0.14452251806329763	0.29699102106094094
g2134	1679.4890306556729	0.07842980470979638	0.10888403557981827	0.7203058216215987	0.4713367211470407	0.6536723447208225
g2135	711.0565866644896	0.3487263744748352	0.1352639806479878	2.5781170478958755	0.00993403422063696	0.04491135231485571
g2136	672.2340021238687	-0.39818133056137683	0.12867912281139143	-3.094373989050285	0.001972286965382371	0.013345365128195234
g2137	473.1359868203646	-0.32459763832040556	0.16837130323225255	-1.9278679447687905	0.05387155379787969	0.15150902610820421
g2138	915.9477299365641	-0.45324846896815196	0.1177458733748367	-3.8493788017968447	0.00011841775813453977	0.0014561141268986566
g2139	594.2273569164128	5.736904109842225e-05	0.1599219067053902	0.00035873159769229176	0.9997137736028682	0.9997137736028682
g214	104.28921895973623	0.5521425578485059	0.2536832367838916	2.1765039142845164	0.02951760130928894	0.09826185621037543
g2140	203.95677354318914	0.3779643663646291	0.1949118496938907	1.939155402599804	0.052482418214317476	0.14872019384971275
g2141	313.27524961649186	-0.03479121498083409	0.16767174186936215	-0.2074959954071505	0.8356225198242877	0.9101779892088229
g2142	1430.707391053811	-0.11641697907088175	0.11642313870658834	-0.99994709268471	0.3173361125830608	0.5048048613973833
g2143	83.51939924795899	0.9849620680161217	0.3743754077215039	2.630947566803935	0.008514717154170051	0.04031718917553294
g2144	2182.9004031748223	-0.4179232511099278	0.09244107752679107	-4.5209690571684025	6.1557186560087635e-06	0.000129820323611358
g2145	1434.8807604045696	0.34462141136307917	0.10256352826801796	3.360077575164127	0.0007792058982812131	0.006415199043785957
g2146	2542.957445803402	-0.18132863019983697	0.08929446783453614	-2.0306815707311383	0.04228730702883011	0.12761551592598963
g2147	545.9705934446745	0.0941225421644912	0.13512866725598058	0.6965401500348587	0.48609062226053357	0.6670272988126188
g2148	209.49536392407197	0.05198579857294428	0.18791936807551413	0.2766388537026909	0.7820574275880912	0.8745038396444287
g2149	958.7881906620281	-0.04099922795796338	0.12327886544875401	-0.33257304736476845	0.7394565913734905	0.8494088449989844
g215	2272.304285056222	-0.16721595281644308	0.09310890076280381	-1.7959180212257901	0.07250755589678744	0.18494325912863013
g2150	3837.429773287878	-0.4487649152757009	0.10696879423534947	-4.195288153742689	2.7252489950291217e-05	0.0004609291039415813
g2151	2725.7022957847507	0.29519319421875106	0.10378269085284404	2.8443393767590064	0.004450361795591178	0.02470605261523044
g2152	456.2094300557708	0.5178194593279899	0.18435196836765583	2.808863197464184	0.0049716767929081935	0.0265460818857545
g2153	430.66998552596243	-0.11659330217621319	0.14099297555622903	-0.8269440496325644	0.4082687746584358	0.5964964989656967
g2154	508.9198802535712	0.09221173056799574	0.13258165469713115	0.6955089735351678	0.48673638954059273	0.6676707378327535
g2155	413.40427503908563	0.3140177567273067	0.19223270507016785	1.6335293030012008	0.10235772296052228	0.23432407772951583
g2156	1693.3021973951984	-0.016009191271651426	0.13686012438503964	-0.11697484087192174	0.9068799906631749	0.9522905192469718
g2157	216.71991761663153	0.15368454720986902	0.2094009444867605	0.7339248043343274	0.46299456867637234	0.6445564796021488
g2158	129.93600933093566	0.3525312267354821	0.268165745409088	1.3146020055532976	0.1886436957486496	0.3573095330922475
g2159	1141.6693294032536	-0.0989782562176637	0.11938820386990184	-0.8290455255154101	0.4070786467295523	0.595628640079093
g216	339.46845167447646	0.1351557246799251	0.1570051882993457	0.8608360407952731	0.3893283519971611	0.5795688413645512
g2160	3071.4590543185823	-0.12357081795208687	0.09901659743573003	-1.2479808552530252	0.21203806831073901	0.3911997611337699
g2161	475.16013727721673	0.29219730210597333	0.17623111846421785	1.6580346572861442	0.0973104712995132	0.22578182492665175
g2162	2598.317241758386	0.044959177206820126	0.13420283930337115	0.33500913572467733	0.7376181947288353	0.8485400564348236
g2163	11284.284485246906	0.2043745566969878	0.08662165169657673	2.3593934391009155	0.01830483718612097	0.0700109021049713
g2164	1177.15442857461	0.3777610401719382	0.1199231821189203	3.150025153579866	0.0016325640600215747	0.01158481626782689
g2165	458.93149114495526	-0.22518972359441505	0.1456316288203897	-1.546296813531804	0.12203290118551176	0.2638454765036122
g2166	1351.8117076654294	0.09812461055705417	0.12185112383022978	0.8052827702579682	0.4206565221096349	0.6077223004071457
g2167	211.6607042399553	0.27648647629108586	0.19709390791989473	1.4028159429638931	0.1606717315666386	0.3199028410675426
g2168	3422.0216248027136	-0.007019136315182487	0.16558681918184148	-0.04238946281995021	0.9661882282519937	0.9817928833516222
g2169	3247.6471881591947	-0.010224143009542979	0.15930939387269805	-0.06417790414614816	0.9488285710549776	0.9730059397774555
g217	743.7646704857892	0.4038972544320542	0.14948847278941765	2.701862203121298	0.00689523324227991	0.034249349328429816
g2170	2972.1509802857013	-0.0775433549492709	0.14323916561918187	-0.5413558129445476	0.5882623574958099	0.7456985895052661
g2171	3418.7500218049627	0.02031493078196806	0.1691620398728124	0.12009154534458333	0.904410629758314	0.9514016751515393
g2172	3082.3174238741267	0.0342164184075564	0.17545121644057027	0.19501955644261013	0.8453776377314145	0.915987538012655
g2173	2812.1717335227745	-0.02481261028567641	0.1569207850831499	-0.15812188469824817	0.8743607560507036	0.9340552785415166
g2174	378.83893524321996	0.30490645290993745	0.1609856641531205	1.893997546389768	0.0582253355475862	0.15904532683946304
g2175	1087.6187044490887	0.4129275424684268	0.14957074526413902	2.7607507185927624	0.005766867509056545	0.029740334490011552
g2176	673.0796666015717	0.33167075236737087	0.12046117004303158	2.7533416141391474	0.005899030616087387	0.03021552316924001
g2177	4091.5591861351836	-0.07328144830083873	0.12573298561398688	-0.5828339154040314	0.5600051112107602	0.7260755224938642
g2178	3623.4892526709614	-0.4069827256039999	0.08747771805556849	-4.652415891158388	3.2806856762664807e-06	7.551578309698759e-05
g2179	655.8177695561681	-0.03627428562983016	0.1258239333375466	-0.2882940047066999	0.7731216959871463	0.8696434481258946
g218	351.09361290489505	0.2132426763182188	0.14795268170965173	1.4412897005590937	0.14950285579126002	0.3043496008377056
g2180	850.7546413381506	-0.1882962690399427	0.1171511166548355	-1.6072938476098653	0.10798992328897673	0.2426950185971583
g2181	39.1364431928777	-0.09024421172792763	0.4076669732059768	-0.2213674829192775	0.8248063092430681	0.9039430719296699
g2182	346.60672751438943	-0.46647644470847427	0.15308935390406084	-3.04708611547743	0.002310714997254052	0.014860219956787133
g2183	311.2196086267653	-0.04837559328138913	0.17603823650780806	-0.27480162401674285	0.7834686503335319	0.875027856511563
g2184	952.67668743752	0.5720794454363	0.13329701559984236	4.29176484456098	1.7725861570282532e-05	0.0003217073434029642
g2185	1953.2807198502485	0.18013182617707163	0.09697192681336743	1.8575667422155495	0.06323056505778596	0.16774095790101334
g2186	1104.0004959450619	-0.014565859780781997	0.10859480796054956	-0.13413035166537152	0.8932994993372922	0.9456549663483673
g2187	988.6613190644904	-0.5488640813570922	0.1150634185486161	-4.770100595657069	1.841339408776549e-06	4.728609706211887e-05
g2188	988.1691064129906	-0.5476698925595056	0.11500838051897005	-4.761999865472154	1.916838104650299e-06	4.889232327739784e-05
g2189	1547.9129002320597	-0.2872380473779821	0.11944008200671709	-2.404871484949486	0.016178154000451694	0.06401732846090687
g219	767.0785903973792	-0.2242283081035769	0.15718765981715022	-1.4265007085442474	0.15372386253111706	0.3099933659481661
g2190	1517.7195442293644	-0.19179752117903837	0.11054760531999402	-1.734976715450834	0.08274492955175375	0.20165404070876072
g2191	99.64970320642743	-0.1760084065104332	0.2749891545909106	-0.6400558115547257	0.5221363155730814	0.6950157233033788
g2192	951.7303996438535	-0.057009745969114865	0.1371758050732912	-0.41559621930890306	0.6777054936586817	0.8078580340045499
g2193	558.9897726539755	-0.1423758269188119	0.1543762906562801	-0.9222648524170894	0.3563904426213641	0.5466777411197276
g2194	2592.055299482303	-0.09780254897369363	0.1077674862847487	-0.9075329892661205	0.36412501242270656	0.5547102186826947
g2195	45.98204362037411	0.3422688335393106	0.5080713829266638	0.6736628848641816	0.5005256633734041	0.6772307966269825
g2196	235.00109833015497	-0.27291629968105297	0.20139188855837348	-1.3551504066756301	0.17536964162488589	0.338976137805399
g2197	1069.3615335205582	0.48716218959165275	0.128073901167785	3.8037584952881156	0.000142517128007475	0.001679047287885191
g2198	534.2448712776513	-0.027234548496679053	0.169783209550753	-0.16040778454325236	0.872559857845269	0.9331199612934533
g2199	872.7252500188283	-0.2359812299215381	0.11037175525432975	-2.1380581415758617	0.032512024665969474	0.10553129244542972
g22	1394.4798082890347	-0.9762503664602274	0.11489053191452345	-8.497222096478243	1.9418168180383462e-17	1.4660716976189513e-14
g220	736.7362867795606	-0.14030394580583705	0.1312594717961859	-1.0689053055439306	0.2851123410340124	0.47330654679129147
g2200	106.87901231036653	0.02705794380578852	0.26685764482242436	0.10139467364254731	0.9192371645024678	0.9588853557950934
g2201	6266.638646606949	0.6195529649918438	0.11848825103614426	5.228813486350239	1.706013647733786e-07	6.3139230590147465e-06
g2202	461.32311397832547	-0.009355489828436632	0.21116290228292078	-0.04430460903545423	0.9646615978049728	0.9812981761556918
g2203	1052.8378478035659	0.0011343485255271924	0.10811379936986652	0.010492171509452641	0.9916286119385613	0.9954826852074111
g2204	171.01662627897977	-0.17321818954508914	0.20132434267475754	-0.8603936674708318	0.3895720753622992	0.5795688413645512
g2205	477.80218691302883	-0.4276141121991718	0.1645103091401059	-2.599314987822389	0.009341001626097054	0.04300278187623949
g2206	297.7558053749151	0.09553236190647611	0.19226322206252858	0.4968831838020832	0.6192714306864545	0.7674818289039284
g2207	88.36573125214841	0.021871059413942122	0.3187524182804943	0.0686145677950469	0.945296422773071	0.9711201018463324
g2208	1074.5811480317952	-0.060624629905812716	0.12708652845542598	-0.4770342745421365	0.6333377153982018	0.7768747334470354
g2209	756.5704031087334	0.07983839202894408	0.1988091154359337	0.4015831560533854	0.6879908281949112	0.8158260576209163
g221	1017.8425320761436	-0.3271796628526467	0.12832891685228326	-2.5495396585420913	0.01078652420940456	0.04785253262206262
g2210	351.85750372747276	0.8485882485065748	0.17644547009693623	4.809351285926322	1.51420899522781e-06	3.997299969919569e-05
g2211	325.8992516962124	0.16808322074002613	0.2129417963716513	0.7893387939992172	0.4299140184723139	0.6168473659190364
g2212	1630.3370480285002	0.341725231388064	0.11452662262270075	2.983806066768002	0.0028468714966747182	0.017589099672581116
g2213	765.2493830769786	-0.14092413976600865	0.1308857050861601	-1.0766961882754147	0.2816160158232176	0.47165060325317054
g2214	856.6099481093794	-0.06410797186854807	0.11156608724438674	-0.5746188062338231	0.5655491303678254	0.7306208158709212
g2215	316.0686645736981	0.01764917407936637	0.2142293854202485	0.08238446861407189	0.9343409863133696	0.9661603548990473
g2216	771.5010674696911	0.03785457912029906	0.12280878449070085	0.30823999502385296	0.7578997214006675	0.8596969496056249
g2217	750.9811535651985	0.05571235379680981	0.11432857520263813	0.48730034200167527	0.6260455053941834	0.7720750679069069
g2218	303.4074639289322	-0.35588162847025734	0.16578172966527685	-2.1466878719917055	0.03181813894356934	0.10408446664815796
g2219	3035.472882142158	-0.08084561391398604	0.1554939441582875	-0.5199277332092623	0.6031139449112859	0.7546420755850528
g222	98.00271949737355	0.09939164127814834	0.3240479975546141	0.3067188874123414	0.7590573522182616	0.8600277193978444
g2220	47314.93898470871	1.5517855320876384	0.5326520121639529	2.913319571972238	0.0035760842632805534	0.020929795494393937
g2221	11988.057652659088	1.427904052839221	0.4639048108409843	3.0780108752281796	0.002083873100673896	0.013801089394813958
g2222	283.18890381842704	1.0277213963473164	0.3161848502152874	3.2503815272855423	0.0011525027699293689	0.008796745114274277
g2223	325.76803290625446	0.2503579712271013	0.24164052637785313	1.0360760878149085	0.3001666468945263	0.4877869530894692
g2224	104.11176047304525	1.2645436924990785	0.3324849090846698	3.8033115427114095	0.00014277461706255532	0.001679047287885191
g2225	4735.785012966916	-0.2612454305317164	0.11919579816870121	-2.191733555590343	0.028398751305906078	0.09487147880995193
g2226	46.50031370404215	0.9055449567633361	0.5958882774520518	1.5196555982529811	0.12859755653722624	0.2745903304248083
g2227	994.5363056265397	0.5964323974682018	0.1403897914429687	4.248402902646192	2.1529992570169536e-05	0.00037979309323546727
g2228	2770.814792122101	-0.0388588551974307	0.11296650017055675	-0.34398565184157803	0.730857076576628	0.8446936767067584
g2229	461.7240075531151	-0.35811866494627936	0.16817012681551993	-2.1295022589780768	0.03321272818770693	0.1075283438324131
g223	1180.7734748011262	-0.24417330683381752	0.128019770742781	-1.9073093586803378	0.0564805390190784	0.15642995949891486
g2230	130.3342991091645	-0.012059974780289535	0.25824002187021255	-0.04670064187940121	0.9627518187598879	0.9801478198000476
g2231	1208.3531915280294	0.24459506369973769	0.10778405569879895	2.269306551084468	0.02324969043593114	0.08303460869975407
g2232	1469.0618810224203	0.2550551405191501	0.11490997170373567	2.219608418116584	0.02644536034678926	0.09059095763078899
g2233	2047.1612874791117	0.2513731177690548	0.10637022708741613	2.363190571760967	0.018118349925976645	0.06957962458856748
g2234	1861.9203966227772	-0.43632138131850384	0.12423090172172598	-3.5121807478774687	0.00044444562108777866	0.0040767592150273745
g2235	1834.7261881044335	0.029971025280640405	0.12190319640089248	0.24585922408529215	0.8057912095536794	0.8909964311848683
g2236	1309.1607084790219	0.08256215599921274	0.12616678027550823	0.6543890223632811	0.5128612050622825	0.6870301806636325
g2237	1003.724264862405	0.10595396438681824	0.13006156876112868	0.8146446747956231	0.41527573039938614	0.6024849662788941
g2238	929.2296740562873	0.07469432360567546	0.12764780506532522	0.5851594829025833	0.5584404856748103	0.725684280007714
g2239	583.2709985272767	0.06207477607187961	0.14850683216624835	0.41799272913174124	0.6759524332400568	0.8072192960092456
g224	862.5067697362764	0.017968210138096918	0.11959475717081093	0.15024245680296722	0.8805733303449677	0.9387642818560443
g2240	58.83978810875058	0.7314319881023517	0.35059848183224923	2.0862383210555935	0.03695704060476119	0.11553347821007325
g2241	764.6901885643366	-0.01877497125866783	0.17296546684455835	-0.10854751298732153	0.9135613932203815	0.9560747680729234
g2242	633.7773078574793	-0.1832736212976063	0.12188354193103716	-1.5036781701117958	0.1326642527041889	0.2797822985817207
g2243	505.2840873504701	-0.3117677149926789	0.14299233643426165	-2.1803106569701307	0.029234441645336	0.09740513434346285
g2244	486.2021018994592	-0.860307319314518	0.1716734766282064	-5.011300150795496	5.406351136513743e-07	1.712448071074294e-05
g2245	181.53494129439557	-0.0524269550981419	0.20578159128766638	-0.2547698983669203	0.7989008258590423	0.8870148875346721
g2246	152.68319351223428	0.37895527191924155	0.2124807712448714	1.783480310707825	0.07450815027050943	0.18826523913733137
g2247	1273.4697973317166	-0.13459795003020383	0.11597800366252067	-1.1605472225738989	0.24582607909426135	0.43263097835936437
g2248	447.0868839841913	0.18281852923321834	0.19266843928620495	0.948876369739235	0.3426834942158562	0.5313146045583399
g2249	1292.3257949503359	0.834869513711432	0.2098097709564442	3.979173657668918	6.915521517031443e-05	0.0009633244917636051
g225	686.1986384197793	-0.13199747904958328	0.12093750773759757	-1.0914519533177658	0.27507406247381594	0.46586118700702345
g2250	1000.7176263988309	1.1553416989183478	0.5429541431384824	2.1278808045188335	0.03334696749135107	0.10775951017469929
g2251	1061.0371415103893	0.3067167421451288	0.11951690070920604	2.566304349636664	0.01027885945335885	0.04608396013827751
g2252	106.36227005272885	1.725804891709679	0.41164502503263334	4.192459004145295	2.7594696024052284e-05	0.0004609291039415813
g2253	942.2392411345163	-0.25534080711859314	0.10999661314260947	-2.321351538229149	0.02026787878435141	0.07501102197149664
g2254	641.3913278373215	-0.3142942567886878	0.12121124309735169	-2.5929464029690714	0.009515759881205234	0.043479376589624995
g2255	1426.3516163272914	-0.20319678322705922	0.10451471355802021	-1.9441930835341832	0.05187217153573993	0.14767529980951602
g2256	135.17442447996805	0.2680123891635627	0.245140869729217	1.0932994953457151	0.2742623244036745	0.46511243244558453
g2257	281.82121386347626	-0.08325998469834721	0.1835067545940686	-0.4537161854479137	0.6500331158846036	0.7900434682757175
g2258	292.53768868085416	-0.6972084764636594	0.16742543080189998	-4.164292563706202	3.123194284967406e-05	0.0005103921396429419
g2259	958.547280197798	0.028543037410751874	0.14095478806036313	0.20249782078015308	0.8395275618888391	0.9114801685735886
g226	206.1046867364008	-0.11222681187945935	0.19156520881833555	-0.5858413047532336	0.5579821638155836	0.7253383844365799
g2260	1434.110886080054	-0.045807753486229494	0.10722030093935067	-0.42723022678457806	0.6692116472866281	0.8030114330918693
g2261	660.7910502349927	-0.19041209783189614	0.18265718181223967	-1.0424561243238057	0.2972002573157736	0.48505446232902955
g2262	15073.578317331006	0.9185277863028671	0.1361910425773646	6.7444067459949775	1.5365353825776067e-11	2.0001451962863674e-09
g2263	173.1645695511255	1.2692295630720423	0.2554548599387727	4.9685081872243515	6.746995211579486e-07	2.005504482182091e-05
g2264	359.9064800793967	-0.5148581980261335	0.15411106082165804	-3.3408257349025905	0.0008352963355576846	0.006840007953861735
g2265	1750.3890795049356	-0.5014192755721399	0.10729983019066858	-4.673066813629927	2.967351820418745e-06	7.045127749736328e-05
g2266	3542.476831210092	-0.2487727891116435	0.09448427468452213	-2.632954424874217	0.008464570477285167	0.04017600127203995
g2267	4846.816739547604	0.06982133372301612	0.10348616972339585	0.6746924145481358	0.49987120483750946	0.6769801408157252
g2268	466.76454536941264	0.40132954497404943	0.22497287260266613	1.7839019448484978	0.0744395998447699	0.18821801032418375
g2269	4465.186663696454	0.0565644619485766	0.10287495128044345	0.5498370715566941	0.5824311292002494	0.7420848721710053
g227	61.77671323167067	0.8423563215641081	0.344591980549167	2.4445035552529903	0.014505165114991251	0.059196754928748076
g2270	11402.684167845282	0.8725989170505002	0.3768176923075813	2.3157058037981733	0.020574337310054997	0.07569862918095391
g2271	481.67985817500175	0.9479049773213029	0.23540256224508627	4.026740271137763	5.655544475131905e-05	0.0008275069920008892
g2272	403.6173079983775	0.4679100691462789	0.1909157343292852	2.45087221747393	0.014251053448578748	0.05834894443425681
g2273	401.66229018011836	0.09354286222260354	0.14601221002271192	0.6406509579442234	0.5217494838331205	0.6947457853509805
g2274	200.74413190236234	-0.21352501113123182	0.19339173342617397	-1.1041061960011005	0.26954707383960985	0.45929688181605877
g2275	1524.8066812807492	-0.026346769633734543	0.1096161493210176	-0.2403548181260812	0.8100552015196565	0.8946630736502935
g2276	51.86667167562084	1.0137370061046782	0.45763024131240787	2.215187971838242	0.026747165130485695	0.09129344337032866
g2277	694.8508058571356	-0.33895998863434557	0.14105908032355316	-2.4029646858384357	0.016262757831327922	0.06415037702535309
g2278	178.69270111456296	-0.20727804056853924	0.212359942751871	-0.9760693937026078	0.3290300771851611	0.5171059705969955
g2279	154.58373686996399	0.6179146872734526	0.24604006438160184	2.511439300857452	0.012023996210004308	0.051515416742100695
g228	70.74601087566805	0.20399151476286126	0.2944277659437433	0.6928406161321014	0.48840957998400114	0.66923635732835
g2280	1008.0546864123445	0.3821828519547005	0.1088454054801203	3.511244689372791	0.0004460136571672333	0.0040767592150273745
g2281	1708.567911332904	-0.09550894888655488	0.09342421825185133	-1.0223146703682717	0.3066319919905489	0.4949577804830963
g2282	390.61785417374557	0.16319621346413596	0.17283226996653459	0.9442461960126749	0.345043853420103	0.533609400516546
g2283	346.585997725617	-0.35242548243713767	0.16664809358585914	-2.1147885634561057	0.034447972044222036	0.1102017045783281
g2284	1841.0689225705837	-0.5724977598592623	0.10193033850435505	-5.616558997641334	1.9479775679564353e-08	1.0073445642514442e-06
g2285	736.781428959479	0.23955046710939384	0.12757457425067417	1.8777289167251752	0.06041825879113668	0.1629135192403864
g2286	92.97918066709201	1.1624664031027165	0.3067379220397386	3.7897707442645983	0.00015078638384190428	0.0017622866842203985
g2287	1033.6075050322008	-0.0808613466927355	0.14590907900305614	-0.554189960249436	0.5794488485413867	0.7404940430750625
g2288	1058.2230889850496	-0.1256137099070293	0.1244281533090706	-1.0095280414153045	0.3127214603291424	0.5002888090040183
g2289	1281.9885098957595	-0.2427153783427611	0.1154185601034026	-2.102914627641467	0.03547323292969601	0.11253063387361548
g229	8508.923780980436	-0.3455003578105544	0.09721334192341544	-3.554042593070601	0.0003793577698082735	0.0036226529323193125
g2290	312.8905356370347	-0.06268994030936682	0.19459242955061978	-0.3221602220299076	0.7473313175166261	0.8525765257253743
g2291	4640.028681634922	-0.5621350955944585	0.11036828250654312	-5.093266677961874	3.5194610444636913e-07	1.1757491542345517e-05
g2292	490.53203458579327	0.39614446446384377	0.15554677906874823	2.5467866762368425	0.01087198713779828	0.04811459723937691
g2293	1563.6294134628258	-0.07200380887605466	0.10312231875338489	-0.6982369068741603	0.48502904913002043	0.6662971835756285
g2294	160.613947221128	0.7628898606688155	0.31274068963385	2.439368735683196	0.014712946816143505	0.059593749174830186
g2295	727.487267942025	0.6057247215931966	0.14444544851523392	4.193449692042833	2.7474402947520926e-05	0.0004609291039415813
g2296	1011.9937120676494	0.2724172561905071	0.13820093453169408	1.9711679744686008	0.04870466574637872	0.14056583577414347
g2297	287.61972262859814	0.3341993454256929	0.16913203943569013	1.9759670996740217	0.04815850357696016	0.1395346216819447
g2298	1693.1584597231056	0.5545913535735383	0.1298898771741513	4.269704195885594	1.9573238219287616e-05	0.0003501847122171126
g2299	529.4001453137467	-0.15170253717985208	0.17101793078617195	-0.8870563249272945	0.37504857657769086	0.5647420728283937
g23	458.73298965493433	-0.26134001084988984	0.18148046408922264	-1.4400448674266408	0.14985470558949515	0.30463194054945836
g230	2532.3372921675477	-0.34672758109549545	0.08665554712702786	-4.00121622436045	6.301773914978501e-05	0.0008909811434098816
g2300	82.1367785065766	0.47685571968404206	0.3345398896128496	1.4254076553797195	0.1540393964429439	0.31013265150512703
g2301	458.64584429392926	0.6390635503651334	0.15059912792993596	4.243474442046227	2.2008544878343257e-05	0.0003846400783136379
g2302	596.2124768065435	-0.28096154421067965	0.15328791314397205	-1.8329008363940156	0.06681731935960547	0.17532795592369943
g2303	207.4915517842809	0.8835507521897747	0.23090915949145346	3.8263997588301697	0.0001300310643535002	0.001558308787093534
g2304	4209.811671591443	0.6827464613346144	0.15027184386327874	4.543409089701428	5.535168280872905e-06	0.00011940148720168696
g2305	597.3005885589718	0.0939358269188707	0.1714010228019885	0.5480470616992195	0.5836595887484382	0.7423567882497824
g2306	1848.1067915174133	0.3879489184770399	0.15321870053398395	2.531994574585187	0.011341574610108233	0.049611175148503564
g2307	560.0102934147161	0.12657128899322642	0.16232823212642142	0.7797244344696155	0.43555309324571245	0.6223364598798503
g2308	734.229885135443	0.07652415569372294	0.1454780303291258	0.526018640207024	0.5988752557970549	0.7521548650631557
g2309	535.501060594332	0.06379665925241405	0.16123308920783547	0.3956796930819689	0.6923413380343297	0.8186788086017142
g231	1136.749193483282	-0.3324467376132662	0.11308137187362127	-2.9398894981996304	0.0032832931695322516	0.019789625227125598
g2310	579.6244050145577	0.5014159798731038	0.21244809536763828	2.3601811021436125	0.018266015416120173	0.06993327403230594
g2311	1550.7649789084335	-0.4431024093640855	0.10228548518124334	-4.332016498518205	1.4774986709209416e-05	0.0002734096805258115
g2312	321.0684488329594	-0.08761337864985036	0.19971713536048086	-0.4386873389291909	0.6608881023802572	0.7978422086618071
g2313	389.67136893301955	0.15023194153963143	0.14834699331990847	1.012706345963198	0.31120044580751893	0.49926973349910075
g2314	889.4355879341992	0.13414791810698323	0.11447880818366873	1.1718144190648592	0.2412715723473685	0.42780656909878634
g2315	858.3477779125302	-0.04698112069067174	0.1450482361690847	-0.32389997928623704	0.7460137596696768	0.8523613628187137
g2316	1124.6340826507274	-0.07084993254740313	0.11119335553967342	-0.6371777540441623	0.524009066317656	0.6965261356863208
g2317	1603.068691212161	-0.3769469826241672	0.10722265453844697	-3.5155535390051815	0.00043883826802540687	0.004040523077551002
g2318	1045.7770350722124	-0.1107691045373372	0.10809749611351292	-1.0247148039490093	0.3054977757849453	0.4945913359202909
g2319	381.86280760302606	-0.3995957798070364	0.17316749580918792	-2.3075680452603433	0.021023173529804037	0.07697621733754631
g232	309.21964425439506	-0.4005210998138576	0.16902075999456628	-2.3696562471186002	0.0178046303449259	0.06881806895428563
g2320	3463.3527165030227	0.13909764627609592	0.09588577497418849	1.45065987435091	0.14687459392911592	0.3006787375718073
g2321	267.7585118049527	0.4065938179048544	0.20908467313986293	1.9446371261889277	0.05181866765185454	0.14763431727226484
g2322	251.99097377934208	-0.22396100153941087	0.1733081098268844	-1.2922707527254385	0.19626339683917815	0.36842084687613
g2323	471.5382600562055	0.25892677653075685	0.21300432354201407	1.2155939946434224	0.22413962295034606	0.40796869654655565
g2324	507.0872457807495	0.26143600207811973	0.1752280577929528	1.4919756879747486	0.13570551894690075	0.2842887536207272
g2325	1564.6661634518957	-0.2621699014924582	0.10363641466803004	-2.5297083301486776	0.011415738031377685	0.04982012840283325
g2326	644.2195898033009	-0.028832652946333352	0.16925417093986952	-0.1703512107632293	0.8647339394004872	0.9281690705819844
g2327	1124.18740826594	0.035929802941073376	0.13290789323970195	0.2703361107099432	0.7869016868610634	0.8778232470155184
g2328	397.01500843126456	-0.16227039057655757	0.14038708414847237	-1.1558783456528063	0.24773092113256845	0.43476719073707387
g2329	494.3053491886165	-0.31020138998607916	0.1734308816638955	-1.788616808090968	0.0736765490615588	0.18678910188541603
g233	282.23145084629783	-0.5299015476888305	0.17033561243050305	-3.1109263654717556	0.001865014390714077	0.012894559203197145
g2330	674.9279627259899	-0.4820379024965286	0.14186176644495793	-3.39794092923239	0.0006789507849293832	0.0057467246930682095
g2331	3778.092934369169	0.09445516165713577	0.0935305754202734	1.0098853902342395	0.31255020301097325	0.5002888090040183
g2332	1602.248769071498	0.19364074334743442	0.11265486666878921	1.7188848477957692	0.08563534169586876	0.20669655684264998
g2333	1019.2678689078697	-0.43974746167315093	0.1089010048113816	-4.038047788767432	5.389787468003112e-05	0.0008010412477051868
g2334	1633.9207028322614	-0.1667893537663554	0.12112703442969266	-1.3769787607833088	0.16851881451792317	0.33047196093774545
g2335	1893.2000707196676	-0.15065271187861404	0.10971973686842748	-1.3730684759048604	0.16973106007210936	0.33181499314977364
g2336	96.0997867297042	0.06866669643932152	0.2874172416895399	0.23890945454654863	0.8111757941582641	0.8951150607855736
g2337	4066.8169825950995	0.46529269221709113	0.18698790058924356	2.488357218573195	0.012833475718081307	0.05394918801309235
g2338	222.47075437344208	0.39533939255937034	0.19867825946243128	1.9898472718104636	0.046607762259381395	0.13681516526373622
g2339	37.47972213907125	0.42030613799070493	0.41178680454373495	1.0206886994749858	0.3074019501655051	0.4952013948658621
g234	324.32921748634374	0.02631640662011085	0.15818055156761218	0.1663694200033324	0.8678662378542785	0.9300234132910513
g2340	835.0044195973022	1.0297232480369347	0.5928903631054906	1.7367852677573714	0.08242508039906178	0.2010043142806578
g2341	256.7520560028573	0.30844815598037006	0.17508874608835	1.7616675135975144	0.07812548971321703	0.1942844029429475
g2342	923.4938164685819	1.2107304030143426	0.24206839248036843	5.0016046729955965	5.685508387201147e-07	1.773784641461515e-05
g2343	338.03156019458135	0.2448556404734163	0.20863958106399205	1.1735819216312382	0.24056252589213245	0.42695041619313584
g2344	490.182851375634	1.354271935699036	0.7114400871983857	1.903564277678095	0.05696695489796198	0.15708564991950802
g2345	9100.131547484993	-1.091431874588306	0.1831486434190565	-5.959268134413838	2.5337007681637165e-09	1.6780211227750932e-07
g2346	255.2508630680152	-0.46820113388504603	0.22890752799100259	-2.0453723737012663	0.040818160433097314	0.12436525878526422
g2347	1292.8545542941317	-0.36569197195059194	0.11282837499734438	-3.2411347939664923	0.0011905487416572578	0.00904290040192384
g2348	828.948021358938	-0.00987009447831455	0.17230659285669683	-0.05728216381437747	0.9543204282356729	0.9763034191299906
g2349	432.05744889825297	0.23389170802612802	0.15626405165430518	1.4967723257525312	0.13445250951562568	0.2823616951969036
g235	540.1241557941391	0.3394524271379849	0.1270986969989825	2.6707781838290794	0.007567563658542322	0.036827921622495076
g2350	2584.7043464460735	-0.2161841570221479	0.08848402377072674	-2.443199888629707	0.014557671744231315	0.05930474210074248
g2351	1331.031235946933	-0.39305154467684433	0.11627931306084593	-3.3802362116739606	0.0007242355804991089	0.006062060568479238
g2352	279.6425506174066	0.03444295871406164	0.20639295994111043	0.16688049206663427	0.8674640829682179	0.9300234132910513
g2353	1168.621999938792	0.07862400738359807	0.18018466670480812	0.4363523757124447	0.6625810866112939	0.7981195274290778
g2354	817.4812329562825	-0.34938346750105786	0.12376328545676438	-2.8229976782824817	0.00475769161449518	0.025876504378493825
g2355	1823.2619700471676	-0.009777291266463439	0.11888017220088302	-0.08224492853141084	0.9344519466358904	0.9661603548990473
g2356	325.3174952742963	0.21375420540299855	0.20701977200366564	1.0325303874801566	0.30182371988346457	0.4898471808082884
g2357	168.54133509785035	0.2582808811547563	0.2060870625333634	1.2532610149312176	0.21011073126657587	0.38804697188420934
g2358	412.5752782643403	0.26166699228022944	0.3048228735731102	0.858423087522892	0.39065888353080014	0.5802174711221922
g2359	1292.85826994634	0.020667155773276196	0.1039914887799137	0.19873891619165018	0.8424669804678473	0.9141456887801447
g236	926.586748284863	0.5055645018183867	0.11189757180613406	4.518100738542321	6.239679792562613e-06	0.00013085995120513258
g2360	429.2886367478606	0.020305651682997323	0.14515571217440346	0.13988875379978322	0.8887478870825899	0.9426870676416906
g2361	3148.338298900568	-0.116673696455589	0.10535944371749877	-1.1073871723205682	0.2681265695828864	0.45820633778877146
g2362	1997.9309295628245	-0.1796408157732982	0.1316626222238949	-1.3644025368704524	0.17244090991668226	0.3349610005497557
g2363	573.938015974384	-0.057418397591191495	0.16369224738703186	-0.3507704152624416	0.7257605938702545	0.8417465345639633
g2364	1707.6183111639211	-0.13565434832307627	0.11223717095664466	-1.2086401248965661	0.22680113396519863	0.41020215423574324
g2365	5691.49053420017	-0.14147626939174085	0.0955887677527084	-1.4800511892542132	0.13885958627674225	0.2888126381238027
g2366	347.385593188976	0.2155803579295566	0.16735549031056499	1.288158264359895	0.19769087685602316	0.37054769619239697
g2367	97.72028651604786	0.12960282245627966	0.3010859319469516	0.4304512722272072	0.6668674053566731	0.8017553977543989
g2368	3912.8599547567023	-0.4084790346740076	0.09100349117127907	-4.488608397508651	7.168994315922483e-06	0.00014869754693740315
g2369	5266.428324102572	-0.20443664881217424	0.1025975229160112	-1.9926080377157938	0.046304384358945884	0.13613633251948654
g237	710.3862554596109	-0.22465904516445565	0.13396769954478027	-1.6769642677141048	0.09354946938807457	0.21934735834781457
g2370	1345.5539775653488	-0.5315986792829316	0.12470795292631776	-4.262748820815145	2.0192745416363376e-05	0.00035956421673005544
g2371	1007.9253918812716	-0.11761821990986822	0.1108586387580207	-1.0609747803831704	0.28870136255750267	0.4760961295081732
g2372	102.13800773860386	1.6402645664456268	0.4526095428606435	3.624016754217348	0.0002900628029414227	0.0029418298111998555
g2373	506.5378488870744	-0.271133830581796	0.13904688944505134	-1.949945314590751	0.05118263731259154	0.14626378187360564
g2374	475.1807545471664	0.18340282629556293	0.15126072594170556	1.2124946852776881	0.22532307579920896	0.40851642461382026
g2375	689.9718146036945	-0.024544280832416467	0.12103744662048269	-0.20278253976536662	0.8393050056563808	0.9114801685735886
g2376	460.22764591790536	-0.49678198626531705	0.1680746720494828	-2.9557218836581143	0.0031193823337879547	0.018993013403305694
g2377	878.4652138537746	0.09020627005651913	0.13435779174893314	0.6713884537867556	0.5019730984633961	0.6782973248026551
g2378	266.546933374306	-0.021619875744007835	0.19829404522716876	-0.10902937463018503	0.9131791916273383	0.9559765525216866
g2379	28.029942440958976	0.7461875037042771	0.4965272521057121	1.5028127872937207	0.13288732751179477	0.2797822985817207
g238	1754.5899851544548	-0.24924489588894047	0.09775804614130787	-2.54961003955276	0.010784347169341398	0.04785253262206262
g2380	404.39036951375937	0.006782362163848874	0.14475978879012372	0.046852528734219884	0.9626307630938874	0.9801478198000476
g2381	2850.15920336184	0.49823894696960397	0.16134842051586112	3.087969162490966	0.0020152938216047547	0.013465016241695486
g2382	4198.090588068265	-0.05355451335609873	0.11000014055956173	-0.4868585902133516	0.626358546214212	0.7722088543300623
g2383	1769.5007728493922	0.4725245443598669	0.1354596520212864	3.4883047262340043	0.0004860937410985056	0.004358679032415341
g2384	141.0341410239461	-0.4710221721360681	0.3113901383786265	-1.5126431896290218	0.1303703172500244	0.27742274386631466
g2385	595.2325093383985	-0.5326921198842439	0.1294739002477479	-4.114281865804144	3.883866291025507e-05	0.0006134558681431501
g2386	299.11799297227026	-0.18591145684797286	0.16147334001360125	-1.1513445924405423	0.24959049868590255	0.43665803696237304
g2387	1307.5483386593714	-0.18129831776526467	0.11290217387935217	-1.6058000615559536	0.10831784712940494	0.24324799102528474
g2388	980.2605794065157	-0.4384175527385391	0.12721103060131084	-3.4463800086061207	0.0005681508124556592	0.004971396919854019
g2389	420.22986570049284	-0.09264823882303132	0.1495441112201	-0.619537861217892	0.5355620878695646	0.7059854692018966
g239	2967.1390281992158	-0.2671253215125944	0.10470003976003209	-2.551339255694973	0.010730981248435351	0.04777058279816445
g2390	2287.018043652304	0.116977083956869	0.12793867330238706	0.9143215334146071	0.36054791895457006	0.5508168328828417
g2391	1251.6803863596592	0.39054439658614765	0.1408046150626772	2.773661903143603	0.005542925139889239	0.02878203906888841
g2392	969.652650080582	0.4071602800507254	0.14317414023153338	2.8438115946936233	0.004457739846423883	0.024710672423274828
g2393	390.3040220661801	-0.08759598782991483	0.1930289290184386	-0.4537972016699499	0.6499747979025785	0.7900434682757175
g2394	110.63252296753268	0.10481472000447208	0.26333693555599386	0.398025137579628	0.6906116562193088	0.8175161499617092
g2395	1018.9862893910162	-0.26269019606753335	0.1435487550850393	-1.8299719556043088	0.06725413249616118	0.17606404311581722
g2396	694.7181088111492	-0.19991066335279997	0.11996426868542075	-1.6664183889372979	0.09563011068274031	0.2225669961944172
g2397	4521.776958103138	-0.22842915298399014	0.09245550480988954	-2.470692831689089	0.013485159373145551	0.05603784116710732
g2398	869.6116217625914	0.7690526601176209	0.1627835180955804	4.724388986764999	2.3080825516380855e-06	5.7322444950222186e-05
g2399	535.2552849609593	-0.1328979115362429	0.13951006279595352	-0.9526044851016838	0.34079050390700594	0.5297404312003331
g24	2067.49970116831	0.5164433823914107	0.13018507435493054	3.9669937967189965	7.27848861678583e-05	0.0009991379828496912
g240	1030.6277079914803	0.3507320439180849	0.14073481863622306	2.4921483348386655	0.012697299727150807	0.05355564968714447
g2400	6730.838758241195	-0.7476245085690755	0.1278719541865366	-5.846665231051826	5.015253850252333e-09	3.0536424652746057e-07
g2401	1760.3905492867382	-0.2595191399699304	0.11664476515154089	-2.2248674394669323	0.026090138429563915	0.08983569581263061
g2402	15.987928505990645	0.4512185332843321	0.7565650213621211	0.5964041695609419	0.5509052556836513	0.7201064197388448
g2403	410.3700288062889	0.37322789674904383	0.14930972673083598	2.499689102116369	0.012430233911132365	0.052783051759870275
g2404	761.2861884321961	0.020353859434287594	0.11774155146958418	0.17286895900590832	0.8627544314025021	0.9277156553086306
g2405	464.2908681220087	0.3777703650261247	0.14882760416155696	2.5383084485862133	0.01113897619239846	0.04912340552138339
g2406	2154.50833858711	-0.032172407995775705	0.10326122898450789	-0.3115632877137505	0.7553724384750111	0.8578612982079323
g2407	2382.3206751308862	-0.23971210273177235	0.09525670768141256	-2.5164852803174025	0.01185318512994561	0.051021406916242504
g2408	12261.658686749237	-0.7553240899090458	0.09379574971871585	-8.052860520590622	8.088105921591069e-16	3.3925110948895875e-13
g2409	1279.095111636543	-0.3515286530317261	0.1017719900233929	-3.4540805672653656	0.0005521723898146644	0.004870212083061583
g241	206.58085057771987	0.7221330564887539	0.22206987353864505	3.2518281069903296	0.0011466534497814403	0.008780155726014071
g2410	400.18241649977	-0.40332906469139324	0.16953997440105603	-2.378961458005747	0.01736149114277115	0.06770622837186063
g2411	920.3952401830653	-0.04928323968474551	0.11878136414854482	-0.41490717031261914	0.6782098605824878	0.8081572675817207
g2412	96.18379777439218	0.003039490828182219	0.2954159421168138	0.010288851733601903	0.9917908288914101	0.9954826852074111
g2413	286.4457528275568	-0.08846817191749301	0.18429421611881744	-0.48003770156550196	0.6312005850091983	0.7757040514502413
g2414	890.4002893890388	-0.07476142569207134	0.11175007023730846	-0.6690056259768844	0.5034918891521545	0.678371745993052
g2415	623.7642983328958	-0.0007117741978002788	0.15729652363167618	-0.004525047225245496	0.9963895470033811	0.9982405891554574
g2416	647.0046289930364	-0.17148188335236197	0.12889239352132992	-1.3304267122945783	0.18337771826853522	0.34962165983016186
g2417	339.04890575342426	0.5795805942226769	0.18730461297958304	3.094320983359089	0.00197263940173058	0.013345365128195234
g2418	1027.045239458517	-0.012290499956124001	0.11843265987766367	-0.10377627226155021	0.9173468967732005	0.9580844067560026
g2419	678.4360275539999	0.11958479625907892	0.13517949874554036	0.8846370741778186	0.3763524042372802	0.5655862183214361
g242	110.73846452735047	0.2412560682463284	0.26787944196667757	0.900614345300671	0.36779340463505483	0.55725033066395
g2420	359.64688060644806	0.48195507910345664	0.1504549216129476	3.203318800984848	0.001358535009494749	0.010055340928434206
g2421	377.0210817272071	0.36764612818238385	0.23308747858613857	1.5772881941683474	0.11472922763246461	0.25251867543566775
g2422	226.73799504520807	-0.07997785186472182	0.2075352977412961	-0.38536987555928204	0.6999633981472291	0.8246890863988902
g2423	282.04214880114847	-0.18703933532937173	0.20836535488526545	-0.8976508375510088	0.3693717269959861	0.558356468280128
g2424	614.8715886630973	0.12189001785796055	0.15744920904129275	0.774154526403455	0.4388394159003176	0.6254587008687831
g2425	1125.1856706210692	-0.016037318578882548	0.1250820727762398	-0.1282143653597092	0.8979793319856424	0.9482159379708532
g2426	876.9318038065813	0.12077750501241596	0.1198872307673824	1.0074259305126578	0.31373013550877116	0.5011981640057601
g2427	273.7456147412644	-0.2143131952224062	0.16936157037973962	-1.265418091848563	0.20572149314790766	0.3825609047454933
g2428	2813.1117142256094	-0.16183651301030474	0.1004131005070713	-1.6117071596540122	0.10702567895641797	0.2416399151079413
g2429	670.1925001336584	-0.18053552336851444	0.11964136203471822	-1.5089724849180972	0.13130581444637343	0.2782866999503152
g243	472.413519395255	0.5519429427045596	0.2786244749731462	1.9809564208519579	0.04759616093645348	0.1386385089005493
g2430	82.51110183955203	0.23100919602438952	0.3029214420598642	0.7626043057682816	0.4456994159325194	0.6311010109322058
g2431	2296.142064516556	0.49807992063915446	0.10047606130819228	4.957199895718282	7.151638657815586e-07	2.109174682285456e-05
g2432	834.7644367220282	-0.06095052331587429	0.12251090856513377	-0.4975109892640256	0.6188287554024461	0.7674371063220217
g2433	940.1327977762224	0.0835976310612605	0.11172803112612266	0.7482243284757472	0.45432485895059305	0.6397151594697832
g2434	564.6575566299935	0.2085919194251946	0.13270558393901236	1.5718398068393067	0.11598770712854596	0.2540866312947321
g2435	1422.7021224043056	0.1123910039035629	0.10968826088284209	1.0246402212868304	0.30553297890493203	0.4945913359202909
g2436	2445.4782102301174	-0.2791081813903127	0.13342962954163143	-2.091800616917909	0.03645635516458753	0.11446789984423096
g2437	138.02868396614699	0.08127429064871669	0.24983403948951308	0.3253131191201359	0.7449441027852928	0.8516547510643488
g2438	591.0104089535089	-0.6616909106281975	0.16373017024973138	-4.04134992114737	5.3144388119747995e-05	0.0007929646843954493
g2439	89.81304734391263	0.4956684847508082	0.3893195832285271	1.2731660725626925	0.20295911698668612	0.3787299390137123
g244	4145.83203968243	-0.14691624077120918	0.09327343717089288	-1.5751134002066796	0.11523027150747997	0.2529036482213587
g2440	1565.7488470408114	0.7874604098114945	0.150725676594023	5.224460938613037	1.7466319255300522e-07	6.401490795025192e-06
g2441	569.0300730707227	0.2560946049175371	0.1589952544026283	1.610705966537978	0.10724382463791565	0.24186957046463822
g2442	2223.888984808688	0.354612039909142	0.09668816560247441	3.6675847317974855	0.00024485242315375096	0.002553364357473508
g2443	2236.9813079916585	0.0730476502558359	0.14065835118728615	0.5193267917563827	0.6035328732617538	0.7549160359718755
g2444	1459.007252545699	0.2509042037637991	0.10101935658133332	2.4837240332429715	0.01300165224292192	0.0545347080189225
g2445	128.42027823368838	-0.02388309465124045	0.2305334828135411	-0.10359924449914917	0.9174873872408332	0.9580844067560026
g2446	72.08402213008596	-0.20358029838456432	0.29853117664577766	-0.6819398250860835	0.4952770016853767	0.6731636375251033
g2447	228.71570412284484	-0.1927364766606951	0.19852495148682037	-0.9708425828452624	0.33162667387087463	0.519888161903053
g2448	1025.7057228291776	-0.41183967835481095	0.13083835655908266	-3.1476983446275293	0.0016456141960918102	0.011655147448867887
g2449	471.4881228066051	0.08860439132808393	0.1365498322822572	0.648879532454738	0.5164162451769019	0.6908119509365006
g245	2879.650842694385	0.15828170367625985	0.09474164477334232	1.6706666224227926	0.09478754512940017	0.22140325348311946
g2450	864.2772444943366	0.13428476551533644	0.1245112529835748	1.0784950138848168	0.2808129057186345	0.47068496677054145
g2451	681.0041098193178	1.0363856509487759	0.45453923376412403	2.280079636616345	0.02260296572428944	0.08110855095930859
g2452	2323.1390488238117	0.023562225905888374	0.12256059640981051	0.19224960220577308	0.8475466935442202	0.9172846238903185
g2453	6169.422928221652	0.6212373060617126	0.17104379247064577	3.632036550922058	0.00028119328101186065	0.002861198479298582
g2454	4669.952164562054	0.8101264420475763	0.14073604869915482	5.756353468323865	8.595032106949413e-09	4.842723313990155e-07
g2455	452.13293359130336	0.2975122533618605	0.13764649834029366	2.1614226075431433	0.030662709305161937	0.10144761404643848
g2456	1110.6234784800565	0.18079883461527105	0.15655015672897002	1.1548939866491603	0.24813384222244983	0.4352719583595484
g2457	702.8713275812571	0.21404713172028636	0.14586838832171653	1.4673990312979932	0.1422675378637523	0.2933151040063708
g2458	1627.4961037127503	-0.29632732561722347	0.11746957640225182	-2.52258784523499	0.011649484963463606	0.05051014746808607
g2459	827.5376103256409	0.398582454385457	0.12886349850299134	3.093059392425269	0.0019810448371959215	0.013354364750740364
g246	1197.664643726557	0.20951267966304513	0.12410322843296397	1.6882129684177898	0.09137035467065584	0.21571175039507554
g2460	709.0280882939252	-0.13202880324889282	0.1331115676176684	-0.9918657379808977	0.32126302452230493	0.508072022443109
g2461	2406.275814607779	-0.37315292920223814	0.0861807829851076	-4.329885576309054	1.491868400418721e-05	0.000274722107881984
g2462	934.8564277839015	-0.11576466091121036	0.14876532950403715	-0.7781696266001871	0.4364690202115692	0.6231734308996496
g2463	334.97503251962996	-0.1812461468486945	0.16861673188453152	-1.0749001289671039	0.28241944424664156	0.47174161997854136
g2464	222.377644784596	0.035809089986218005	0.24718484977239594	0.14486765681307118	0.8848153631293005	0.941008677837191
g2465	785.3703169890755	-0.4414314137986337	0.1128561206406453	-3.9114530190545245	9.17425041494705e-05	0.0011820066660895943
g2466	880.9010648803677	-0.10014990277883616	0.12938338095702462	-0.7740553851510612	0.438898039364611	0.6254587008687831
g2467	1255.9059401566906	0.06197158819630853	0.10304782371673547	0.6013866762160843	0.5475824708753858	0.7170044493772395
g2468	1530.3317323790068	-0.11639588907138065	0.10428038643897164	-1.1161819882543245	0.264344242762766	0.4544169018349006
g2469	1077.991209013593	-0.1638203429412447	0.13231364811906418	-1.2381212767546763	0.21567109572190613	0.39564876906884294
g247	801.80564881877	0.29948563205390316	0.12326932866516659	2.429522698767903	0.015118718189695924	0.06104081408139263
g2470	3971.3009218212114	-0.026001655770518016	0.09849114608304366	-0.26399993100490976	0.7917799719159474	0.8819620519276191
g2471	129.70963600642557	0.6885505878524527	0.26106796219316836	2.637438091093625	0.008353487183906189	0.03971588680005776
g2472	2744.1197647982394	-0.1435996896583928	0.10102218021238943	-1.4214669427692834	0.1551810572056622	0.3119321038079738
g2473	132.2149205190761	-0.6004103015660444	0.23329643784498083	-2.573593952450319	0.010064831618324386	0.04528574417064905
g2474	1910.7347837749285	0.22655499316120978	0.11805629718650154	1.919042004199958	0.05497901818623828	0.1531497529691861
g2475	1359.6448387779135	-0.23231906407369138	0.13483494202596608	-1.7229885709369916	0.08489059186176406	0.20576317881578038
g2476	5299.820447109247	-0.014964646618440557	0.08536865529611162	-0.17529439308296296	0.8608483172321829	0.9267491290733348
g2477	261.56835177043007	0.34380286752126504	0.1915701037303628	1.794658252130884	0.07270816590639954	0.18532972741165313
g2478	1269.242759110952	-0.034883871018614766	0.10272956413791358	-0.33956993112307443	0.7341804254267029	0.8462987404800478
g2479	762.7626540395709	-0.0911109846470731	0.13499287888812844	-0.6749317845319734	0.49971910557269594	0.6769801408157252
g248	1177.4207335675883	-0.6195764803813638	0.13214162126980397	-4.688730730163554	2.749048369611942e-06	6.738738698237065e-05
g2480	86.26638252263189	0.15616335182123442	0.3081625028300578	0.5067565014792008	0.6123256806591486	0.7623777851214664
g2481	197.5020802641452	0.35353833048417066	0.21004318312901601	1.6831697426096175	0.09234223640400921	0.21759796655751232
g2482	1006.1174208880984	-0.4827163726045069	0.12334190767370766	-3.9136444514989916	9.091347221205462e-05	0.0011793757993144543
g2484	1221.771077732141	-0.07098980640913995	0.12571343808040317	-0.5646954493738103	0.5722809299930565	0.7360683171120233
g2485	391.82129819273104	0.02803641700137625	0.1632167466439442	0.17177414436851526	0.8636150931673167	0.9280236198994081
g2486	1096.5588694481958	0.21042881850529985	0.11245404983319146	1.8712426881685373	0.061311450347501635	0.16439314856879034
g2487	874.5801408172332	0.11240420121992213	0.11704622974028502	0.9603402131733494	0.33688401745576524	0.5261001492423545
g2488	2306.320281965223	0.036414901457195406	0.10428551801307835	0.349184643764522	0.726950694014261	0.8417465345639633
g2489	947.3280463984346	-0.7162243846802739	0.11572179674274377	-6.189191706662506	6.047350121326263e-10	4.7559888975013836e-08
g249	868.2863050554388	-0.03279086105677989	0.11507057995117617	-0.28496302939198603	0.7756724663536221	0.871217959085071
g2490	820.5195000523704	0.15298366085364667	0.15730684174022053	0.9725175279171059	0.33079314926190995	0.5193868292958446
g2491	4305.790691456965	-0.1594459601453402	0.10227103927633223	-1.5590528978054445	0.11898386064479431	0.25873506563024107
g2492	1451.5185279001264	-0.22131679404297896	0.1162526777569315	-1.9037565268451038	0.056941900748441125	0.15708564991950802
g2493	110.83843875462587	0.24312501792364352	0.29931247334837985	0.8122782696084374	0.41663197667204643	0.6038250584478531
g2494	234.83387053103766	0.4171329146469566	0.1781541634459781	2.3414154717380176	0.019210775552284436	0.07237221637219032
g2495	440.88236656011844	0.24790230491731485	0.15700771281266823	1.5789180064873396	0.11435486525196195	0.25186483777600677
g2496	167.15242225273022	0.08618878683324374	0.2022308307611335	0.42619014375234554	0.6699692988848425	0.8032867323071796
g2497	226.56827774342784	0.35356187593476446	0.18027351957776772	1.9612524166769947	0.04984958502921366	0.1432656546907312
g2498	33.61406472933805	0.3680574844485581	0.4342849997729712	0.8475021809202841	0.39671527196702994	0.5856876253341291
g2499	1762.8207994126376	-0.46850101011479933	0.09728783182497534	-4.815617753283383	1.4674519654862145e-06	3.901148711063704e-05
g25	118.9923485242516	0.9753805356006678	0.24292988901856505	4.0150701074338695	5.9428127071309456e-05	0.0008497771958113379
g250	143.09766284061183	-0.007276013838784519	0.22471030074367354	-0.03237952961971356	0.9741693869244532	0.985922100707724
g2500	95.45762462665691	0.7135537871224237	0.2571762827258943	2.774570732414502	0.005527461283404619	0.028741275957097023
g2501	1448.997915321641	-0.16561077179729036	0.10220335345131334	-1.6204044799389332	0.10514541816599608	0.23911081540761156
g2502	699.3766695205564	-0.10328411057817061	0.14357996370134993	-0.7193490506307986	0.4719258806345966	0.6540088837722475
g2503	5696.639625488881	0.008542618086891595	0.09435393224892472	0.09053801874790383	0.9278596834042803	0.9628010733510604
g2504	643.5371601460425	-0.27535442684296757	0.13892963072328118	-1.9819704796553885	0.047482544720245934	0.13841436781384434
g2505	360.6211299702721	0.030915542978936644	0.2083245959424285	0.14840083015200137	0.8820264449599684	0.9396725411569454
g2506	1198.25990682908	0.12879163052737763	0.11248131675015051	1.145004648313786	0.2522072318520099	0.43979096734084844
g2507	4151.462625392282	-0.5255608906523791	0.12447410047659828	-4.2222509633735985	2.418745787211314e-05	0.00041692992450788634
g2508	221.79761768819174	0.13607536595798897	0.2023225738892236	0.6725664039470626	0.5012231812353968	0.6776925176087475
g2509	1848.670712514744	-0.14481504354894914	0.11398516543803289	-1.2704727232920205	0.20391629302602754	0.3803280662911334
g251	481.5143603342015	-0.37799138119328246	0.1574609815400075	-2.400539978199252	0.016370902398638115	0.0642497484558344
g2510	9694.2995906498	0.11559764707943875	0.0778069449433689	1.4856983160510346	0.13735893626010875	0.28616445054189327
g2511	2018.9901159365281	-0.39488929507164	0.12022872823003618	-3.2844836744516663	0.0010216941716369764	0.008018493758689368
g2512	453.55339433285684	0.07821634373901099	0.1530968857967121	0.5108944138998989	0.6094249929212026	0.7602707694241705
g2513	183.4195629080772	0.3338300575692972	0.23368986891140014	1.42851745830652	0.15314297323553025	0.3093176693227002
g2514	769.4139452665695	-0.04146471300370617	0.13104837181990045	-0.3164076930363626	0.7516930784926842	0.8560004136681396
g2515	920.950239947977	-0.0633600557028738	0.11214300167833473	-0.5649933990942435	0.5720782539652768	0.736063741484844
g2516	2050.2812781953116	-0.00021054886879157036	0.09888321294269894	-0.0021292680782286034	0.9983010911583183	0.999158204772835
g2517	1446.9521878313956	0.5053432426659796	0.09918467425767886	5.094973053529548	3.4879086243902394e-07	1.175612058667246e-05
g2518	231.99442090484797	0.48863950975512227	0.20597996445697916	2.372267181632509	0.017679301164151007	0.06853600799137032
g2519	1931.250537004152	-0.189857840098009	0.11126905687664587	-1.706295042192076	0.08795316070355473	0.21000833754327583
g252	1573.1261649799537	-0.13552767184608042	0.12645373973142196	-1.0717569297193643	0.2838292230202385	0.47225904688669557
g2520	1081.147168240065	0.3481456013920424	0.11537927778481599	3.0174014613034674	0.002549519152857566	0.01614838054033106
g2521	1013.7778511438427	0.34229524152249635	0.12032161036331093	2.844835940018891	0.004443430268599103	0.02470390171422918
g2522	613.4980211555172	-0.004202104244398058	0.12032240937303541	-0.03492370428994885	0.9721405788501344	0.9849250362746262
g2523	456.74764261238255	0.045454547568407375	0.16630460361311067	0.2733210421171044	0.7846064416502575	0.8755395015797989
g2524	877.4213004570865	-0.05661247447002584	0.12974710885931182	-0.4363293715578066	0.6625977745596635	0.7981195274290778
g2525	182.51567642817224	0.5023385230098719	0.2869198659709666	1.7507972872840516	0.07998083405554761	0.19695215170234326
g2526	15975.551874179539	0.1985635970121461	0.4492897041432446	0.44195002730095756	0.6585253681326244	0.7961290455026435
g2527	333.504562554442	0.20273694501159562	0.16144931835157042	1.2557311921882364	0.20921344607816372	0.3869964911858074
g2528	4740.397945059147	0.3843464210461636	0.2008615298413008	1.9134894638601672	0.05568542106117132	0.15479562923852852
g2529	2514.3054626093203	0.7313476353206554	0.45726567938230683	1.5993932374469686	0.10973325396839316	0.24511422114241668
g253	1193.0284534691707	-0.5464700793023234	0.13300947374500524	-4.108504935144474	3.9822869660344375e-05	0.0006263805540325001
g2530	72.24407167531015	0.19908456744865297	0.29191742971034196	0.6819893133691833	0.49524570829995096	0.6731636375251033
g2531	607.1292817744487	0.01628653391090943	0.13652296533929056	0.1192951960165361	0.9050414893456353	0.9515089917198009
g2532	16237.260394035298	0.18962022613093835	0.4514616976856347	0.42001398369563603	0.6744752382824153	0.805889072459318
g2533	2581.769864889468	-0.019657381116509737	0.09578930477167481	-0.20521478011940308	0.8374043223176096	0.910484250215719
g2534	3979.2440717890254	-0.04683397027321935	0.085224986818355	-0.5495333237544446	0.5826395021487195	0.7420848721710053
g2535	10231.05636522663	-0.04845239377350131	0.08664155455177179	-0.5592281212423198	0.576006043450071	0.737842827968788
g2536	524.351949835327	0.07731397662886046	0.1397479110046092	0.5532388718591326	0.5800998525480133	0.7408244057404433
g2537	318.7352499591003	0.11155441988333858	0.16377127636244104	0.6811598612473306	0.4957703429216612	0.6734338159579398
g2538	493.7496948224178	0.2655526278697566	0.15490911432075968	1.7142479255280938	0.08648320246258165	0.20768071838183572
g2539	117.28424174178743	0.7756290605594159	0.2965261705579196	2.6157187377426254	0.008903986935761388	0.04149697615123363
g254	1198.5645936063313	0.2272256933678825	0.10863946598667942	2.0915575321011173	0.036478114837777444	0.11446789984423096
g2540	1024.1610043994294	0.11880379616627405	0.10902327138446054	1.0897104320720976	0.2758407193107103	0.46627509515728033
g2541	1055.3828016913099	-0.004193329591671483	0.11608341606921559	-0.03612341653670133	0.9711839508144664	0.9845362421981593
g2542	482.42701214797506	-0.07920563354277388	0.18092593632230625	-0.43777932093536254	0.6615462627267146	0.798064284185996
g2543	908.6476996766747	-0.45404047734455183	0.13241889317150043	-3.42881945672592	0.0006062126432152263	0.005236733931664712
g2544	6828.318832492077	-0.13539888527282803	0.10721095831852454	-1.262920203273969	0.2066178584829499	0.3836608046104948
g2545	3575.6406520681026	0.1309589491016558	0.09532074528197518	1.373876680404215	0.1694799703510278	0.33165379693795033
g2546	1792.9152961607522	0.01569969835070336	0.09993479571253336	0.1570994190638484	0.8751664954175746	0.9340552785415166
g2547	3413.1206649727483	0.3073766939049014	0.1042474415829816	2.9485298558644017	0.0031928929724974933	0.01934698390237245
g2548	955.5270016250328	-0.20941814624680755	0.1289297536281091	-1.624280977460508	0.10431585518862653	0.2377973148170683
g2549	3914.8777580236733	-0.5737136967075767	0.0835043962831699	-6.870460984617731	6.399476501944558e-12	8.947416220311373e-10
g255	108.78396859770122	0.07963274907062845	0.31911743654368985	0.24954057645084546	0.8029426579030767	0.8896777478509389
g2550	2875.1194191242116	-0.18420672931379062	0.10023206471676195	-1.8378024021985997	0.06609152754268525	0.1738644714101999
g2551	2754.0809803638367	-0.07210910377504513	0.09714872057697965	-0.7422547960156265	0.45793297437909086	0.6419741637530616
g2552	938.6869218025103	-0.1488290104388339	0.13061900926037104	-1.1394131013669206	0.25453089404112095	0.44288974957983657
g2553	2059.978587642049	-0.2731995463922811	0.09750067438778573	-2.802027248608506	0.005078258419418556	0.02692972954709116
g2554	54.34410905095845	0.5914551632276925	0.35412120252061124	1.6702054523077239	0.09487872164630537	0.22140325348311946
g2555	3435.2497405925583	-0.0989719467915016	0.1093313488933207	-0.9052476512301407	0.36533420259032234	0.5554964427642122
g2556	1542.0262714020616	-0.1646598437246825	0.11159545758433131	-1.4755066853886152	0.1400763722489362	0.2904079375368287
g2557	527.900044121591	-0.1991232714093945	0.16684729959867148	-1.193446174366373	0.2326946804567095	0.41710466226214543
g2558	925.4113063620144	0.3287081037038859	0.19158081315768039	1.715767347919873	0.08620463263000008	0.20726020827564975
g2559	240.44426365541452	0.8643714673651062	0.26555258737772025	3.25499169825685	0.0011339568047848707	0.00872285809899231
g256	917.3111933582604	0.05980262523955843	0.1192572831923021	0.5014588932327666	0.6160482009422164	0.7654976822109502
g2560	2477.2719119437684	-0.5691042360115193	0.11117676808024612	-5.118913293114856	3.073011923377782e-07	1.0635059037245486e-05
g2561	158.93637479861314	-0.11195899925017298	0.2419876486920259	-0.4626641064340501	0.6436051501320852	0.7847575716242319
g2562	500.3886740788634	0.06552063110985326	0.17243966997159527	0.37996263342794606	0.7039731528449478	0.8276694479279684
g2563	1138.2136567132557	0.41639937619352424	0.1530923246224916	2.7199232699635214	0.006529706617850261	0.0327051577347855
g2564	337.02178718889496	0.7416013970339901	0.25147656862606954	2.9489880551722756	0.0031881629815659466	0.01934698390237245
g2565	306.7464060941874	-0.3755221279541149	0.1683314129792575	-2.230849972134365	0.025691068512783858	0.08890285257299772
g2566	417.2737962901463	-0.17929526288594086	0.17390303539823734	-1.031007092402702	0.30253749387150775	0.4905837797959372
g2567	397.35790884104716	0.050589978737293116	0.1447817398375871	0.34942237048707814	0.7267722412456397	0.8417465345639633
g2568	109.31769904033568	0.27409315753103053	0.33859342725087577	0.8095052516419502	0.41822458329529877	0.6049033723907099
g2569	257.2003822004065	-0.5667088516116564	0.18797716959268432	-3.014774894417346	0.002571700460418225	0.01622637622887631
g257	194.31101697992878	-0.2679690452433704	0.20356328520774875	-1.3163918285652132	0.18804256365906413	0.3565347452601542
g2570	347.32483433375234	1.081009340985003	0.17910905472297955	6.035481247204139	1.584896351878586e-09	1.0878152233348477e-07
g2571	1060.6248788471353	0.5963677322555199	0.11367162736022776	5.246407974486176	1.550932609195931e-07	5.796802573974892e-06
g2572	624.4921537776285	1.0454019961328873	0.1415355281924096	7.386145439834173	1.5114646079584395e-13	3.356340526495947e-11
g2573	2823.649715680173	0.2647574745729858	0.11921356041663594	2.2208671031021363	0.026359963955561158	0.09038043953882233
g2574	990.9518838221651	-0.012184791374533944	0.1470681307897735	-0.08285133773782365	0.9339697478001413	0.9661603548990473
g2575	4070.651315779742	0.04805576877570912	0.0848077888749995	0.5666433403486067	0.5709565229513274	0.7351162599390385
g2576	750.4850497756521	0.13855864022628406	0.13628283579557562	1.0166991273510197	0.3092965810124224	0.49723159161449826
g2577	618.472911539403	-0.6624755694937777	0.13930791556724437	-4.755476864299205	1.979785333638616e-06	4.9836024436655934e-05
g2578	1774.409372004285	-0.03653421036682192	0.10377886508222728	-0.3520390239175839	0.7248089965314524	0.8417465345639633
g2579	3452.524718553117	0.05825509970970376	0.09646443049537012	0.6039023856829773	0.5459085426047827	0.7157070455417424
g258	1033.5820763757736	-0.22273575463409906	0.1127233855432328	-1.975949831179203	0.048160459547385175	0.1395346216819447
g2580	1106.7942073631843	0.06473486813048651	0.12090586765482485	0.5354154383581996	0.592362616958608	0.748005410474301
g2581	947.2587588237488	0.28249227949192923	0.1176685233455569	2.4007463632592274	0.016361672865314876	0.0642497484558344
g2582	1897.0789552131052	-0.18265986718166946	0.09697675982136528	-1.8835426912400002	0.05962685999829373	0.1611248364306076
g2583	187.4386571288719	0.3576777734992444	0.2272799385324357	1.5737322695914022	0.11554935821061531	0.25345661083385984
g2584	183.28622983180978	0.9325092337373212	0.2624921411415844	3.5525224857468753	0.000381556406721225	0.0036226529323193125
g2585	3630.2435933050597	0.12788557946029835	0.11596111086410765	1.1028316174908392	0.27010029490087195	0.4599136730946286
g2586	1509.9909439936412	-0.42646476543008616	0.10620547112376827	-4.015468891740036	5.932772426741972e-05	0.0008497771958113379
g2587	737.0837583842482	-0.3423097752615168	0.16242556712507697	-2.10748702510559	0.03507538520421667	0.11154977181627458
g2588	3692.253961875682	0.18104830915417594	0.09736147213154372	1.8595477778886098	0.06294953361520879	0.16746616588964988
g2589	1215.617407436148	-0.03908052150570852	0.11512048215652432	-0.33947496373905406	0.7342519545301012	0.8462987404800478
g259	379.95615204530424	-0.5017113335708958	0.14520533336053673	-3.4551853018041325	0.0005499147381290992	0.004861658399150702
g2590	4280.219043401962	-0.04574161421262876	0.10287302892556172	-0.44464146424352985	0.6565788774990654	0.7944772396677623
g2591	2810.8686835170047	-0.039674634295984286	0.09540821690104358	-0.4158408529648386	0.6775264625639664	0.8078580340045499
g2592	2685.0766626702703	-0.15182048220204325	0.11645040937079887	-1.3037350664746896	0.19232392887693828	0.3624677141839451
g2593	634.0921019394377	0.30672822262259225	0.12719928134855693	2.4113990218394585	0.01589145169327707	0.06321415188843091
g2594	1509.8659741137599	0.095840606684647	0.10759052088092426	0.890790433022613	0.3730416085641345	0.5628425548879328
g2595	272.67904764764074	-0.06984007656170696	0.1714874162617184	-0.40726064969758097	0.683816560828908	0.812436982090688
g2596	387.4637164823109	-0.012688811003441184	0.18651081981871429	-0.06803257320821665	0.9457597046734294	0.9711201018463324
g2597	443.59602101452816	-0.11923831210149316	0.18074311332756157	-0.659711509369638	0.509438979368201	0.6842153095591623
g2598	871.8104374592658	0.014107391800825306	0.14029653359703398	0.10055410093983642	0.9199044340965202	0.9590276826054581
g2599	218.052623558637	0.1307983819105389	0.23356558248136564	0.5600070888910796	0.575474602434754	0.7376626907270616
g26	234.09777318243303	-0.2241772416490369	0.18562619387515558	-1.2076810765177308	0.22716995966242481	0.41051536511520037
g260	1331.6344428801767	-0.047628036961750546	0.10902857029971744	-0.43683996617420545	0.6622274123347138	0.7981195274290778
g2600	390.4775048257232	-0.2633488572539507	0.16319324597056561	-1.6137239975081423	0.10658730632950408	0.24111697745157717
g2601	27.082857998645206	-0.4623856832440685	0.5254560630607794	-0.8799702120681104	0.3788754467200123	0.5680122364448159
g2602	13.847501407248345	-0.7217511937802166	0.6669268677014648	-1.0822044046114103	0.2791617117649188	0.46920545944459857
g2603	1478.9713443418623	0.22199064615732716	0.10542168459499487	2.105739886534375	0.0352269530853668	0.11193749823001657
g2604	439.5690411350602	0.03829939210779736	0.14677778695208024	0.2609345249244103	0.7941429998276006	0.8835513776449136
g2605	958.6074403336547	0.04973729692970477	0.11117319578506824	0.4473856902149522	0.6545966060215463	0.7927822225637913
g2606	319.9363415054384	-0.03810832123717447	0.16748705807283196	-0.22752994575021443	0.8200116864433076	0.9017023350782075
g2608	641.2317608130646	-0.09463732492093575	0.1450476799432493	-0.6524566608577478	0.5141066224017662	0.6880205704128706
g2609	751.5744841767693	-0.04636232744298183	0.13819688860402224	-0.3354802551005656	0.737262836757937	0.8485265880369549
g261	580.7501728723578	-0.01626131788740463	0.12997183870462653	-0.12511416357169522	0.900433170496546	0.9494791113476149
g2610	532.544609527321	-0.3212705648951211	0.14156951001550358	-2.269348568487226	0.02324713718162323	0.08303460869975407
g2611	394.2379295689978	-0.3713506059372978	0.1611512427063443	-2.304360796112423	0.021202398785883085	0.07755722424099676
g2612	54.27725764159357	-0.17554675948810955	0.33748690019982086	-0.5201587361884891	0.6029529429140211	0.7546420755850528
g2613	1177.3696505822074	-0.3154632653487254	0.10956576873669367	-2.8792137269336426	0.003986680564507055	0.022837206572100355
g2614	565.5195173336937	0.18214797413843994	0.1586610663458424	1.1480319547418258	0.25095537251455136	0.43818525959409405
g2615	382.44625948445383	0.24899015019979198	0.23461822266651317	1.0612566550455338	0.2885732783553434	0.4760961295081732
g2616	776.6047254552105	-0.2271560020189883	0.12585476371099	-1.8049058718240032	0.07108941280341345	0.1824354407429543
g2617	655.9914051052037	-0.04795323486667061	0.1400481762564897	-0.3424052790151811	0.7320459162619277	0.845462445171786
g2618	1332.6809959027967	-0.01685618614173647	0.1070350288650429	-0.1574828943428408	0.8748642880151785	0.9340552785415166
g2619	406.5889496282043	-0.05697308599419616	0.16573304970914524	-0.34376418037429235	0.7310236402121801	0.8446936767067584
g262	72.13357510076143	0.03266936488183637	0.3628550382949651	0.09003420494131162	0.928260033584358	0.9629518073044658
g2620	1129.9570370974516	0.14036840817158486	0.12033111269291599	1.1665179938109929	0.24340507780074183	0.43011816654311635
g2621	1128.7479170955414	-0.17587120819341912	0.15111525372523918	-1.1638216782085526	0.24449628502846432	0.4308036934763228
g2622	1465.232756536691	-0.3560707801126733	0.11267559841757026	-3.1601410164523145	0.0015769279616105404	0.011355265310761352
g2623	2802.610230919245	0.13675854208753435	0.11203257136414563	1.2207034117160493	0.2221983355448247	0.40482563546414735
g2624	952.8326877778919	-0.059024846843487994	0.1404997620852144	-0.42010638286838436	0.6744077400511581	0.805889072459318
g2625	461.299337053508	0.08894020969940665	0.17216092330182806	0.5166109009736141	0.605427804507467	0.7565342476053254
g2626	322.22993829799356	0.1934367975731346	0.23025975830766074	0.8400807809181955	0.4008630951967094	0.5899378900785732
g2627	2023.5411504557576	-0.08718334061554499	0.12623308029164113	-0.690653673459619	0.48978320880951964	0.6706317059325124
g2628	838.7265672440805	-0.1590052721162402	0.1276341041565089	-1.245789855047386	0.2128415550226792	0.39213122021015817
g2629	676.6671837546205	-0.16851572937349704	0.12616105138153177	-1.3357191266889314	0.18164109531005312	0.34736329016993445
g263	260.9909461277628	0.35651923292083876	0.2507516038537925	1.4218024030215848	0.15508362180930463	0.3119023294246804
g2630	6162.639662424514	0.05926697162080848	0.08055900154145619	0.7356964521253322	0.4619154492890797	0.6439342055311851
g2631	707.3086595132924	0.43087865220992144	0.16044611854040922	2.6855037449933845	0.007242056315906643	0.035645001278054686
g2632	1288.6793657257547	-0.17149426071116816	0.12483736421972359	-1.3737414417796001	0.16952196632633576	0.33165379693795033
g2633	1937.3013761956927	-0.06450361510688357	0.12323987784114228	-0.5233988887105967	0.6006966973706294	0.7526275909049907
g2634	551.1661620003109	0.10463478422942082	0.18128281808417615	0.5771908520356028	0.5638105361061978	0.7291486035631711
g2635	980.2833520485109	-0.029058667408289874	0.12143667123011755	-0.23929071106721034	0.8108801677130238	0.8950504775194927
g2636	534.3629710550276	-0.23135778648024097	0.13991212457272748	-1.6535935479986175	0.09821012451344524	0.22675426302033994
g2637	1019.2269508276337	-0.3380961114183322	0.11035258752523193	-3.063780551054384	0.0021855916835836647	0.01422180221672767
g2638	1378.8774635820512	-0.11467495867319065	0.10311547822277234	-1.1121022823115363	0.2660941755481949	0.45621343137716885
g2639	502.87587811750046	-0.16880128680732304	0.15772918308638023	-1.0701969255421755	0.28453067795093157	0.4727567382327318
g264	140.26461300205594	0.1686470436753638	0.261528501597979	0.6448514890151728	0.5190234312814965	0.6927271224072721
g2640	723.274719958746	0.12611234016594225	0.12326225880597202	1.0231220925819358	0.3062501224912646	0.49490334435125166
g2641	439.08488928366563	0.17986908881647906	0.2219996051623361	0.8102225618146964	0.4178122725870762	0.6046886354023439
g2642	891.9938902291934	0.14357996814542717	0.17618308655749743	0.8149475125614273	0.41510235493716285	0.6024649711217954
g2643	1007.6706120053395	-0.21059730441029517	0.11842837915577752	-1.7782672186476614	0.07535997762245697	0.18927738890537263
g2644	2657.795096581421	-0.39879908830463184	0.10617455175979593	-3.7560703736885577	0.00017260217709417122	0.0019566763319234124
g2645	4908.86766936376	-0.3487730653433019	0.1097318668401529	-3.178411845041895	0.0014808424159218653	0.010791853513716297
g2646	767.055099825052	-0.04908607502701492	0.14658302725242192	-0.3348687494527365	0.737724096746779	0.8485400564348236
g2647	295.23811588821735	-0.20164842234969385	0.17035199542485094	-1.1837162332427684	0.23652541082441425	0.42191244631308067
g2648	611.7596548296817	0.605258960766847	0.18928168765964634	3.19766253276008	0.0013854631093068615	0.010205710399246197
g2649	3068.674847676944	-0.0037838654780955206	0.18416397207095342	-0.02054617651620643	0.9836076763062257	0.9921670850425963
g265	5562.330854713197	0.22141586519868325	0.12154675103722333	1.821651860779687	0.0685078265899132	0.17823366325080794
g2650	312.1736041471173	0.4373491222480575	0.23322219924262153	1.8752465402878837	0.06075881419249742	0.16347262420225814
g2651	330.8933107637816	0.3614984339450705	0.263078273419382	1.3741098010355024	0.1694075971566792	0.33165379693795033
g2652	570.8008062602333	0.16230931133650103	0.17144543659484546	0.9467111785545238	0.34378597265621536	0.5323183128700627
g2653	950.9279107813751	-0.06767230253032216	0.12906894115725942	-0.5243112860736131	0.6000620483351033	0.7526275909049907
g2654	336.62224017652744	-0.03548794508632504	0.21913101573645158	-0.1619485263966755	0.8713463886321448	0.9323505150471504
g2655	386.85051145329857	0.17315094708881204	0.18160380224234055	0.9534544153307506	0.34035988205098733	0.5296201792013508
g2656	878.5883818442697	0.1026715836884471	0.18640216976504606	0.5508068056174524	0.5817661183399931	0.7419483434910387
g2657	99.43484328836182	-0.12566415647660029	0.25841255610811953	-0.48629276521696	0.6267596080136886	0.772451035015238
g2658	204.23474649335444	-0.1427187421549491	0.25438390654560017	-0.5610368363824373	0.5747724257367567	0.7374030117021544
g2659	352.10893145639176	0.08705503152434234	0.17690241337476947	0.49210765338692924	0.6226432421271326	0.7699453920449819
g266	552.7237623071882	0.45881324430705694	0.1500159768886188	3.058429200829112	0.0022250064800539483	0.01438253332569119
g2660	267.92255493152123	0.08190819530710838	0.16403354462252215	0.49933808048589967	0.6175412323729881	0.7665959066780763
g2661	389.43686362707484	-0.2511301944394336	0.17784497787254652	-1.412073579156153	0.15792829729972202	0.3162755025498412
g2662	745.6666250725387	-0.08010136611464654	0.1693344225829524	-0.47303652082556946	0.6361871239575323	0.7797423353700275
g2663	428.808997793635	0.2876502437243122	0.14205343816793775	2.0249439044498714	0.04287312464280151	0.1287558039193124
g2664	71.03275945678934	0.5823963673729806	0.3060033720149469	1.9032351295283545	0.05700987118460555	0.15708924359261747
g2665	823.7954981173369	0.3298290053526106	0.13219449850511789	2.4950282279700264	0.012594711040791776	0.05324191957333589
g2666	5899.882011692712	-0.16449989518644564	0.08854258366388779	-1.8578619278933144	0.0631886241380342	0.16774095790101334
g2667	489.308522453993	-0.141698256298432	0.13902144056534996	-1.0192546971330207	0.30808206534978266	0.49595300498739003
g2668	946.2441770091349	-0.24360582715304158	0.13531470482192823	-1.80029086619686	0.07181472238280498	0.18354812254237562
g2669	2238.446343237469	0.07661474382742425	0.13381195212221686	0.5725553107352349	0.5669458255476987	0.7311993479475786
g267	9324.656040282121	0.09803243743561779	0.10596928888616865	0.9251023430092414	0.3549126744297043	0.5448537397202659
g2670	909.3499206623761	-0.4154802704993294	0.15121790166372595	-2.7475600833508627	0.006004050701752195	0.030587437785579673
g2671	2477.1045288283817	-0.09810340189302451	0.09305394246909912	-1.0542637881850325	0.29176216281311973	0.47928727790231807
g2672	3252.8523330911717	0.9211192165738301	0.34463464396514454	2.672741213640117	0.007523426409753894	0.03669371407858004
g2673	34099.2086105762	1.3656896148979927	0.5471457112867235	2.496025440254842	0.012559359377442729	0.053197100911743615
g2674	36192.95444895508	1.3822408200264282	0.5505869063480416	2.5104861813634822	0.01205650407914693	0.05154394439272895
g2675	1874.8686553557116	-0.015990885785198302	0.10710869481398771	-0.1492958700782338	0.8813201739528257	0.9392952164516987
g2676	1612.8368716888929	0.08002395375566906	0.09749853219673849	0.820770856264706	0.4117768019474325	0.5996926893007273
g2677	1767.434847880635	0.3213307456025001	0.18362289720701488	1.7499492192427097	0.08012707657215946	0.19718364671440808
g2678	3883.2060708786353	-0.03173461893457608	0.10559393435819052	-0.3005344873970457	0.7637694943643487	0.8636994184457002
g2679	2933.3590227585846	-0.21993068435664	0.10913111567277146	-2.0152885178604785	0.043874427307362046	0.13020909047585827
g268	640.2346197133257	0.06916544139111694	0.12767736991938433	0.5417204429789563	0.5880111045694271	0.7456304735470566
g2680	1947.421360512788	0.19016742384376453	0.1041667274249254	1.8256062040618601	0.06790960062067354	0.17716996735304225
g2681	798.1258251980784	-0.16171072468983239	0.14828080814793873	-1.0905708345512573	0.27546176879476825	0.4660989719124651
g2682	222.86991797688873	-0.5185426128745733	0.19076074700164236	-2.7182878082885096	0.006562073065082203	0.03281036532541102
g2683	235.8976857144337	-0.013529148757396133	0.17903096869761395	-0.075568762520897	0.9397621892747228	0.9678874575632105
g2684	189.1203009484473	-0.7926187745074561	0.20236509166047026	-3.9167761989173413	8.97409877537754e-05	0.0011722222448806302
g2685	584.2408981099848	-0.7075123052965135	0.13270519921877938	-5.331458823479104	9.742691412823979e-08	3.871437903516897e-06
g2686	1713.1649761936108	-0.12485173012396013	0.11814212025060294	-1.0567926989893592	0.2906062071229829	0.4782207636831999
g2687	215.65702903514418	0.07020976209581281	0.1898364335534846	0.3698434530273236	0.7114991363997436	0.8326547550617004
g2688	570.5488237410574	-0.18005615944480727	0.14062084703715536	-1.2804371701532433	0.20039142842733748	0.37486503583409264
g2689	390.60796666278367	0.1180977409939052	0.15089453906429068	0.7826508614973008	0.43383216525980095	0.6208174464957349
g269	981.6891157523481	-0.24105347784217965	0.12295851675742588	-1.9604455567541774	0.04994373551602708	0.1432656546907312
g2690	841.4025406783577	-0.1702813111511273	0.1176771210400368	-1.4470213890871209	0.14789093310126866	0.30226760826057886
g2691	2862.3780827028368	0.32846930717684375	0.14549002246216966	2.2576758297102635	0.023965877198322407	0.08463160563486163
g2692	1031.2860612805182	-0.326113794466107	0.11174120280597996	-2.9184739941662294	0.0035174921424070043	0.020650906434815614
g2693	2059.618457358182	-0.3556049905114101	0.10361910204648828	-3.431847830063895	0.0005994838271346813	0.005190484971177573
g2694	320.58762644427765	0.2763305661679068	0.2293750270119354	1.2047107733028326	0.22831497559304204	0.4119928455371576
g2695	681.8565147012034	-0.104390509838076	0.13410587405509758	-0.7784186231483569	0.43632226340972236	0.6231734308996496
g2696	494.7042582563411	-0.09948940778502782	0.18769427639486022	-0.5300609570838902	0.5960696677657409	0.7505717971698723
g2697	393.1182823058086	0.6098297437230494	0.16725587611630735	3.646088603182961	0.0002662622019383819	0.0027388005785215033
g2698	6702.600207630295	0.05616484232346689	0.0975291885411738	0.5758772646791358	0.564698143883051	0.7297964714681675
g2699	190.8118903476845	0.6107460869299486	0.19725039124900615	3.096298481653966	0.0019595300386639216	0.013339197649987717
g27	124.53228066929898	0.7322370782721138	0.3269313257789677	2.2397274917826806	0.025108619650592915	0.08770244848305844
g270	1317.7015988851813	-0.39642687063919674	0.13667821692977916	-2.900439291235911	0.003726400140106733	0.021675131785674755
g2700	232.04825529334414	0.4312586942180504	0.21337318091896887	2.0211476079640316	0.04326448732270435	0.12921037052799125
g2701	772.7665538499114	-0.2892196304164949	0.13180295468129902	-2.194333435967586	0.028211447397255205	0.09458100703786713
g2702	772.7665538499114	-0.2892196304164949	0.13180295468129902	-2.194333435967586	0.028211447397255205	0.09458100703786713
g2703	6603.380793478292	-0.10965540071999652	0.09114763157571465	-1.2030526610985806	0.22895594268191288	0.4121643698732576
g2704	370.53173509274103	0.23047125991127804	0.15510921824716514	1.4858643639349929	0.13731500123862458	0.28616445054189327
g2705	1439.1059832474045	-0.025555258389299083	0.11203295380093835	-0.22810483453561362	0.8195647417501224	0.9017023350782075
g2706	207.98447701613114	0.5194151812070077	0.24211970261179294	2.1452825837962535	0.03193026013211467	0.10436080692530984
g2707	1181.364445574551	0.02041321624758476	0.16306245359900912	0.12518649018849798	0.9003759123717453	0.9494791113476149
g2708	347.3685287686417	0.5603819203352233	0.23802115743511534	2.3543365908048894	0.018555800270194187	0.07082724572293535
g2709	1362.3390556594477	0.03715344303303998	0.12490397957946885	0.29745603909602814	0.7661183655723367	0.8656380814233975
g271	756.9186131780262	0.5453219401888113	0.14278204975905345	3.8192611824038747	0.00013385197890623354	0.001588966101795697
g2710	244.80312853330767	0.7072326446081395	0.19245096013795568	3.6748719990857417	0.00023796868873387174	0.0025025781925753833
g2711	763.515292574354	-0.15311112766521845	0.12444192622928846	-1.2303821734734806	0.2185540256661177	0.399342423470278
g2712	2006.3214983073	-0.2559862429728682	0.11151310464197745	-2.295570944730975	0.021700425658945723	0.0789731285076545
g2713	1450.7846997656527	0.4886464223970079	0.16258351464190346	3.0055102663592352	0.0026513564547658145	0.016626030924818853
g2714	3954.045341070782	-0.02268904071680597	0.11142692985417837	-0.20362259596040694	0.8386484340466506	0.9113119857588099
g2715	276.2049353982177	0.665643660345026	0.29801555909866223	2.2335869387432057	0.025510264112930007	0.08874097077738567
g2716	1306.2380084627719	-0.2724561995603375	0.10269011250292423	-2.6531882468487797	0.007973538845810445	0.03829530425309724
g2717	445.6860545156995	-0.31385813347126884	0.1428213909595739	-2.1975569021037433	0.027980697319848154	0.09414182921784918
g2718	623.5051705865121	0.02456648291778907	0.1498489965298694	0.1639415911129724	0.8697771250511085	0.9315786974257017
g2719	89.29837101838883	0.2912524674102775	0.35558720746385963	0.8190746497534761	0.41274382421266964	0.5997336167832286
g272	774.5251715785768	0.18398681175305653	0.11423124520267541	1.6106522469103521	0.1072555393265707	0.24186957046463822
g2720	83.1778239851486	0.4691922287793471	0.30374061334145924	1.5447135093912858	0.12241557572476718	0.26411087702256286
g2721	24.490465093515777	0.23012627367338007	0.5366246076284518	0.42884032972396774	0.6680394270673939	0.8023699768308661
g2722	719.2609330132024	0.17806629100623267	0.17095013040980359	1.0416271141728302	0.29758459274372706	0.4854718399341269
g2723	684.909388931895	0.2570720246786345	0.14881000749583387	1.727518390763011	0.08407460521155923	0.20436679631270835
g2724	343.62854385267195	0.5648797988281066	0.16704868398272427	3.3815279795112003	0.000720838914112683	0.006047037557278619
g2725	5035.029518091509	-0.0014722904705313708	0.10007730264415313	-0.014711532301848938	0.9882623189082501	0.9938895320654855
g2726	848.770560472336	-0.2765810542234169	0.12436617929894504	-2.2239249913642967	0.026153491310749944	0.08983569581263061
g2727	2459.032807544916	-0.05938306583513663	0.0926600150366312	-0.6408704532549534	0.5216068540456982	0.6947457853509805
g2728	2453.1164021873205	0.06107622753016248	0.09741923338138925	0.6269421900606984	0.5306971303027058	0.7014641690800821
g2729	767.9582295174546	-0.017779761932447135	0.1291408158569435	-0.13767732389226017	0.8904954416224513	0.9435194708265592
g273	312.0007443978174	-0.19001468181292983	0.17720065265477358	-1.0723136679587792	0.2835791697463833	0.47225904688669557
g2730	508.88617346486166	-0.37323775907089357	0.15757522697743429	-2.3686322160547704	0.017853997671243283	0.06884457733293503
g2731	424.5749342818058	-0.3291133470325006	0.14889669882017428	-2.210346835358504	0.02708110049105496	0.09226638479578743
g2732	1737.0181084326975	-0.1481897303118055	0.15815169078528835	-0.9370100918680186	0.34875336679935476	0.537364881496965
g2733	11688.500930714416	-0.003366077580092788	0.08931762299735974	-0.037686600551296474	0.9699375596191374	0.9842780342909259
g2734	8242.099455682981	0.06707951024045	0.08959542562704208	0.7486934714689695	0.45404197948439406	0.6395554002065625
g2735	893.739598139117	0.21806409198823665	0.1447901875631373	1.5060695455840023	0.13204932157563692	0.27895142078792917
g2736	1131.2407714849303	0.5652839167948128	0.17481810893020186	3.2335546943852878	0.0012225992313927509	0.009212199797420427
g2737	375.91617991985686	-0.1638594187574196	0.14870295352045365	-1.1019244398187507	0.27049452246499417	0.4603772868824855
g2738	1293.9090824863763	-0.19291181054160209	0.1295958894204049	-1.4885642700888633	0.13660214619375607	0.28537526390781914
g2739	646.3691868789253	-0.36196622780696064	0.1270211831934751	-2.849652465098076	0.004376702328881378	0.024513429215915733
g274	1583.3523311959536	-0.34716542714315785	0.10172721559073927	-3.4127094222242924	0.0006432048518077714	0.0054862164081542425
g2740	3839.817227709473	-0.09379924427564502	0.08609430918350279	-1.0894941276051104	0.2759360430679111	0.46627509515728033
g2741	421.3904567174268	0.1843531896044552	0.1389994766203892	1.3262869334963618	0.18474467325000987	0.35169497807301425
g2742	864.7083281760157	0.006558871563581109	0.1266902906425302	0.05177090943841659	0.9587112353610867	0.9796114006124007
g2743	915.4981955423651	0.0027833706460901257	0.1239964250047862	0.022447184634417392	0.982091241925192	0.9915470548990639
g2744	258.378156717684	-0.12141706175943784	0.17797796099914628	-0.6822027911648019	0.4951107300087547	0.6731636375251033
g2745	936.7758143783686	0.4088949567326664	0.12800995416478303	3.194243443024042	0.0014019783729178168	0.010276637587892734
g2746	3874.580655419212	0.5087490549837458	0.10422460768901347	4.88127579718752	1.0540170986937284e-06	2.9473441093102406e-05
g2747	564.1765970833987	0.8553021358989261	0.14364693114297172	5.954197065634798	2.6135173597622916e-09	1.7010393160521813e-07
g2748	3063.714815234933	0.5555757500521321	0.15431899853436215	3.60017726481307	0.00031800031215861317	0.003159082048417802
g2749	660.242975117436	-0.6782015393334215	0.14810496209756388	-4.579195252665859	4.667683210541554e-06	0.00010126726505628946
g275	689.6537225270773	-0.1511729670462259	0.143149485309898	-1.0560496722636357	0.2909455217578514	0.4785705205385137
g2750	416.59153538368747	0.14947310936838706	0.15168517988000146	0.9854166998162617	0.3244194300100839	0.5125963830696805
g2751	533.4015740564364	0.043669439500196736	0.14968993296959504	0.29173264115942155	0.77049105024559	0.8682399148289857
g2752	376.49119836851895	0.44109158695700823	0.16448989227755392	2.6815725929999834	0.007327701404320419	0.035924769871830624
g2753	2103.916668658612	0.10148393086415981	0.09929081879636949	1.0220877629409832	0.3067393643844266	0.4949577804830963
g2754	953.8260834142366	-0.1636683191162281	0.1470463383579433	-1.1130390660787703	0.2656916516829011	0.4559027205013416
g2755	158.14255372334114	0.25741130383316807	0.21365672780888845	1.2047891328908547	0.22828471622698443	0.4119928455371576
g2756	1372.8489447135073	-0.5062105702789783	0.11033813994087467	-4.587811345652865	4.479171226574276e-06	9.888228877378884e-05
g2757	104.68515984258795	1.018232597585865	0.2861022255930644	3.5589817432393596	0.0003722954071366346	0.0035944121788767155
g2758	3798.6764576343444	-0.19225188451754174	0.08475058383302894	-2.2684431873213535	0.02330220803335097	0.08303833651987533
g2759	847.2569740516541	-0.1538920409296866	0.14759131230175587	-1.04269037607748	0.297091716578206	0.48505446232902955
g276	665.9167037567862	-0.10391072884744995	0.13688923379082513	-0.7590862040051427	0.4478009913274804	0.6331268697607635
g2760	928.0828514431665	0.45580054086220456	0.13042171100773964	3.494821048890824	0.0004743796997867541	0.004273945982565625
g2761	1766.9715015204656	-0.2819727543659217	0.10331548021013258	-2.7292401273499327	0.0063480460700753695	0.03208015249603015
g2762	1019.1385242521574	-0.12978796644305468	0.12322616563441495	-1.053250060771242	0.2922264002549684	0.47963246128804593
g2763	412.13467121618004	0.02048375155674551	0.17511868646581313	0.11697067840184132	0.9068832891901627	0.9522905192469718
g2764	226.76360920590346	0.24094234486281663	0.18977979588588148	1.2695890188842878	0.20423106298619964	0.3807270433446438
g2765	1068.4786419173322	-0.20999200055088485	0.10692972733430423	-1.9638318153974859	0.04954959919449386	0.1425683970725719
g2766	1077.0640503441336	-0.32006332131743354	0.1282446501646326	-2.4957245460653206	0.012570016957159022	0.053197100911743615
g2767	588.7649290933108	-0.048408496029341073	0.1328575054928917	-0.36436402933917106	0.7155861924369865	0.8363275159286762
g2768	1029.4092719730609	-0.05152682436318791	0.13685366848646097	-0.376510362733064	0.7065375129724529	0.8296047003020248
g2769	3321.9478287540774	-0.4739300682682092	0.12000173607357048	-3.949360099071008	7.836039331321106e-05	0.001048973350203446
g277	1563.5864648735521	-0.3497515301972516	0.11642072061586599	-3.004203447179032	0.0026627720247392062	0.01666992436714843
g2770	1449.8808725524325	-0.4013937578922515	0.163224232104106	-2.4591554373877442	0.013926430736310572	0.05733072631360132
g2771	3052.4424532986745	-0.7868593672468834	0.12736820314947905	-6.177832047480696	6.49877935283976e-10	5.0067126646877746e-08
g2772	345.4795971473621	0.06220397197516588	0.16650824639163953	0.37357892670887666	0.7087176146362983	0.83081519093674
g2773	1694.884995684715	-0.05627765416415995	0.12571592377538712	-0.4476573251349571	0.6544005246265052	0.7927822225637913
g2774	890.0986587982667	-0.20538036005176358	0.11207787113601611	-1.8324791323214633	0.06688006795500058	0.17532795592369943
g2775	1017.1687307720825	-0.19860144813180247	0.1276063711109192	-1.5563599717068382	0.11962251798091005	0.2598245140264301
g2776	1386.9954055827748	0.0004054826403062401	0.10402223599766233	0.003898038110960741	0.9968898234502125	0.9983128682697908
g2777	2121.262389033655	0.1144110881676364	0.11345395702111216	1.0084362958477167	0.3132450557415626	0.5008375139403618
g2778	957.7476465700825	0.2889955833596957	0.1338431994315005	2.1592100651150417	0.030833873553492017	0.10183540915523391
g2779	2584.912381992477	-0.03972472559175765	0.12192154367831884	-0.32582203598544046	0.7445590054244278	0.8514723554914313
g278	164.94799062045956	0.2891507799858849	0.27437768870266926	1.0538421740961035	0.2919551811548159	0.4793957411306785
g2780	50.19161764039362	0.6038002092950957	0.36120341820321156	1.6716348153588074	0.09459635512208935	0.22111531924822742
g2781	513.7257632998785	0.5599856838351308	0.1852583628491597	3.0227282332786243	0.0025050710132321708	0.015893517773027638
g2782	1804.7372471034557	-0.30454377499008706	0.10511690161646345	-2.8971913203955135	0.0037652006169507464	0.02180004958433906
g2783	1804.7372471034557	-0.30454377499008706	0.10511690161646345	-2.8971913203955135	0.0037652006169507464	0.02180004958433906
g2784	603.1242235687118	-0.3345208707827709	0.18676748039228014	-1.791108763046728	0.07327584320788762	0.18603171568663546
g2785	1051.3714995605853	0.22329187974216114	0.13061369878991622	1.7095594245540189	0.08734737419026392	0.2090908925607142
g2786	188.64344439928527	0.12791390476983003	0.1862619051618545	0.6867421690907634	0.4922452184609457	0.6725391602207998
g2787	269.68031404494616	0.2543418789567792	0.18207067168787797	1.396940411099241	0.16243149107820298	0.32204773047280266
g2788	1629.2367639609056	0.019718090323464048	0.13400720099108454	0.14714202056034204	0.8830199232110513	0.9398705451295354
g2789	1329.8695131165816	-0.5757685697383852	0.11343769184627074	-5.075637209884869	3.861995461009919e-07	1.2460711850694397e-05
g279	1041.8454340736714	-0.09973182089512503	0.12422893798205391	-0.8028066770524294	0.42208648228706935	0.6089900849548465
g2790	274.7282804326205	0.09618424537263713	0.21291543206272126	0.45174858600339923	0.651450112335703	0.7902756349048221
g2791	847.0121251727451	-0.29560885542222365	0.13456865901329926	-2.196713986672105	0.02804087932048108	0.09426030225718261
g2792	172.58061490762066	0.33424027550767704	0.26067830461441155	1.2821944503670006	0.19977444251767018	0.37408160739295876
g2793	1491.8712041411945	0.10943521363154918	0.18379652595572527	0.5954150279092382	0.5515660826597071	0.7204712671420048
g2794	1242.9038408658507	-0.019712771144870557	0.11254328147369544	-0.17515724516596745	0.8609560783205789	0.9267491290733348
g2795	1811.2775433204615	0.06996417296607607	0.09847922738698807	0.7104459978259369	0.4774276075481271	0.6589455921768186
g2796	2240.8248878030054	-0.20759131388293434	0.10852338101148662	-1.9128717880708297	0.05576446803988129	0.15490130011078135
g2797	858.2915651197718	-0.37038007696079234	0.1263698947175866	-2.9309201989011977	0.0033795958546739818	0.020063910692161475
g2798	105.85485310306485	-0.0680090904465691	0.2955587541712468	-0.23010345485204145	0.8180113803379372	0.9005520445540137
g2799	222.8572586044115	-0.15223077361805157	0.18738495186016785	-0.8123959373837588	0.4165644766413584	0.6038250584478531
g28	296.09679951810773	0.5957312915203882	0.21007185335074488	2.835845364422667	0.004570456942040516	0.025261310331190265
g280	1230.1415288361488	-0.07921570699013626	0.12127594817068124	-0.6531856331368338	0.5136366111590893	0.6878248340282235
g2800	90.78463323660769	0.6513994963532008	0.28729235295196937	2.267374991572102	0.02336732787655502	0.08308426498056223
g2801	1178.6284914420132	0.17267402732639694	0.14237306572379493	1.2128279070803052	0.2251956233583573	0.40851642461382026
g2802	1277.2682448814687	-0.32766566899915067	0.11577218105395075	-2.8302625554446093	0.004650981944985231	0.025515376040369308
g2803	1277.2682448814687	-0.32766566899915067	0.11577218105395075	-2.8302625554446093	0.004650981944985231	0.025515376040369308
g2804	621.13369983134	-0.018323915206570347	0.1522781065699166	-0.12033190863295341	0.9042202283163397	0.9514016751515393
g2805	855.2813044779972	-0.05460524481662875	0.12885275139982896	-0.42378020044903153	0.6717261190883583	0.8044943209259368
g2806	660.0534443431787	-0.1633181477427866	0.16790832630960087	-0.9726625911430349	0.3307210234037037	0.5193868292958446
g2807	2301.0814698351005	-0.33079382946482927	0.09845672751567706	-3.359788993719679	0.0007800202281053654	0.006415199043785957
g2808	104.40983150203276	-0.11589495495050467	0.28960951654388356	-0.40017661136816784	0.6890264399880214	0.8166639908806219
g2809	300.71906107744735	1.506371342539297	0.7254217419650553	2.076545622218008	0.03784351620842256	0.11750211522558518
g281	177.5758666886711	-0.17013026778445411	0.22307178945166264	-0.7626704757363305	0.4456599425155374	0.6311010109322058
g2811	17.614484035310102	1.4836101215603363	0.6661770279439537	2.2270508578466837	0.025943874992542113	0.08952296900991452
g2812	25.85562215653096	1.11375185062541	0.5234765564156006	2.127605977718657	0.03336976619714529	0.10775951017469929
g2813	149.4960903689208	1.1578686817141743	0.3404969671789581	3.4005256825257497	0.0006725641763021674	0.005718310282749283
g2814	509.4707483380746	0.26520640897559666	0.21942064907124234	1.208666595865772	0.22679095996154597	0.41020215423574324
g2815	75.44943978972974	1.1406208869508219	0.3425247809475445	3.330039023148812	0.000868338135288808	0.00707986276612365
g2816	36.04858856115221	0.7657010192828656	0.4575772841454899	1.6733807507791527	0.0942523648143046	0.22058442478239298
g2817	28.151472248847394	0.9246045871755492	0.4932266420029685	1.8746039009992983	0.06084723611968397	0.16348634615786975
g2819	135.67463249923512	-0.3498081928389966	0.22987586926027598	-1.5217264603050953	0.12807763467856356	0.2737786358502704
g282	1593.4314178663617	-0.0914739051285962	0.09762136029645409	-0.9370275608822757	0.34874438109234873	0.537364881496965
g2820	100.30827507921423	-0.04305892864166683	0.26286717868016446	-0.16380488754002057	0.8698847439538008	0.9315786974257017
g2821	2083.3749633398966	-0.0529709172089497	0.09769141082975237	-0.5422269650835788	0.5876621614747135	0.7454383936717216
g2822	238.13008045164017	0.5406637271719078	0.25062305120423845	2.1572785287467773	0.03098396894034415	0.1021523866810473
g2823	1087.0141581922132	-0.06022164714848814	0.12554508252449995	-0.47968144938481344	0.6314539205580375	0.7757040514502413
g2824	163.07023715631792	-0.13470299716286505	0.2245487035991303	-0.599883210206994	0.5485840726919076	0.7178179807320455
g2825	1034.6159637230649	-0.07903381716793015	0.11556659450819995	-0.6838811639666544	0.4940502091465171	0.6731636375251033
g2826	1676.7914478694404	0.20099495833566228	0.10370802588118162	1.9380848938918418	0.05261286612326809	0.14877420944969066
g2827	429.1375077725398	-0.029891649053144623	0.15694442435051545	-0.19046008914840723	0.8489486149496981	0.9182753643080545
g2828	1268.3263405893467	-0.3732913801387623	0.11569481700875833	-3.2265177454795007	0.0012530646151568394	0.009404212569020017
g2829	1038.9879549176426	-0.48721807102373044	0.11078591210832371	-4.397834180823828	1.0933645932392721e-05	0.00021275522368444598
g283	262.1052226758289	0.6249840997350287	0.21085216937744944	2.9640866469637115	0.0030358279300982394	0.018604302656040347
g2830	17.9460125588383	-0.8002032052495716	0.6328219533457196	-1.2644997554508184	0.20605070843309092	0.38298445314373125
g2831	294.1063627205617	-0.08395220307536484	0.18585551432764125	-0.45170681848786615	0.6514802055162401	0.7902756349048221
g2832	889.4349684672869	-0.3344889768968432	0.12439368750497887	-2.6889545893030564	0.007167616895676311	0.03541590809054721
g2833	1445.9404167123855	-0.2742288637075726	0.12934310150512585	-2.1201661357772914	0.03399203716445077	0.10930148236439664
g2834	259.7877352750988	0.08890720915580373	0.1976340931522584	0.4498576522792002	0.6528130842457407	0.7916380960577164
g2835	555.2671253964253	-0.05359834952143719	0.15786442153947775	-0.3395214006978365	0.7342169780860754	0.8462987404800478
g2836	1000.3281270763619	0.11511062334255774	0.11006434084448155	1.0458484778935484	0.29563099503270107	0.4835385642324292
g2837	630.1524057476271	0.47943698333987406	0.12244141552945742	3.9156439123699065	9.016324235508225e-05	0.0011736766892773637
g2838	630.7091707275093	0.15658413711387328	0.13258079499879177	1.1810469013653164	0.2375840919243971	0.42305657878047126
g2839	988.9377487577041	0.5062333871364074	0.15062820729828535	3.36081399504361	0.0007771314164821349	0.006415199043785957
g284	7426.164181538297	0.41843418868652543	0.09452933711343267	4.426500824653151	9.577401646824252e-06	0.00019028784850927134
g2840	1199.496632901416	0.21416607939443996	0.15385316444319497	1.3920160834489268	0.16391752765203893	0.32431271849394494
g2841	949.0081307607016	0.1480206918114405	0.13474344593562151	1.0985372296487257	0.27196997010281765	0.46199674135220165
g2842	13371.738223243825	-0.5160568570720073	0.09534151291719796	-5.412719405031799	6.207472298709755e-08	2.6934721755895774e-06
g2843	741.1674508936859	0.4377119113283451	0.1327208109295142	3.2979900308234744	0.0009737959170382923	0.007739114919620113
g2844	858.0654610503983	-0.19632248527664448	0.1619858548876978	-1.211973017105424	0.22552270964111298	0.40851642461382026
g2845	1010.3018384247138	0.19473124154947344	0.12209958989133048	1.5948558199317922	0.11074448114391716	0.24641307139432012
g2846	702.3773192132979	-0.3914105392246068	0.12405385641546716	-3.1551662361364956	0.001604066808798859	0.011434838513616945
g2847	580.97468896637	-0.3374829897904327	0.143803961595509	-2.34682679146005	0.018934054359493243	0.0716911285928656
g2848	2542.8120581730955	0.0243709941277138	0.0964211137517319	0.2527557832454103	0.8004569382484105	0.8884813119340633
g2849	303.4568903062486	0.12152239434535121	0.15483216844729705	0.7848652871300186	0.4325325564926069	0.619897646453907
g285	524.3857068265065	0.046504250409728436	0.13119389045527755	0.35446963458699465	0.7229869567156315	0.8415889545234954
g2850	966.8243855361134	-0.14484032643117586	0.11737237835376342	-1.2340239540398792	0.2171939783814827	0.39750346435349304
g2851	403.9642058898525	-0.08378149952394663	0.15529857011594855	-0.5394866125386341	0.5895511319737305	0.746830712483501
g2852	924.7718900590371	0.14181934085890593	0.13650512583738378	1.0389305162639306	0.2988370527349331	0.4864639387987807
g2853	183.18903926736297	-0.025080703524090066	0.24749618235675533	-0.10133773897141285	0.919282359010847	0.9588853557950934
g2854	255.35131295741417	0.30602551820171986	0.1896890930317494	1.6133005504459792	0.10667922702829548	0.24111697745157717
g2855	389.0241921311801	0.00903434172246835	0.15299705304735894	0.05904912246690036	0.952912982270109	0.9757182911312766
g2856	405.3851210242181	-0.065897525313511	0.15435237208950373	-0.42692913896586726	0.6694309410234638	0.8030193207383463
g2857	1008.2495124340057	0.6279491013370573	0.41168346017975127	1.525320208547798	0.12717924968607655	0.27216647821141665
g2858	861.6619287156306	-0.0730935499549972	0.1320174601746033	-0.5536657791956104	0.5798075992506819	0.740701755387927
g2859	1535.1094147607052	-0.2237420318818626	0.10176214143996445	-2.198676528577785	0.02790093105221641	0.09395719422133536
g286	7372.785767279299	-0.056403430019638635	0.07655891034237902	-0.7367324034184514	0.4612850974158538	0.6437527699611267
g2860	359.96980797355417	0.047434722098880985	0.1613653023714843	0.2939586230854014	0.7687895211584851	0.8674203164009459
g2861	1119.6380973696776	-0.1358472302975911	0.11962594754130124	-1.1356000356920009	0.25612399392924046	0.4449461928591269
g2862	5226.266132298407	-0.20066357880708852	0.0843756818398974	-2.378215789566561	0.017396641960591663	0.06770770947746739
g2863	10134.624538768083	-0.018843877289233125	0.08955793009761008	-0.21040992426572383	0.8333477475842844	0.909216111887478
g2864	370.5654905649258	1.0666650487700438	0.16765909978320886	6.362106501521791	1.9900537089786348e-10	1.8323055491205724e-08
g2865	1390.8022245592983	0.13587138818325561	0.12307788647283883	1.1039463877472424	0.2696163947296387	0.45929688181605877
g2866	2351.1053615807054	-0.16740506082678946	0.09114443285202033	-1.836700888781478	0.06625406399685496	0.17404947222555844
g2867	2462.26878755968	-0.2798497434895574	0.11096148109385343	-2.522044052862406	0.011667509560840015	0.05051014746808607
g2868	157.8139002786473	-0.06933720627047606	0.2661579144748857	-0.2605115328141731	0.7944692204533175	0.8836538913409763
g2869	400.16260401289077	-0.16528083329759272	0.22100591585041382	-0.7478570546928789	0.4545463835804501	0.6397884407219236
g287	122.64384160960486	-0.04481842830366092	0.3393431986876784	-0.1320740432605826	0.8949257265124428	0.9465801674375096
g2870	454.0846366620871	-0.071393074877181	0.1579790657134721	-0.4519147809537448	0.6513303757500638	0.7902756349048221
g2871	211.21473455703708	0.024796159957218976	0.18920653216578637	0.13105340324874254	0.8957330619728707	0.9471020447524323
g2872	552.5269276531194	-0.047729951462066135	0.13668648874448436	-0.34919290048697044	0.726944495745885	0.8417465345639633
g2873	474.8613453064122	-0.050835616883835796	0.16333740738222932	-0.3112307076411118	0.7556252401401873	0.857890310234348
g2874	477.6655081609597	-0.04189669911291912	0.16115159288047545	-0.2599831522856463	0.794876769391412	0.8838112719592267
g2875	2381.221580243959	-0.24050711401876565	0.1239168007723969	-1.9408757530830303	0.052273349685898286	0.14841256404476583
g2876	5666.327627681261	0.2372414535958849	0.11806360214604143	2.009437703776171	0.04449073506323519	0.13144292483238995
g2877	540.4232715736467	0.6904673163518782	0.22354748386434714	3.0886830145261976	0.0020104582201294057	0.013456524434376784
g2878	819.7686629814565	0.8200980701048196	0.15316712821802334	5.354269415676867	8.590278731607737e-08	3.486914216324646e-06
g2879	1452.6017189181384	0.14050552057295962	0.12332883954871757	1.1392754613364937	0.2545882798909259	0.44288974957983657
g288	5603.580087624557	-0.010988867602726783	0.09095367939927138	-0.1208182854757035	0.9038349664864914	0.9514016751515393
g2880	911.9843121989605	0.01154352626490858	0.12542585727109645	0.09203466108235012	0.9266705008852985	0.9620960233338839
g2881	440.5678019989848	0.5203215961552254	0.15307094675394184	3.3992185139589615	0.0006757870162251531	0.0057327999691010175
g2882	1899.9381560101835	-0.11931701842085937	0.10479479399163939	-1.1385777277292857	0.2548793223423943	0.44319182028675197
g2883	510.66053183659216	-0.08154068187779605	0.1396606586088619	-0.5838486134177663	0.559322168192512	0.7260755224938642
g2884	428.7046475797154	-0.19652122039870307	0.14241822938145368	-1.379888103174908	0.16762110013917575	0.32954069052482304
g2885	214.82666118626267	-0.02017572170459137	0.23075043772444664	-0.08743524780951638	0.9303255529502708	0.9645643950528074
g2886	904.6594954659084	0.06613973907698346	0.11405497268832228	0.5798935155394177	0.5619864288634056	0.7272878878845924
g2887	732.7607746660393	0.12726602704864817	0.11888980668047855	1.0704536461286467	0.28441516313244897	0.4727567382327318
g2888	531.005693335455	0.11894343906493607	0.14453272811529638	0.8229515945347183	0.4105355206859086	0.5981364687724064
g2889	146.90578012537247	0.3681563244447805	0.2321997677806187	1.5855154721455749	0.11284926440413377	0.24941801705246197
g289	877.5894146186221	-0.47604665247182776	0.11803393256278873	-4.033133880535519	5.503790198324576e-05	0.0008147767842617754
g2890	2446.089477392146	0.4800719604527994	0.09985391843580095	4.807742830457394	1.5264395042187868e-06	4.001603561406889e-05
g2891	474.5857103224353	-0.14606305157016092	0.17312161539810728	-0.843701990847746	0.3988359547762189	0.5881272380000885
g2892	569.09469500804	-0.12820972058027533	0.13378850349057902	-0.9583014775952216	0.3379107589528231	0.5273307627312556
g2893	781.450880804308	-0.04790595556585093	0.1327711224804672	-0.36081607710214747	0.7182369435027349	0.8379388484188109
g2894	2080.4332643895646	0.02835738557434279	0.09670570089319522	0.29323385604393243	0.7693434075147007	0.8677237416695532
g2895	281.5979257418337	0.4273011373919031	0.19744998492732402	2.16409810083896	0.03045682124550545	0.1008548247384062
g2896	448.6459667939692	0.05389530546816046	0.1342581948298951	0.40143028540228565	0.6881033556198669	0.8158260576209163
g2897	3628.321576597502	-0.08074507464439169	0.10532777235651547	-0.7666076366932381	0.4433148336385968	0.6297963407816549
g2898	1695.8459270136882	0.3066068182938379	0.09997485800331442	3.066839247560353	0.0021633516571785065	0.014153643857623677
g2899	375.3389184672939	0.03779100177382446	0.1694686795657375	0.222996968352286	0.8235378660057273	0.9037370477243084
g29	671.1940721053091	-0.2263580542795809	0.13816664454098732	-1.63829739827279	0.10135967016144139	0.2325668365474205
g290	1934.8754536002425	0.2016850046557975	0.10186818113019441	1.9798626265647215	0.047718966924885704	0.13868694515647517
g2900	686.755003785455	0.16396588236899887	0.1440988126818641	1.1378711546430056	0.25517428768283346	0.4435004309404679
g2901	558.9812703288349	0.3795916223687819	0.18376631357020298	2.065621358964515	0.03886424604047961	0.11955113195374162
g2902	527.2327493960104	-0.24481659282221696	0.13709408558206018	-1.7857560505458676	0.07413876559740817	0.18770881296459815
g2903	363.360940492476	-0.3572302630362341	0.1521077686506858	-2.3485339782783248	0.018847479474685052	0.07150676886124228
g2904	397.5088089938692	0.36229913731579494	0.14320524313247462	2.529929277663692	0.011408551977022289	0.04982012840283325
g2905	119.7220619700301	0.1198946643065176	0.2727629239039806	0.4395563098917488	0.6602584900107318	0.7973371080583854
g2906	215.2249550272309	0.1360623723568213	0.19158435078441124	0.7101956490691221	0.4775828185949075	0.6589455921768186
g2907	805.179621551442	0.1234167433489758	0.11489503360933727	1.0741695221450025	0.2827467096776036	0.47177021704498345
g2908	912.7848078103116	0.22559723212576568	0.13337840269560378	1.691407511009288	0.09075899875317434	0.2149405397071726
g2909	125.51239020863461	-0.3937952647550039	0.285186300225934	-1.380835139847273	0.16732965627971697	0.3295093648700738
g291	209.4729568565749	0.032124595189469925	0.183106713631986	0.17544192974832704	0.8607323962960007	0.9267491290733348
g2910	9644.43111659585	-0.2110263703992115	0.09010764215845639	-2.3419364367354847	0.019183981808567598	0.07234718414319949
g2911	627.0096788253062	0.10897170122298615	0.15886916550263588	0.6859210273952006	0.4927629095880406	0.6725452017775104
g2912	1116.202704275867	-0.0661018397977213	0.1211714414114295	-0.5455232604956554	0.5853936871659087	0.7437050474200851
g2913	746.9516688188227	-0.4387573384542429	0.13690324684090702	-3.2048716782014344	0.0013512270712790725	0.010021379556146364
g2914	369.90645963062	-0.06684658570790095	0.14349126628830247	-0.46585821867090416	0.6413169894724268	0.7829791834600295
g2915	72.87982155450575	0.009605542883755437	0.2922512621150999	0.032867412835919256	0.9737803195381567	0.985922100707724
g2916	902.6653048194344	-0.058718630918811646	0.10968715030972276	-0.5353282563455091	0.5924228906174286	0.748005410474301
g2917	1504.9400633971673	0.006405119767296967	0.12489204393015627	0.05128525057111661	0.9590982209770723	0.9796114006124007
g2918	1560.9236451757697	0.3070890601007717	0.14121259426300034	2.17465773292739	0.029655774495521352	0.09863484468774722
g2919	1922.7531081714533	-0.054141938893772154	0.10668125918520757	-0.5075112471233324	0.611796146834271	0.7622212720459977
g292	694.2674665919909	0.4797189561458846	0.16331774719096717	2.9373351298126225	0.003310461441552091	0.01986710258940111
g2920	4272.514947186161	0.06760157816603979	0.10258768776024003	0.6589638546492337	0.5099189797082783	0.6844555429612645
g2921	3143.076304407679	-0.0015096935733086311	0.10798976437126864	-0.013979969139652042	0.9888459617874987	0.9941127844867663
g2922	1497.3613367557828	0.3565876377131657	0.11385630197226405	3.131909534529166	0.0017367338036964706	0.012163580907150607
g2923	920.057613683358	-0.1705628704589703	0.11719912454544511	-1.4553254652754073	0.14557917996935488	0.298512441273392
g2924	229.2930929154766	-0.07463719308627342	0.1994437152784045	-0.37422684882342366	0.7082355503674136	0.83081519093674
g2925	1427.0684946641047	0.3052668901175188	0.1368952422793473	2.2299306026618053	0.02575205037318286	0.08894235147188043
g2926	1103.5472142930917	0.2199512554927482	0.11626586183296543	1.8917956829730764	0.05851820872116928	0.15941272542959822
g2927	1817.743915201956	0.12001659947661837	0.10097840305141194	1.188537309463226	0.23462178981297177	0.419562887988616
g2928	142.22150046778418	0.5838825033795623	0.30778456899703455	1.8970493071898864	0.057821430775565126	0.1584005088372702
g2929	174.26518881906063	-0.015570498207834418	0.20155840224820112	-0.07725055385515878	0.938424225605879	0.9676324768400298
g293	4832.161119917581	-0.5463427576533686	0.10082197380052224	-5.418885755344522	5.997162300546269e-08	2.6324753121583914e-06
g2930	170.63853218415477	0.4081698730634528	0.25686498976487904	1.5890443981372102	0.11205036942918609	0.24852534935086806
g2931	4213.407065710578	0.12921746690007502	0.09196876372093114	1.405014720999957	0.160016900846206	0.31910396233197447
g2932	247.0995581212562	0.05915463667089303	0.17910545227407113	0.3302782574166045	0.7411897200937994	0.8494088449989844
g2933	165.47430757906295	0.5279414176204981	0.24628727495447822	2.143600061018494	0.032064945894438285	0.10461985371780859
g2934	377.0794456715792	-0.13523004019506907	0.15871789657087032	-0.8520150727595265	0.3942057263601273	0.5835790654939139
g2935	375.05586291420735	-0.12571511422910522	0.15041354725572748	-0.8357964859067455	0.40326940375972686	0.5923509724486261
g2936	472.7099877735215	-0.08782062770953046	0.16184903478870943	-0.5426082881753264	0.5873995312041234	0.745355707662375
g2937	999.1531963738681	-0.30319098926742716	0.10787703253388768	-2.8105240026155247	0.004946089952536173	0.026484382369963196
g2938	402.11946078506116	-0.09687677613096758	0.14334883987652564	-0.6758113718563259	0.49916041370902786	0.6765998426397056
g2939	483.09519481324804	-0.279796314239818	0.15330432844305442	-1.8251038120149985	0.06798536505693425	0.17724085158144118
g294	350.9027208835276	-0.09009188177616784	0.1722805278606233	-0.5229371124811799	0.6010180171049	0.7527680871171192
g2940	149.89893345331475	0.010950550686062849	0.2787505963899323	0.0392844027165581	0.968663641846447	0.9835140527085363
g2941	3067.408685164199	-0.5060982720119918	0.09391681359645783	-5.388793046009812	7.093242907573055e-08	2.9425265907789322e-06
g2942	2526.8613681225766	0.7478239809119377	0.12891350743843413	5.800974589641661	6.593059183209234e-09	3.8888747525960716e-07
g2943	1948.9002647699706	-0.05672351757322744	0.10153159847436483	-0.5586784648874533	0.5763811790349888	0.7380729141306249
g2944	1004.1078494641939	-0.37190315073553365	0.14870971252785511	-2.5008665837200903	0.012388984059852715	0.052726510514029316
g2945	418.57372116237747	-0.4571753115157703	0.15529656489967877	-2.9438855380420326	0.003241198472731189	0.019576838775296382
g2946	399.1618301272592	0.1454299997270735	0.165599502908814	0.8782031175972389	0.37983350045819253	0.5689966127895543
g2947	489.683229777319	0.06102142498573771	0.13498536083466292	0.4520595760045411	0.6512260642368275	0.7902756349048221
g2948	193.00463826686124	0.17032612986914317	0.20106006871850374	0.8471405135527436	0.3969168057104041	0.5856876253341291
g2949	278.5354607940548	0.2357789841891828	0.2783879603446371	0.8469438976358552	0.39702639290861885	0.5856876253341291
g295	3397.16441220227	-0.24300284453207177	0.09060823827300851	-2.6819067356754958	0.007320386507446532	0.035924769871830624
g2950	491.363444411571	-0.3968873513094312	0.14096778408843766	-2.8154471879932483	0.004870940210503124	0.026193446288674208
g2951	307.52811492415236	-0.37323034782869896	0.18294723011928238	-2.0400983802014996	0.04134052803003453	0.12545055732586846
g2952	4570.37628081295	-0.2782072712101109	0.09572236051376942	-2.9063979379205915	0.003656161507535896	0.02133231791491191
g2953	3764.8956547511502	-0.3346972249016334	0.11694645227637121	-2.8619698878138458	0.004210169049734838	0.023735585926347887
g2954	1481.1061623504083	0.08474986424124642	0.09985904728798965	0.8486949008919649	0.39605108430602054	0.5856876253341291
g2955	316.0237045130412	-0.06340467955745376	0.1603083160359343	-0.3955170955899826	0.6924613075139796	0.8186788086017142
g2956	1115.6839639274838	-0.11167501230163168	0.11659130425575791	-0.9578331164102796	0.3381469171564453	0.5274812447378434
g2957	1137.6485156424585	-0.02279429111310294	0.12896313287862213	-0.17675044490859673	0.8597044153071337	0.9267491290733348
g2958	418.9683401980122	0.028182937332750416	0.17728665318050787	0.15896818416474592	0.8736939403942581	0.9338293903245363
g2959	1071.4259496688924	-0.010425043021484691	0.11416432533987603	-0.09131611815204557	0.9272414110634848	0.9624240656487916
g296	4131.409686627053	-0.1132880386440315	0.08156501826718146	-1.388929237690297	0.16485426877995135	0.3258236502351236
g2960	786.7145443818628	-0.36552142449345565	0.11721509459436444	-3.1183818582272385	0.0018184703022164155	0.012642219872683182
g2961	237.60056677902446	0.25934865198669455	0.18403945044522163	1.4092014041515968	0.15877562268607348	0.3174671481143683
g2962	633.19506543134	-0.031744460404512446	0.14557143405109027	-0.2180679239126771	0.8273761889886444	0.9042689963613587
g2963	1722.7361641465077	-0.04405447177940595	0.12614112326760116	-0.34924749866026567	0.7269035096985694	0.8417465345639633
g2964	176.67979459531685	0.4887730009868665	0.21593599674880568	2.2635086708375303	0.0236043507135345	0.08374663904473001
g2965	273.5568751094113	0.34000458261291555	0.19199537275638337	1.7708998801983433	0.07657735229066406	0.19119261079278366
g2966	16.96990542485235	0.0639570814019744	0.6116091539200905	0.10457181844327118	0.916715577695133	0.9580844067560026
g2967	314.92722905606996	0.5101544327612932	0.18058544836962934	2.8250029964600984	0.004728017387755131	0.025767465112121316
g2968	478.22430031081575	-0.07045004306235192	0.14924488303734948	-0.47204327296582327	0.6368959016157655	0.7803500040168226
g2969	525.8036454885954	0.3195206960483547	0.1925854775168837	1.6591110615822149	0.09709341469347382	0.2254167530552667
g297	350.2524434769228	0.19895326513422512	0.17279686390266186	1.1513708098678077	0.24957971730428885	0.43665803696237304
g2970	59.99444192818803	1.2033710337564951	0.3572751739405262	3.3681910234177486	0.0007566315236669966	0.006289739293530957
g2971	151.8186573828652	0.15735354706564383	0.24727969980655257	0.6363383132086534	0.5245559380223391	0.6967623736925862
g2972	52.88616059909108	0.631993385733834	0.3648894193208937	1.7320134601602184	0.08327116591656898	0.20267482355580138
g2973	20.213874202157104	1.8511229813786902	0.6943639237523472	2.6659262067867946	0.007677654347360025	0.037157878411902684
g2974	129.17441059002115	0.47096373314905726	0.24739468239972612	1.9036938408728652	0.056950069054529984	0.15708564991950802
g2975	986.458572663941	0.9343915114445418	0.5484866880161122	1.703581020032146	0.08845938983362614	0.21081704332193096
g2976	270.2577227323562	0.01880376095151941	0.1920859388751495	0.097892438466	0.9220177043782316	0.9599053596326047
g2977	168.51845461464643	0.07401596887827835	0.23986748723223333	0.3085702432302468	0.7576484593812207	0.8596702537313219
g2978	1210.0218126490656	0.36901398199194113	0.19751302253762487	1.868302035232368	0.06171998311579521	0.16512610649335716
g2979	1188.587403010741	0.3731915589270883	0.2018277087893891	1.8490600778534352	0.06444913816436372	0.17061395271421673
g298	646.4983679526345	-0.20584824305953173	0.13208644725916274	-1.5584357618131954	0.11912998472652506	0.25890368010514225
g2980	338.555201173971	0.0848038252257234	0.16346426393294142	0.5187912219181606	0.6039063399492781	0.7551329689660565
g2981	71.24392838287066	-0.024882284957261473	0.2981720492352819	-0.08344942130248881	0.9334941929993215	0.9661603548990473
g2982	158.15878742093892	0.4216777867640579	0.21901722227645548	1.9253179379281564	0.05418959486680334	0.1516424911950946
g2983	348.72273351069435	0.3174256484054319	0.17890444349628262	1.774274815102776	0.07601770428377336	0.19029630880055995
g2984	22417.925205094885	-0.35116402687618653	0.09918679135861884	-3.540431362544244	0.0003994735275354146	0.003741966666119579
g2985	630.9733359778347	0.3138936116715363	0.14765414304905075	2.1258706676944423	0.03351402984414297	0.10813287406977753
g2986	856.0764541508928	-0.0805732656521671	0.11744415531721791	-0.6860559849448263	0.4926778051816316	0.6725452017775104
g2987	268.2853775421184	0.3955659316259096	0.203820987587829	1.9407517170205808	0.05228840004755988	0.14841256404476583
g2988	196.54822955198532	-0.258872224381441	0.23515447208690793	-1.1008603072016743	0.27095745965189366	0.46074973431797234
g2989	402.0567773349771	0.5861873220854106	0.1944611958116829	3.014417964667239	0.0025747283075753403	0.01622637622887631
g299	927.1173003147738	-0.003253658481021735	0.11432424247578431	-0.02845991725430336	0.977295336466717	0.988026217236705
g2990	890.9822040638991	0.10893970046081514	0.11601683258287437	0.9389990920756794	0.3477312104901168	0.5362678976998888
g2991	288.92259291468366	-0.19990400088651455	0.18653021391846775	-1.0716976981214017	0.2838558350691158	0.47225904688669557
g2992	550.0201081753554	-0.04613705312546578	0.1736810530753029	-0.26564240778446996	0.7905146219321146	0.8813327518587516
g2993	670.6376456218462	0.08099633911911772	0.1862675075974312	0.43483879804829006	0.6636794409180613	0.7989125923041076
g2994	777.0360349907055	-0.13293874016083568	0.12440866742117941	-1.068564939376596	0.28526575397829235	0.47335306429365
g2995	559.5468659909753	0.1875160505834163	0.13464988304431286	1.3926194835364643	0.1637348880673518	0.32412123883285426
g2996	2364.358974406878	-0.1647362768107982	0.10212619114990706	-1.613065903622982	0.10673019054876436	0.24111697745157717
g2997	621.4450115262498	-0.1591127787716377	0.14814647060741293	-1.0740234183052892	0.2828121857411384	0.47177021704498345
g2998	1435.4291196603608	-0.6776918776426603	0.11073903852549574	-6.119719718233181	9.374009321638545e-10	6.938604939055981e-08
g2999	850.3295249013146	-0.1301008658041911	0.15880381425018153	-0.8192552957149289	0.4126407723768182	0.5997336167832286
g3	119.39327766446138	1.553895946501126	0.8157330413880011	1.9049074484675923	0.05679210286466762	0.15694742921970736
g30	386.35232608057566	-0.13641053841611098	0.1742329268322961	-0.7829205472017917	0.4336737706990288	0.6208174464957349
g300	139.85901730431218	0.3333545046263752	0.312449541642798	1.0669066847519222	0.28601397594322	0.47401533088906117
g3000	611.3184552119604	-0.1574554254068601	0.12717923036767734	-1.2380592723485884	0.2156940839056103	0.39564876906884294
g3001	442.4870412922462	0.1065445532624242	0.13725867094735958	0.7762318586290651	0.4376120984912213	0.6243332092987001
g3002	346.51778687987706	0.006748094064430631	0.14861810029767397	0.045405600333435596	0.9637840171727499	0.9809341237064251
g3003	534.7318639192496	0.35558626192510373	0.137623724126561	2.5837570097877958	0.009773062167820513	0.04444977070303908
g3004	545.3268124305238	0.29275263860517653	0.14444313531150516	2.026767405552559	0.04268620531438574	0.12839874506916826
g3005	1552.1372819806172	0.08287676853154896	0.12855424046829297	0.6446832732210802	0.519132458090112	0.6927271224072721
g3006	1375.0084676461945	-0.15561542316365004	0.14017756556422084	-1.1101307298160812	0.26694269696102224	0.4572180948402264
g3007	1225.9630425234948	0.2888667701439141	0.11749624464221833	2.4585191724512323	0.01395113271452008	0.0573698540275744
g3008	374.8255935377665	0.38930294733674875	0.22664023069914557	1.7177133386063765	0.08584891518273113	0.20694741686769477
g3009	746.1928794184247	-0.4324251735651469	0.15732673871311137	-2.748580292849541	0.005985397322400019	0.0305336147190001
g301	2323.5899555002975	-0.01829388226825394	0.08865628766930359	-0.20634613459670076	0.836520543659671	0.9103099026564595
g3010	541.2184720997986	0.11201875166492656	0.13008320545021884	0.861131544823399	0.38916559723048594	0.5795688413645512
g3011	194.6130592481869	-0.41860306941363834	0.19016934329154023	-2.2012121521180017	0.027721008411641358	0.09360179494986237
g3012	1021.7089629151533	-0.5259954097222864	0.12709440414993903	-4.138619738928441	3.494015052083358e-05	0.0005612726307070075
g3013	347.9005261470488	0.6090929778787827	0.21036487701775838	2.895411945727826	0.0037866124843249907	0.021856975731386605
g3014	485.5596214033139	0.15739019396457096	0.15778631543790342	0.9974895067913012	0.3185269646214475	0.5054389623564373
g3015	879.6034620121582	-0.23225794041729977	0.11488088041643676	-2.0217284162114506	0.04320441654256857	0.12921037052799125
g3016	308.1175590209528	-0.1543750735542725	0.22408958936575749	-0.6888989086516757	0.4908868862697906	0.6712410323496617
g3017	184.32019750101765	1.095441391480289	0.2717846546964727	4.030549085648969	5.5646706202577464e-05	0.0008205715465419138
g3018	1740.7291418610102	-0.4067780107460771	0.10111762734167629	-4.0228199715522885	5.750545189217972e-05	0.0008381586134864033
g3019	1499.7089851444987	-0.03331125848931763	0.10862623197785523	-0.30665943099368975	0.7591026121943357	0.8600277193978444
g302	603.3593068472677	-0.3495107922026899	0.1227084091511574	-2.84830350764427	0.004395298556058009	0.02454223456376626
g3020	243.39346384931687	0.5119941536220318	0.20876148842420925	2.4525316306504066	0.014185490720119247	0.05820676898744583
g3021	1341.6946780147684	0.19270461931350732	0.10940922815097713	1.7613196123419164	0.0781843223979336	0.19430271037011146
g3022	1817.18956268929	0.1559401438171269	0.11436534932538663	1.363526144387088	0.1727167505668733	0.33504919495886265
g3023	879.283045314511	-0.20992070950599614	0.13509368589007986	-1.5538898663021152	0.12021068935254031	0.26068078161422265
g3024	690.3206935823432	-0.7531096069881298	0.11912830953770456	-6.321835757685856	2.5847402948442463e-10	2.323189193580245e-08
g3025	204.40054074478607	0.24792513683341008	0.22313281256136608	1.1111101679195012	0.26652093174067104	0.4567029129918444
g3026	23.067203907145473	0.5633617932663333	0.6143412704294426	0.9170176583977937	0.3591333869398906	0.5495374524041424
g3027	572.7584109981249	-0.2721197441275738	0.1329519418977138	-2.046752685545039	0.040682373404909745	0.12405166365390492
g3028	914.2319270406302	0.2654500334139987	0.11747902948193258	2.2595524885130502	0.023849039178285212	0.08429786788204745
g3029	76.64408056284577	0.0006009989630862401	0.3699467770586523	0.0016245552072777115	0.9987037930520951	0.999158204772835
g303	349.51711677004613	0.38576520208020765	0.15498595502734305	2.489033293450041	0.012809096999995759	0.05390673486620289
g3030	63.34415193850699	1.7957028795918288	0.40046261529716093	4.4840711991538535	7.323220914123684e-06	0.00015106644235419073
g3031	890.8657558883782	0.16877893333313007	0.14736283992639493	1.145328994863509	0.25207289940622757	0.43979096734084844
g3032	84.09952388103862	1.3358294644851256	0.29441925223255927	4.537167506389715	5.701482022555959e-06	0.0001222903104269815
g3033	447.2103549172209	0.18245990556212593	0.20938796982074012	0.8713963162178435	0.38353779649459574	0.5736351750265843
g3034	118.91031978552434	-0.10674674101356245	0.24490752548935366	-0.4358654998464015	0.6629343176459481	0.79827019110477
g3035	252.96694981153772	-0.11696189767754285	0.19954854579556838	-0.5861325484043711	0.5577864450984211	0.7253383844365799
g3036	245.9555652553332	0.3562743220440109	0.21868473915440226	1.6291686535678356	0.10327732084921393	0.23628599163986824
g3037	206.58250628123162	0.04791934208289749	0.21622925739760873	0.22161359040688003	0.824614701936746	0.9039430719296699
g3038	3890.393841260578	-0.19538762216068348	0.09621929166601428	-2.030649142989862	0.042290598787659076	0.12761551592598963
g3039	1057.1774572923593	0.05858332095542763	0.11085791706279645	0.5284541014986109	0.5971841957919668	0.751254678222353
g304	572.9316961850171	0.07054389384498594	0.13992403555735283	0.5041585140393625	0.6141499907361986	0.7638933163193244
g3040	580.2740024215021	-0.02857063314590048	0.13152020243218424	-0.21723379843969112	0.8280261461852341	0.9044556428961975
g3041	452.33341238985764	-0.002271816222347876	0.15572833474811756	-0.01458832925955588	0.9883606101652536	0.9938895320654855
g3042	586.2611035790256	-0.16508282061844015	0.13005853278283255	-1.2692963474691046	0.20433538859023903	0.3807335103297889
g3043	1433.939606425133	-0.32226854118364606	0.11231775481093717	-2.8692573291383536	0.004114369143344542	0.02346184821167016
g3044	679.8677447157794	0.04289730676788875	0.1549452139399428	0.2768546744820132	0.781891697150626	0.8745038396444287
g3045	1355.6722542559241	-0.10167154962889867	0.11265463088424173	-0.9025066154037757	0.36678780884616335	0.5562488951834432
g3046	151.1940862376652	0.3497626588590946	0.2305024436358764	1.5173924117334432	0.12916763865275677	0.2754846530588456
g3047	462.8073960749155	-0.012360944657412973	0.14622674727339569	-0.08453271981973375	0.9326328892774188	0.9658955163298371
g3048	149.34320673872207	0.28843011281358766	0.28263175128347395	1.020515605567253	0.3074839919379022	0.4952013948658621
g3049	766.1597337996658	-0.2627638041774417	0.11728909319999244	-2.240308940997582	0.025070873196779433	0.08770244848305844
g305	338.13402203096246	0.024123842928377305	0.17180181195240124	0.1404166967404335	0.8883307664554492	0.9426870676416906
g3050	117.74628522266444	0.08395474781037272	0.24247718441653632	0.3462377213443395	0.7291640682937401	0.843577798899439
g3051	533.2405010349449	-0.2335083146469859	0.16200435706807662	-1.4413705833162391	0.14948001625633936	0.3043496008377056
g3052	300.2412788106594	0.27259981693197965	0.20447475059725692	1.3331710450103693	0.18247567905134143	0.3485605181843782
g3053	702.2277757338934	-0.0006095524308390356	0.11699469258542462	-0.00521008617885778	0.9958429714845339	0.9982228405082623
g3054	4423.793270757297	-0.3730196055910359	0.09505785905930053	-3.9241321999302845	8.704292989041472e-05	0.0011475057612342274
g3055	3654.920859897742	-0.4322105086478889	0.10307731453745275	-4.193071099954267	2.7520314050971647e-05	0.0004609291039415813
g3056	442.3419137808481	0.12474290191784683	0.23481907487543527	0.5312298499771339	0.595259510269118	0.7502853593542307
g3057	1204.6848733842544	0.1917671336439421	0.12367404935594219	1.5505850632578824	0.12100115395142749	0.2619147684441736
g3058	291.49247102566306	-0.02870540483186603	0.16322892971364697	-0.17585978712366743	0.8604040981440806	0.9267491290733348
g3059	2981.4711734997795	-0.4765409528406007	0.08584797245932031	-5.5509866941401915	2.8406170888634657e-08	1.3404161888074479e-06
g306	7719.86859360327	0.009831651740447131	0.0857227969402875	0.11469121507194438	0.9086898773344848	0.9531270594436455
g3060	457.4402247118064	0.3520880581157403	0.16548514145451423	2.12761130710044	0.0333693239628144	0.10775951017469929
g3061	624.7236664524083	-0.20339778981733703	0.1423390193420007	-1.4289671992795545	0.15301366122935597	0.3093176693227002
g3062	194.00854950904477	0.15552019864759423	0.26214631536106203	0.5932572366443205	0.5530090129053429	0.7210689097797719
g3063	371.30248257213066	-0.3467609251530328	0.16169152667077494	-2.1445831596301477	0.03198618994623137	0.10445317218600642
g3064	851.1671298728829	-0.10945366501454652	0.12304089320210693	-0.8895714438187471	0.3736960452577267	0.5636047026959322
g3065	2600.3403177761156	-0.5502043766764858	0.09496200173692962	-5.793942488709331	6.875301062686724e-09	3.992963309483444e-07
g3066	2668.7253474491336	-0.333344704223488	0.09004975024941012	-3.701783772861398	0.00021408903459881203	0.002315719500316663
g3067	1387.5464515361443	-0.10418406439874775	0.11485437114822081	-0.9070970774311854	0.36435546344852665	0.5548373838314595
g3068	737.3435463390214	-0.08327794525667627	0.1365484657385228	-0.6098782934415794	0.5419424325562643	0.7128336874215672
g3069	290.8764277151452	-0.009764378442310876	0.16557179489229834	-0.05897368237544588	0.9529730700400044	0.9757182911312766
g307	977.0026608897037	0.68954271204665	0.11085371551859534	6.220294094977641	4.962238784046494e-10	3.985627959526705e-08
g3070	84.29270737695543	0.3735343604858167	0.30542846378786215	1.2229847731063404	0.2213354475421485	0.40364314708773463
g3071	920.124357888171	-0.07180474445075798	0.11117647080995398	-0.6458627794859726	0.5183682262608582	0.6921966940695932
g3072	3443.6140297413876	0.026005986166018853	0.09236346173589681	0.28156140618007713	0.7782798367301209	0.8731073948458266
g3073	241.8387688952266	-0.018443247812161334	0.1760901539582655	-0.10473753016612446	0.9165840809610838	0.9580844067560026
g3074	1054.6205455037382	-0.19131175731307434	0.1197762091610167	-1.5972433812451978	0.11021146612377454	0.24574618110882984
g3075	288.5492348373216	0.7801272150592835	0.21228844779462167	3.674845349163875	0.00023799352877736758	0.0025025781925753833
g3076	6023.781478918652	0.21721502259882422	0.09895783307250515	2.1950260616526793	0.028161728313417487	0.09458100703786713
g3077	1027.2415559701915	-0.24415969920227631	0.10672059216261298	-2.2878405587390644	0.022146807924556425	0.0798511938063042
g3078	375.9459461105983	-0.22541578174657764	0.15812432142006153	-1.425560468637551	0.15399525394980693	0.31013265150512703
g3079	391.24928731118376	-0.10615065552436855	0.15558086310477	-0.6822860691606102	0.49505808011217545	0.6731636375251033
g308	2585.2589332044413	0.4831589377205995	0.09561239300242817	5.053308703489193	4.342212077268327e-07	1.3891398806515197e-05
g3080	487.1338075695269	0.5426540232905072	0.14378190334385615	3.7741468896314685	0.00016055614355419757	0.0018478641521862678
g3081	931.3019709732112	0.04188023565431809	0.1140936694187872	0.3670688818026734	0.7135676382845398	0.8347428935552594
g3082	5186.872770160572	-0.17031059680179206	0.08510773872694365	-2.0011176345339163	0.04537971436459247	0.13383470447370044
g3083	527.8698027734252	-0.14167158323300597	0.14236929359837555	-0.995099291794354	0.319687975066578	0.5064297548788635
g3084	264.174693422209	0.36249877174303863	0.20335988162629073	1.7825481055756776	0.0746598937988801	0.18827060727506506
g3085	835.214936489236	-0.14586569316371234	0.14812670138975287	-0.9847359847696106	0.3247537721138646	0.5125963830696805
g3086	229.35368624155373	-0.29072713579998005	0.1832223384369899	-1.5867450349126562	0.11257040211754321	0.24913172038883097
g3088	263.65101639935625	-0.36214080257596	0.17277118292154686	-2.096071789590069	0.03607582307563706	0.11405882086309037
g3089	1205.8214278003968	0.4007142331233452	0.1231132158576388	3.2548433596821043	0.0011345492255907877	0.00872285809899231
g309	694.4205757841734	0.16893144944146823	0.14309556235552437	1.1805498833133203	0.23778158283817574	0.423208616319714
g3090	305.4892438027664	0.10459632259909818	0.16885102138816832	0.6194592235165918	0.5356138765017833	0.7059854692018966
g3091	9323.712361314725	-0.09137207080721886	0.09918871358203112	-0.9211942317575504	0.35694902928618555	0.5468679324494117
g3092	5738.695969497911	0.4509585274287957	0.0973590833725303	4.631910159869407	3.623073763159683e-06	8.239218949354098e-05
g3093	204.20307179176996	-0.03435885495109276	0.2066352342880537	-0.16627781350781554	0.8679383252386683	0.9300234132910513
g3094	2960.7918976544206	2.21193504760791	0.19396371857252237	11.40385977277949	3.999837507011435e-30	1.5099386588968167e-26
g3095	1687.7985107828326	0.2730215804159952	0.13763577691481096	1.983652699435705	0.047294569980404474	0.1383807138103497
g3096	5119.30508289922	0.026104265806829015	0.08692602533829988	0.30030437610872096	0.763944995547071	0.8636994184457002
g3097	1357.0407095922637	-0.09826804973090553	0.1041623792597743	-0.9434121074157811	0.34547015265899195	0.5338312837853846
g3098	249.4009222437766	-0.16209960473029478	0.18951693341882694	-0.8553304541502861	0.3923682325258214	0.5815430222948472
g3099	210.63900224848433	-0.0965482006539092	0.26111051481312714	-0.3697599107527604	0.7115613880341842	0.8326547550617004
g31	586.5883781646702	-0.03698261347487515	0.1265939292395273	-0.2921357579864723	0.7701828276403877	0.8681517391288336
g310	505.8299481388917	-0.344096575629534	0.13461779231964185	-2.556100272484765	0.01058526108682554	0.0472332867644993
g3100	1011.3685094478009	0.20380693987948373	0.10343687467253708	1.970350907495036	0.048798167800657904	0.14072810041824568
g3101	6197.031671488724	-0.7470062048836164	0.10131492802798794	-7.373110946466429	1.66691650026498e-13	3.495894326944611e-11
g3102	670.4034070724753	-0.15232462789793152	0.13159163894857656	-1.157555518838526	0.24704547036002644	0.43396772945979517
g3103	1162.0060359726576	-0.22848635152818067	0.13611401226679798	-1.6786394561665192	0.09322233198927879	0.21871616113084363
g3104	1870.4774580831472	-0.1495153292997062	0.11467639019910428	-1.3038021953787837	0.1923010339114507	0.3624677141839451
g3105	1386.5740824457607	-0.04142733341576859	0.1445528240826105	-0.2865895818963266	0.7744265924121685	0.8705957076700227
g3106	518.2251621111169	-0.043017220536257283	0.13794736174827088	-0.3118379357972497	0.7551636919763682	0.8578612982079323
g3107	1038.2475925079732	0.2998431198071974	0.11274604765073083	2.6594557064746365	0.007826702051730501	0.03768596970061562
g3108	1383.073212828681	-0.10250315987849443	0.12288298871779232	-0.8341525621084842	0.4041950189698903	0.5930572790171882
g3109	2923.128277136039	0.04739263063256175	0.0896831025196538	0.5284454852816425	0.5971901746236421	0.751254678222353
g311	395.7607635080758	0.22741077326949977	0.1669457582612485	1.3621835956660326	0.1731399515190053	0.3355253167270252
g3110	625.9493568806	0.17192365795727674	0.15998509227762006	1.0746229883653151	0.2825435553809885	0.47174161997854136
g3111	6542.4836798024835	0.2869495607286149	0.11943805698971205	2.40249689220356	0.01628357292365357	0.0641654361031234
g3112	836.8452367698474	0.13426588190225683	0.14047293622185222	0.9558131659624994	0.33916663539410474	0.5286163296244933
g3113	1897.2805161866188	0.06621033306502283	0.12443417914362791	0.5320912109573985	0.5946628243723302	0.7500341336470253
g3114	2002.9758708433774	0.07118445938380044	0.15149113810173437	0.4698919044095918	0.6384322484916785	0.7812258470198011
g3115	2107.709715006935	-0.05618783212269677	0.09802662318740177	-0.5731895101117586	0.5665163861568787	0.7309736688997152
g3116	654.7820474185303	0.019062484945194635	0.13662164245825845	0.13952756387787338	0.8890332761438811	0.9427248925402109
g3117	2204.165143045346	0.07965474406610722	0.10048141202255435	0.7927311376578553	0.42793448472352114	0.614708021244784
g3118	2170.8404541414307	0.07557183730994885	0.10188414659475363	0.7417428504410744	0.4582431522268109	0.6419741637530616
g3119	149.5157065011338	-0.034845171412464335	0.3113916337386411	-0.11190143740891502	0.9109015568760382	0.9541213588254841
g312	1613.9000415511066	-0.2665629741617601	0.145769550122925	-1.8286601964331513	0.06745052879616903	0.17645581857625647
g3120	530.938295096706	0.5540875063418006	0.1483042934423941	3.736152834692038	0.0001868571236364879	0.0020869397684252717
g3121	102.65024002234541	0.02330427873995709	0.27052500976822114	0.08614463690408364	0.9313514403642925	0.9648330645925368
g3122	650.1971955350541	-0.13789368629301207	0.13263249728098045	-1.0396674202769918	0.2984944419311518	0.4864530093349442
g3123	435.56453060558806	0.08010386141219866	0.16408129524912105	0.4881961791597191	0.6254108906629945	0.7715444811283674
g3124	522.558808677539	0.23063736518728276	0.16674394768253925	1.3831828284789622	0.1666088135378786	0.3284325175485596
g3125	975.7196624681615	0.02645639003022335	0.11624463955205797	0.22759234431945877	0.8199631721260207	0.9017023350782075
g3126	148.42576042991234	0.07273107122544106	0.24748010303714119	0.2938865401010673	0.768844603623196	0.8674203164009459
g3127	86.84823874128574	-0.20546570399339642	0.2898354439427214	-0.7089046846665222	0.4783836277898904	0.6593275629451757
g3128	1223.4701974451798	0.011650408458770125	0.11377354344117133	0.10239997899682345	0.9184392003437353	0.958559021647111
g3129	1147.9935948396726	0.06067333180660996	0.11587634824830985	0.5236041066516345	0.600553924610191	0.7526275909049907
g313	28.747524424539677	0.6419387369539558	0.5144839071514281	1.2477333654772875	0.21212871815651047	0.3911997611337699
g3130	429.2597504855717	-0.21356057262495207	0.1590400956413041	-1.3428096340347555	0.17933362305036193	0.34452133690336706
g3131	119.74383078652077	0.21824934768883864	0.25370629751719576	0.8602441083436098	0.38965449520085593	0.5795688413645512
g3132	3274.3200222735104	-0.06826027196634259	0.15596140800227323	-0.4376741197755002	0.6616225327995907	0.798064284185996
g3133	1016.8661261185493	-0.08538084614741784	0.12209601345222705	-0.6992926610239008	0.48436915254303303	0.6659649999278401
g3134	185.7449807097606	0.3934685820227556	0.2029351734209163	1.93888804680816	0.052514971762031015	0.14872019384971275
g3135	987.8572110996543	-0.2726313739974964	0.1131633854994119	-2.4091836135364932	0.015988251937162818	0.06346545853079878
g3136	2923.3253249989607	0.025780914245974493	0.1375316289262183	0.1874544382791045	0.8513043434005662	0.9200326070246599
g3137	418.51475099625833	1.3099902372629888	0.5459257855723668	2.399575678385573	0.016414086495467065	0.0643439008519088
g3138	2167.751439270407	0.45727736576213734	0.1822331615101708	2.5092983185533755	0.01209712732331651	0.05165911272117627
g3139	99.41340364796099	0.5016530519984513	0.26617407350518557	1.8846803724806738	0.0594730038408703	0.16093949068049132
g314	4225.49852596105	-0.35660116753981375	0.09596501491996996	-3.7159496910118897	0.000202441863690866	0.0022280409196297935
g3140	334.95326464785404	0.02734203006430766	0.18635644523700956	0.14671899342968178	0.8833538262568453	0.9398705451295354
g3141	778.5902776597092	0.5980290436497682	0.12296110254987029	4.863562795455749	1.152914256386295e-06	3.153805302795843e-05
g3142	291.7530254434092	0.27281201703141034	0.2106617507976356	1.2950239708843827	0.19531196042477683	0.3669998260843865
g3143	526.4153333764285	0.04559782832356866	0.13739549817225316	0.331872797363437	0.7399853119122493	0.8494088449989844
g3144	7397.290986206128	-0.04259687495247235	0.09117315220012394	-0.4672085358963211	0.6403506871799045	0.7820523597878161
g3145	399.8496633573063	1.6922653691659906	0.20217897812511215	8.370135138969715	5.755219298281198e-17	3.620992141835253e-14
g3146	5529.792606107461	0.3053754746673964	0.09929240805884314	3.0755168560966246	0.0021013805015082086	0.013868376561527077
g3147	497.98988653173296	0.4656179087644973	0.16360971865201715	2.845906175994495	0.004428524098941361	0.0246573428812738
g3148	2398.503511679983	-0.19222376117950954	0.10157892249042146	-1.8923587341422683	0.058443200245915414	0.15941272542959822
g3149	169.2469727953381	0.320039243446462	0.21284431782570543	1.5036306663753018	0.13267649049429267	0.2797822985817207
g315	187.88098872098604	0.4076372963497905	0.2670370131224938	1.5265198317762838	0.12688045532437928	0.2718352547386673
g3150	5970.381697059336	-0.3264973177970049	0.10045637365965798	-3.250140393313064	0.0011534804851829846	0.008796745114274277
g3151	4417.666094247033	-0.09372049630787672	0.08462719168611367	-1.1074513337922232	0.2680988421342808	0.45820633778877146
g3152	622.6312091877693	0.4223270929404728	0.18060004797779494	2.3384661170876244	0.01936308137203118	0.07251550811450169
g3153	193.6576223515783	-0.07389922931944133	0.2446951822802731	-0.3020052484515097	0.7626480619722631	0.863008523364896
g3154	184.25561426713685	1.1053743692770732	0.3763800437776629	2.9368570080990946	0.00331556943876098	0.01986710258940111
g3155	840.1164041888904	0.4546738170638263	0.1762262572455904	2.580057161573766	0.009878396231042455	0.044767041743319656
g3156	7237.3246368883365	0.4620874052533597	0.10079623049873959	4.584371885406348	4.553531770708993e-06	9.993943275829332e-05
g3157	791.8473032642938	1.0421091178388169	0.13047616393655165	7.986969316062794	1.3829649578634024e-15	5.220692715934344e-13
g3158	4316.494795676517	0.10792930823949852	0.15965784722035195	0.6760037800743973	0.4990382450706946	0.6765998426397056
g3159	467.1839966851807	0.8566996615124205	0.2797562090997408	3.0623079440105774	0.002196373693338339	0.01422180221672767
g316	415.84306672524076	0.21594765569109015	0.18257769949120192	1.1827712600875238	0.23689981365322943	0.42223644784746983
g3160	295.418035036468	-0.5892724041079558	0.17119113716412498	-3.442189904626934	0.000577025010690883	0.00501905395243798
g3161	778.834332451021	0.29080856319777487	0.14726738075561735	1.974697734866058	0.04830246014826801	0.1397255073254496
g3162	123.25893009852204	0.7703201261486201	0.4509932372729752	1.7080524994266468	0.08762660157119526	0.20949361680257259
g3163	85.75928489747588	0.9303888351083621	0.3744273804075261	2.4848311950256643	0.01296128791806943	0.05442587529556407
g3164	259.591566107592	1.5636238696578235	0.5966364773461825	2.620731264391956	0.00877413964324038	0.04109476073602039
g3165	7771.251927185845	0.041317884788954276	0.10131105269202417	0.4078319560508038	0.6833970508858327	0.812436982090688
g3166	5678.790462078603	-0.2080036214582629	0.08648076002657255	-2.4052011267517837	0.016163567222915808	0.06401732846090687
g3167	524.2217920063623	0.6149238876768978	0.21819967032061188	2.8181705626473166	0.004829814571699199	0.026046500011663542
g3168	185.7105598283559	0.7005149157613798	0.2684525185396363	2.6094555550163356	0.009068642553588859	0.04210839562090768
g3169	101.91131916960354	0.07071372073609886	0.2758105805826078	0.25638509076311317	0.7976534990628978	0.8859015175145585
g317	946.8286411094178	-0.49519684963914784	0.11814899213579229	-4.191291357525952	2.7737119047522093e-05	0.00046126706786077496
g3170	1846.5054242873769	0.001886437492430912	0.11116259871071532	0.016970073696640487	0.9864604900639031	0.9933017738040102
g3171	123.15508590891729	0.9981127969178177	0.23514677159400682	4.244637466854581	2.1894711145890843e-05	0.0003844303933755253
g3172	97.35229064120752	0.3921315857095187	0.26524684894240186	1.478364728075129	0.1393101810062264	0.28927169048322593
g3173	177.0106591795483	0.7714448037781558	0.2612338185399578	2.9530816801966133	0.0031461870328275683	0.01912537205945905
g3174	2826.611836938959	0.24493892394125652	0.12176835802224314	2.0115153716412446	0.0442710483358525	0.13117991167020657
g3175	998.9478510675417	0.9441263987498557	0.13037824869236422	7.241441024243101	4.439422074616543e-13	8.379409165838725e-11
g3176	2130.4863375815953	0.10846235270617824	0.11155069237475819	0.9723144733319576	0.3308941256838427	0.5193868292958446
g3177	1284.164231358179	0.22687228135070986	0.1341997407195317	1.6905567785325117	0.09092148544667175	0.21519034956814162
g3178	28.593536121094434	-0.4431630795041503	0.5090094411651968	-0.8706382311685329	0.3839517148220344	0.5740268211695762
g318	134.3664856916874	-0.2329391731157505	0.24260861972273493	-0.9601438455977568	0.3369828240709969	0.5261001492423545
g3184	17.6440092788967	1.3302163845490071	0.6784912486138277	1.9605505410227	0.04993147673052044	0.1432656546907312
g3185	27.45866639709695	1.153490126961719	0.551911764954748	2.089990103864329	0.0366186886778724	0.11481357953402684
g3187	18.65329398503754	1.0771564790252244	0.7300465377668234	1.4754627592922955	0.14008817331246756	0.2904079375368287
g319	441.71753752269575	0.1860360864738964	0.21949907090327989	0.8475484005846722	0.39668952119954926	0.5856876253341291
g3190	26.97867721784021	0.7871712309401242	0.5730647450011132	1.3736165726589848	0.16956074916297859	0.33165379693795033
g3191	51.32674802772303	0.2417528508973422	0.3608904255691059	0.6698788157544224	0.5029350451660148	0.678371745993052
g3198	634.7514199989425	0.040662260973819225	0.4215167999822129	0.09646652511960398	0.9231500589886805	0.9600251990860245
g3199	116.9968912879201	0.26029522175297326	0.3389685537619764	0.7679037446516426	0.4425443725547593	0.6292297575872755
g32	789.7054026526192	-0.17834041875993203	0.12438116501638248	-1.4338217425157778	0.15162313865696156	0.3070693929345654
g320	747.7002210804159	0.6042073038437491	0.4511805135427084	1.3391697684358332	0.18051541177163122	0.3462630484948719
g3202	35.89077780389908	1.865485386121073	0.757936336050203	2.4612692351478844	0.013844642885196195	0.057118608624716544
g3203	52.87756057868722	-0.6184424469149867	0.3514408106360393	-1.7597342943630436	0.0784528682241324	0.19458579339428372
g3205	19.209158483881946	-0.6095805004246593	0.6062907179321744	-1.0054260809133038	0.3146917265559578	0.5025216868649495
g3206	16.30439652081945	0.16333773229637027	0.6256668149964061	0.261061843750349	0.79404481585388	0.8835513776449136
g3208	48.29182101518905	0.3672929197267537	0.38212422721415745	0.9611872097314266	0.33645804622038233	0.5257156972193474
g321	430.40622821246325	0.25735089755713314	0.18254472353329596	1.4097964190687364	0.15859980430314824	0.3172836572572255
g3211	24.116023766116715	0.5236648444508177	0.5260017759240666	0.9955571794997395	0.31946534901430945	0.5062895434630639
g3213	9.814336473231496	1.655236152319598	0.8702053680455953	1.902121284355109	0.0571553004807452	0.15737509796849974
g3216	22.47815326775591	0.38542723107553556	0.5215496065888535	0.7390039724052067	0.45990458520943833	0.6427766786988632
g3218	15.634607449836148	0.9949293140519172	0.9939750345250667	1.0009600638785725	0.3168461161882119	0.5044681942684521
g3219	63.30561980785848	1.1290996124911126	0.5389075976412072	2.0951636559461577	0.03615644684381659	0.11411717028526103
g322	2098.2752195273993	-0.7013710168645818	0.10222956907022848	-6.860745117518417	6.850229235927118e-12	9.235576916294598e-10
g3220	8.958870998143787	0.6319871072472653	0.9499131963464263	0.6653103774934654	0.5058519944427469	0.6808679858740719
g3221	13.376546030228235	0.03265231985338446	0.6368784823986461	0.05126930922584717	0.9591109236194525	0.9796114006124007
g3224	15.57794093326197	0.35932058783510484	0.6378687335012833	0.5633143136876797	0.5732208729982293	0.7362738331297434
g3228	274.6946122176419	0.6127251525651156	0.2617295465646524	2.341062217114873	0.019228962389750172	0.07237221637219032
g3229	17.867165674278926	1.4239318162810124	0.5843755948882313	2.4366722853190956	0.014823106352698978	0.059975591084071425
g323	3321.840177956572	-0.5882707750559698	0.1481320079240297	-3.9712603865983356	7.149338522028343e-05	0.000988599008082674
g3238	16.967692893629927	1.3889053078168372	0.6176763906558562	2.248597046654286	0.024538144493331377	0.086329445910835
g324	3505.316671324692	0.4168614613104631	0.3796361185332443	1.0980553244539586	0.27218033185888646	0.46199674135220165
g3241	1416.4797944890695	1.4097133822598793	0.8598910272182649	1.6394093409955466	0.10112803755679202	0.23221310327061426
g3244	37.28699698686733	1.8214987065990447	0.682043224793619	2.6706499535278225	0.007570454881869186	0.036827921622495076
g3247	27.29164084684348	2.568440056299859	0.8019437146364722	3.2027684853969514	0.0013611335667363918	0.010055340928434206
g3248	24.448114786900604	1.6557750224027783	0.6013158707799667	2.753586098193405	0.0058946263345293175	0.03021552316924001
g3249	12.222118437007554	0.6735545707995292	0.7451216463628973	0.9039524943172664	0.3660205920031556	0.5558035940514532
g325	873.6353320726266	0.5436460513801702	0.3942049947061334	1.3790947823617508	0.16786553235799495	0.32958221534201704
g3251	16.150078050216212	0.31875127592255653	0.6268297462155278	0.5085133209567846	0.6110933995530867	0.7615970892416316
g3252	54.7609315661216	1.0639845320834525	0.45931632763548885	2.316452666859745	0.020533565982142985	0.07569747224862282
g3254	13.200287692332529	0.42096759213469986	0.6660529303972098	0.6320332407871099	0.5273651565657244	0.6984300480187724
g3255	15.796821537323071	0.8253209514298512	0.648234386844314	1.2731829229973695	0.20295313891264277	0.3787299390137123
g3256	14.546119341797569	0.7590536124096059	0.7086823958300771	1.071077279294527	0.28413468335380376	0.4725147267227353
g326	449.97289986663367	0.07036309729940003	0.1934738984068544	0.36368263563612163	0.7160950114609865	0.8366631594754641
g3260	22.78438120145272	1.1063799149441325	0.558072649259523	1.9825015908092416	0.04742312951579971	0.13841436781384434
g3262	13.156627039031884	0.9562555914068686	0.7117859926050553	1.3434594124381158	0.1791232599946755	0.34429241674129324
g3269	1341.2412270643042	0.7054820064393256	0.4455786338720277	1.5832940648629559	0.113354455066765	0.2500953055973337
g327	945.4282858511564	-0.4319072181970409	0.1333780137325476	-3.238218999595468	0.0012027844230381903	0.009099220835609555
g3270	96.77765255101099	0.6223099300397832	0.25579161182505117	2.4328785670478217	0.014979323624472584	0.060542769467220564
g3271	248.11677455345162	0.18896645997188827	0.18659465936345873	1.0127109779911205	0.3111982326638072	0.49926973349910075
g3272	542.9034961528187	0.5880238407865922	0.2243564267561586	2.6209360225980283	0.008768871626484346	0.04109476073602039
g3273	2822.3163895120647	0.654861163001166	0.36557848038559254	1.7913011791899065	0.07324497701617921	0.18603171568663546
g3274	881.6690694776888	0.22065718409494492	0.14622849603179106	1.5089889459505386	0.13130160768464896	0.2782866999503152
g3275	100.87660210072936	0.8196235462956127	0.26992274720511683	3.036511575190709	0.0023933291924661034	0.015295254100339266
g3276	134.7061178101583	-0.016085735560695733	0.21972951214077435	-0.07320698709962122	0.9416414064079522	0.9691102260605288
g3277	127.81681159377433	0.121253233162782	0.2408119573912745	0.5035183239085097	0.614599900604522	0.7642011280573354
g3278	8807.51234463216	0.2956866047164978	0.10278528503645731	2.8767406211075794	0.004018057222969568	0.022947301084281575
g3279	1471.727632886989	0.1712601096683827	0.1164256399863692	1.4709827636629986	0.1412957782945651	0.2921922809271632
g328	126.05557948899546	0.6206878054573856	0.23112628312120562	2.685492091489607	0.00724230886894515	0.035645001278054686
g3280	271.14897519864843	0.5434568756872611	0.17797180022835363	3.0536122857101944	0.002261040889619856	0.014590477535581122
g3281	18332.539091549053	0.07935691299217941	0.08995599413433183	0.8821748206536993	0.3776822760487628	0.5670387449727016
g3282	225.76130214801466	0.3031704272442711	0.19106887298874708	1.5867075704273725	0.11257889095357995	0.24913172038883097
g3283	239.59817697473522	-0.05651108987443528	0.17217846853330412	-0.32821229248827044	0.7427511541381004	0.8505214137789748
g3284	134.56029017851915	-0.2644226244544714	0.21974351478124685	-1.2033239056802303	0.22885100165381111	0.4121643698732576
g3285	315.91863214043536	-0.2106762669850498	0.15441630073423035	-1.3643395547187072	0.1724607222740563	0.3349610005497557
g3286	160.6097879856002	0.0198373545010891	0.24044669668561394	0.08250208788281506	0.9342474581062129	0.9661603548990473
g3287	1694.5988549332194	0.6983625199700045	0.11825692996099987	5.905468036421363	3.516469642175996e-09	2.2499445591888786e-07
g3288	1403.6453871828153	-0.41913473333673024	0.10214879755232954	-4.1031783376795286	4.0751288382966666e-05	0.000633070426525511
g3289	4316.9192822821615	-0.0824416210632473	0.1009340658826002	-0.8167868830245867	0.41405022951321535	0.6014003910782563
g329	366.24676260199794	0.10077946479141589	0.17659209353856908	0.5706906961234075	0.5682093266371446	0.732328510773377
g3290	1624.8457530623098	0.18708852251032218	0.10710187848121179	1.7468276482484102	0.08066723911672691	0.19812545716697727
g3291	341.1268391326238	0.2132670991661562	0.1616980840107304	1.3189216215573933	0.18719531690594005	0.3554639443259174
g3292	1320.9938728711993	-0.4213492085035124	0.11577202547647197	-3.639473411382459	0.0002731961430673625	0.0027948927915428007
g3293	349.4225159688197	0.27414582666829396	0.15197230697597128	1.8039196227483727	0.07124390830692091	0.18270771321917556
g3294	2098.5670188023832	-0.21299430769076402	0.09394300540950817	-2.267271594753625	0.02337363957863764	0.08308426498056223
g3295	4448.555224786145	-0.49842642457608627	0.09985674355196503	-4.991414769266006	5.99386306809392e-07	1.8271722658176977e-05
g3296	467.0250406054021	-0.31956312034857554	0.14293735941172123	-2.2356864689804152	0.02537231599135681	0.08835838825403317
g3297	1381.1582834227193	-0.3989223257816925	0.1284230549861224	-3.1063139389169705	0.001894354810106156	0.01303466459838563
g3298	404.49416793705853	0.16474510659248948	0.1743537553638148	0.9448899236424506	0.3447150763452125	0.5333194316406464
g3299	691.0773305098893	-0.3442171294481968	0.11930683368893506	-2.8851417710544833	0.003912374344145227	0.02247977648272181
g33	951.0431870128441	0.011616181017091153	0.11714773967097708	0.09915838794428758	0.9210125135834328	0.9595912620091595
g330	4033.672255925702	0.21683036045858176	0.14017484763279636	1.5468564019887008	0.12189787608662454	0.26370457434212474
g3300	1804.389317997932	0.21777481561302778	0.14198505717806728	1.5337868642043826	0.12508209561167988	0.268890629825566
g3301	267.7376363670948	0.33816093580366113	0.16452468645189006	2.0553811290960606	0.03984220674177406	0.12178488295562515
g3302	145.00729982020837	-0.05501752099544625	0.24383818455017778	-0.22563127713955142	0.821488212437663	0.9022746587000808
g3303	1437.6978090164775	-0.0922166340048907	0.11801391833449304	-0.7814047301057853	0.4345644899855189	0.6213942991270204
g3304	681.4203648906745	-0.21623363563981843	0.12068569756098002	-1.7917088769409482	0.07317961184123266	0.18603171568663546
g3305	1954.4788620438394	-0.37603592765660404	0.10648243617539307	-3.531436180115325	0.000413309584899857	0.0038335225626460936
g3306	702.147385941142	-0.05266486134898955	0.15524454041262686	-0.3392380898485113	0.7344303771689105	0.8462987404800478
g3307	2596.180155274166	-0.31925147858564473	0.11592981431445784	-2.753834123460942	0.005890161288142774	0.03021552316924001
g3308	825.2284711260924	-0.2674951878684226	0.11612635107199436	-2.30348396724	0.021251628208229706	0.07766204887324989
g3309	161.14473812786812	0.3924533248099315	0.26340098522791	1.4899463055172626	0.13623835475689983	0.28477286224102816
g331	1435.727807998049	-0.07188450260727389	0.13690327638761754	-0.5250751077990681	0.5995309795388892	0.7524034068348759
g3310	239.32635796613627	0.28579035885489257	0.23497671749590585	1.2162496859284455	0.22388982165801008	0.4077106014273941
g3311	196.67408260650794	-0.6593361121980407	0.20866916828635132	-3.1597198455942985	0.0015792090829535655	0.011355265310761352
g3312	528.019321866548	-0.11514757674365642	0.15025430878667875	-0.7663512459209101	0.443467333854879	0.6297963407816549
g3313	1880.2455700745759	0.0678608642371539	0.09975789987109747	0.6802555419153828	0.49634266945037253	0.673748139940725
g3314	505.3800691488853	0.3968358798263477	0.13726072054997354	2.8911102771157955	0.0038388339002099585	0.022124577058461974
g3315	351.26688182477557	-0.2622722518625696	0.14710823181834753	-1.782852316425291	0.07461034689966822	0.18827060727506506
g3316	1126.8175759965613	-0.17243534065782276	0.11052566709414421	-1.5601384293020801	0.11872717185782146	0.25847466768355015
g3317	68.86098606520017	0.631518562995194	0.3656731462955612	1.727002842272588	0.08416715302513607	0.20446010467817805
g3318	102.97870675193484	-0.0796214007978576	0.3372534704245034	-0.23608771378286358	0.8133646074743367	0.8964821586031011
g3319	38.640453278216626	0.8484499355838269	0.4070664925024125	2.0843030591096823	0.037132609268590244	0.11565643563442919
g332	4538.666895115887	0.2333141454369915	0.10265213290712068	2.2728621298896283	0.023034489551070795	0.08242198867800213
g3320	1090.2936939141682	0.18065453918361551	0.11140519312482294	1.621598905009776	0.10488925727258876	0.2386720591947092
g3321	504.76708576388404	0.33466007803124587	0.1511977912905207	2.21339263738456	0.02687058782487729	0.0916318600170838
g3322	1325.0402452762103	0.6466472637514373	0.10336421343373982	6.25600720278263	3.9495851287008825e-10	3.241235621923007e-08
g3323	3277.192119465753	0.13198147753052797	0.10697210683364583	1.2337933825663043	0.2172799059094228	0.39750346435349304
g3324	822.4649414255791	0.7100070885231567	0.12469558540026707	5.693923215036578	1.2415293609406086e-08	6.792425126885214e-07
g3325	1773.243778068458	-0.029785728517394805	0.12098271116224138	-0.2461982231283548	0.8055287909740732	0.890967238771499
g3326	3607.8534645669097	-0.40588009015480275	0.10526645403886085	-3.855740120256786	0.00011538001233808189	0.0014327616663692734
g3327	199.76051538061935	0.27308809485193236	0.18777397001732507	1.454344789252396	0.14585073864201395	0.29874473053369655
g3328	908.8719086079282	-0.15464254855071594	0.1155227718340432	-1.338632601136606	0.1806903075170172	0.3463608861418082
g3329	1277.893306380295	-0.11031401507518215	0.13105208527831344	-0.8417570376000494	0.3999239644331082	0.5890413444147419
g333	3347.6938785234906	0.45197373879549335	0.12244487369794312	3.691242639609875	0.00022316112464569875	0.0023797549308969285
g3330	611.4789833603178	-0.12486479926692899	0.1251296374830497	-0.9978834893039902	0.31833585905153494	0.5053481362151154
g3331	1967.460255787003	0.10694104377065643	0.1056794998382825	1.0119374517697797	0.31156796083345195	0.49943484167570323
g3332	346.0437960142142	0.13062880335212324	0.16126173003831765	0.8100421800081415	0.41791593371250735	0.6046886354023439
g3333	1630.24753018136	0.2545657086463835	0.12451437810223145	2.044468378080598	0.04090729824315895	0.12453633134510085
g3334	1394.8133674013006	-0.5435171199704634	0.11236270051908355	-4.837166759605898	1.3170292988545426e-06	3.526089080266594e-05
g3335	699.5840196032563	0.15670392456541832	0.11802185113082142	1.3277534885613658	0.1842595568648202	0.35112560684739846
g3336	322.81890496286115	0.46454863620345316	0.19144777455362333	2.4265031927719587	0.015245116181516867	0.061354278875507644
g3337	2294.884940006278	0.44931780501610796	0.13809901817821535	3.25359159640272	0.0011395598073906572	0.008743573725405957
g3338	74.1855871973079	0.22684079603464177	0.3039853730851927	0.7462227334572084	0.4555328774856694	0.6404605633178405
g3339	446.9302169215004	0.0840929119554048	0.14189582343744694	0.5926383872212853	0.5534231831332517	0.7210689097797719
g334	1086.6842687110213	0.12583822557723748	0.10867641091326036	1.157916649250358	0.24689805246546315	0.43391068345303696
g3340	158.82878373886376	0.5666586628813898	0.2756198394890383	2.0559429391291206	0.03978801658601875	0.12171779790293417
g3341	1080.491720426851	0.3152131921506755	0.12060016577719655	2.613704468143252	0.008956647305630169	0.041690929196983834
g3342	730.8144107545099	-0.13106609938671523	0.13907126359032146	-0.9424384017449646	0.3459682341484396	0.5343821947260063
g3343	713.8647341461066	-0.11652963040849013	0.12443193516778783	-0.9364929529654747	0.3490194391980611	0.5375554398093352
g3344	710.0289362491308	-0.2978961203146955	0.13290576914383648	-2.241408497416686	0.024999626598660212	0.08758863851685206
g3345	206.64529402792797	-0.3411374678216778	0.18739099269626552	-1.8204581923241834	0.06868925745271574	0.1785826080468333
g3346	1071.925636803653	-0.048991984277057816	0.11727960807231881	-0.41773659617661413	0.6761397123129098	0.8072192960092456
g3347	1233.337825826758	0.5471798023693111	0.11802889999334229	4.635981546893821	3.5524765977728557e-06	8.127635852480321e-05
g3348	452.61439888264437	-0.13186488871680274	0.16086137329936637	-0.8197424031150067	0.41236297163661884	0.5997336167832286
g3349	29.34135562735627	0.2211578354149619	0.5015213147201417	0.440973950505717	0.6592318556534102	0.7963802451752722
g335	454.73479936730945	0.6368069030191633	0.2288433570507353	2.7827196350645265	0.005390536565923331	0.028106734166243888
g3350	570.7331798343871	-0.18952584275610032	0.127077324844824	-1.4914214080878165	0.13585089097304426	0.28439250697321944
g3351	2720.83561242141	-0.06425727491962026	0.10570808069134802	-0.6078747669938499	0.5432705361818867	0.7136920773736712
g3352	213.43075778266925	-0.14233958073609834	0.18228451287142142	-0.7808649154769438	0.43488194897329624	0.6216127820424814
g3353	882.9810983146446	0.04264187862322384	0.12163596515213396	0.3505696573368764	0.7259112234547893	0.8417465345639633
g3354	1987.1230555140119	-0.14106330957330107	0.11138919059981106	-1.2664003465120819	0.20536978693587626	0.3820950939787742
g3355	191.64188387386125	-0.40984388848366515	0.19812898612453592	-2.0685710682739464	0.0385863552042873	0.11910342673441092
g3356	241.17849429763706	-0.3181810885041739	0.1813313407501896	-1.7546944019043835	0.07931159409709722	0.19555928655554672
g3357	6269.180034929927	-0.40402553705415584	0.09026730294827615	-4.475879126306294	7.6097530683573445e-06	0.0001561240099622227
g3358	2181.9431768904974	-0.08089306298037706	0.09798548347935541	-0.8255617067748656	0.40905276505762267	0.5971284563389503
g3359	1480.3359400582824	-0.4997572689966705	0.10036131068483205	-4.979580931999532	6.372210184514159e-07	1.909134400519123e-05
g336	7909.585071352308	0.4126946994577041	0.12629641888586063	3.267667469104359	0.0010843769064957287	0.008405591010310834
g3360	133.56854099052435	0.9591034536578739	0.24841596528341744	3.860876866604101	0.00011298083272532608	0.0014216754784603532
g3361	2066.940594145263	0.2698034485583848	0.13988820555336529	1.9287076239994998	0.053767169236165466	0.15135798946049564
g3362	1538.7805938787849	-0.09019614807813851	0.11837600884426999	-0.7619461828350405	0.44609212482597216	0.6314202366771822
g3363	262.24519917144	0.054759240808848565	0.17418722978321047	0.31437000793342135	0.7532400324957013	0.8572448365002329
g3364	780.5485599388826	0.026163486096197678	0.12622744924863463	0.20727255642045447	0.8357970055457784	0.9101779892088229
g3365	1528.9311658000872	-0.7028328685917882	0.11943396201028876	-5.8846985962940925	3.987800391469059e-09	2.4678600783271637e-07
g3366	187.8376592991208	0.5087160801422583	0.26245148141903074	1.9383242852801459	0.05258367134231339	0.14877420944969066
g3367	962.2498651243046	-0.4183530944995705	0.10564760016942351	-3.959892073541393	7.498364347745026e-05	0.001021889004069945
g3368	178.3787240699678	0.6028302181596327	0.22957268360889285	2.6258795632089784	0.008642539105082506	0.040767349726735146
g3369	173.77458797538716	0.8732266304507202	0.2477885789374142	3.524079415586291	0.00042495686202612864	0.003931892534678029
g337	714.2153645495376	0.24244060503076437	0.2043392862525957	1.186461054439964	0.23544027283006175	0.42062803120373077
g3370	239.56651533863044	0.5843911479273817	0.20668139004391323	2.8274976658673387	0.004691335742912885	0.025629222039791812
g3371	5727.338332268399	-0.10330985293693468	0.12961789596119	-0.797033867667992	0.42543136216935995	0.6122773130725634
g3372	1106.5348465920717	-0.07535802945728957	0.10445168581439593	-0.7214630273291717	0.47062468053501605	0.652924722168205
g3373	670.8376271844018	0.8092544918121821	0.4322003513492106	1.8724059091713188	0.0611504681396534	0.1641842227789414
g3374	3717.943031385748	0.1453168594136799	0.1085710357802954	1.3384496000180328	0.1807499193905595	0.3463608861418082
g3375	3367.2550637540276	0.33172181623276564	0.3329929252922271	0.9961827745789313	0.31916134726214307	0.5062328092078109
g3376	2283.70531944128	0.30349658107032235	0.17422212548691626	1.7420094045007752	0.08150679865819632	0.19940905050854899
g3377	407.2508811304155	0.029088754505837217	0.1434490410876634	0.2027811011163242	0.8393061301726072	0.9114801685735886
g3378	1005.7267716261725	0.033824085460497866	0.11088828615612131	0.30502848076194833	0.7603444608160874	0.8611762194961686
g3379	1244.3061245822719	-0.6228326920955419	0.1031614914110916	-6.037453351789919	1.5656540170948724e-09	1.0878152233348477e-07
g338	596.9932446922224	-0.051789766680974854	0.15629213173595013	-0.3313651564268877	0.7403686807101715	0.8494088449989844
g3380	223.06492940907867	0.03630704633901002	0.1968758021791265	0.18441599189511482	0.8536871252532049	0.9218160462902885
g3381	343.535435611195	0.4810525007830926	0.23808527948411867	2.020505013268495	0.043331030658633814	0.12921037052799125
g3382	391.0275562714403	0.20816239684589233	0.1523997626503011	1.3658971196926666	0.17197125692844706	0.33471019811808356
g3383	351.64657324746275	0.34154889065569355	0.14891478777130776	2.293586122422032	0.021814283276195827	0.07918165323811467
g3384	1013.6297718092366	0.10283516985520376	0.1255493786386613	0.8190814719296189	0.4127399321365741	0.5997336167832286
g3385	3786.4713452769215	-0.20984886245368986	0.09688204680504908	-2.1660242467415896	0.030309334159717306	0.10063125457601832
g3386	7484.02394144547	-0.18592023200615565	0.08957132644243945	-2.0756668388251702	0.0379247749705084	0.11763847618214396
g3387	2258.157766675488	0.29520535663330044	0.19015813897313857	1.5524203077891958	0.12056168741926616	0.26126312859226736
g3388	520.3191016577151	0.3197640955401366	0.14993750303758363	2.132649197579233	0.03295351428099965	0.10687243677901519
g3389	2233.8187991685672	-0.3616425752604888	0.10552046121022655	-3.427227014673435	0.0006097790626395967	0.005255515893754515
g339	722.4472201745333	-0.4131768669274756	0.13363058288604696	-3.0919334332307056	0.001988574367300831	0.013381226803138392
g3390	2325.120069893496	0.1346703325016299	0.09503621500633806	1.4170422558668672	0.15647057350376609	0.31352251325728075
g3391	9626.401048980459	0.4903390524418484	0.4212378674276674	1.1640431460641336	0.24440652706296662	0.4308036934763228
g3392	7441.467485855402	-0.24643159101667783	0.1177611439127861	-2.0926392426960887	0.036381370681288105	0.11444972860155217
g3393	443.80506156587376	0.012711547417523379	0.17464077111310128	0.07278682598859515	0.941975754486368	0.9691738780682584
g3394	360.81528152549845	0.11241051075526866	0.14818076135110902	0.7586039491922705	0.4480895095797014	0.6332976033932508
g3395	365.9532529798028	0.13814918192077938	0.2211536291201329	0.6246751747661141	0.5321842696622978	0.702691716675472
g3396	459.57282841942896	-0.01360539029708232	0.13889180810072366	-0.09795675125213833	0.9219666356418841	0.9599053596326047
g3397	1867.024671098192	-0.48066952623659803	0.10285172748008142	-4.67342200285052	2.962222321131802e-06	7.045127749736328e-05
g3398	1088.8915040539212	0.36373190186999815	0.14391232702122658	2.52745480111894	0.011489261168373979	0.04998536832497039
g3399	2536.9868801872385	0.2265431775434121	0.09566599774560762	2.368063710011466	0.01788145641402914	0.0688800999622041
g34	438.20411560479266	0.044176508052774704	0.13671228265666324	0.32313488732917134	0.7465930900341954	0.8523986323926441
g340	724.2551109769937	-0.40794655618514297	0.13289785429184336	-3.069624851047582	0.002143278022741573	0.014091046193733362
g3400	680.1796845428067	0.050113598473271036	0.13926315067700987	0.3598482314212355	0.7189606324264795	0.8382047678292723
g3401	766.0101817295105	-0.22965985612142553	0.14406117160302048	-1.594182898597295	0.11089507569268	0.24641307139432012
g3402	419.4766029751724	0.173359642114428	0.1708052651368813	1.014954907716104	0.31012732271607957	0.49818325244817036
g3403	248.1039781387216	-0.27319118565866496	0.19851847967163017	-1.376149898541189	0.16877522970721315	0.33080295542301646
g3404	172.62180144075072	-0.4810515199093076	0.23794275471946885	-2.0217111484502253	0.043206201464107134	0.12921037052799125
g3405	1545.3514868818668	-0.007869322279472568	0.09869552326425803	-0.07973332547619609	0.9364493539239471	0.9668880039604837
g3406	6111.5902452693745	0.4063979630404147	0.10489844731019549	3.87420379863826	0.00010697386516154869	0.0013596846497806274
g3407	522.0182255483661	-0.3197030852301867	0.14533961092297903	-2.1996968562108608	0.02782841000520266	0.09388047164400361
g3408	1373.343682962428	-0.2848605010606971	0.12680510440527126	-2.246443488191754	0.024675615441098423	0.08673226097779008
g3409	3595.728592997883	0.07501317500108104	0.10945424273628772	0.6853382118938335	0.49313052426798554	0.6727747485043895
g341	273.0281416663735	0.29579406377407375	0.2676122561799634	1.1053083591775357	0.2690259970415304	0.45906136981194123
g3410	346.76223578335316	-0.13604422982661063	0.1577796730497058	-0.8622418033769927	0.3885544701835695	0.5793021820469885
g3411	661.8632009022617	-0.29182167689395666	0.1515331117326534	-1.925794788724535	0.0541300024301075	0.15158810027719274
g3412	621.9743206426613	0.21370540936594676	0.1395250763637645	1.5316630883525346	0.12560559550164455	0.2694097289879024
g3413	2426.7551817794215	0.045438219790849575	0.1103469170508186	0.41177606955637636	0.6805035629887877	0.8099596110420053
g3414	1509.3519971151443	-0.36370992617544623	0.1009242394115986	-3.603791599480187	0.0003136085422671811	0.0031319371615307107
g3415	572.673521453643	0.3816771197465209	0.18212656089093127	2.095669724829938	0.03611149930865341	0.11407607522189675
g3416	544.1857430187368	-0.07334438602162247	0.13666881427786276	-0.5366578060193399	0.5915040066057891	0.748005410474301
g3417	326.51822815896435	-0.20456739517359365	0.16639443416088595	-1.2294124872938867	0.21891719072506388	0.3998124794325671
g3418	223.887676289964	0.003173767135300453	0.1860938539836093	0.01705465853579447	0.9863930108923221	0.9933017738040102
g3419	507.62306040636	-0.15768022914632346	0.14098221544388206	-1.1184405681941354	0.2633788760875502	0.45379062402122405
g342	4020.3685318992634	-0.05157865723588746	0.09410039625456218	-0.5481236986118093	0.5836069691468819	0.7423567882497824
g3420	557.2278664553775	0.049397085330460305	0.13230817554772648	0.3733486999270252	0.7088889351012554	0.83081519093674
g3421	156.5614568430733	0.25005576759143533	0.24892000548451174	1.0045627594484134	0.31510743696014865	0.5025477712397808
g3422	633.2505268257329	-0.2713297841647261	0.13839539833058281	-1.9605405052312874	0.0499326484790672	0.1432656546907312
g3423	556.0635394343392	0.34615909735830924	0.1269780841782626	2.7261326204318985	0.006408124496219824	0.03229728968388496
g3424	1445.2105823584761	-0.24824754376310745	0.14076556212188984	-1.7635531022008653	0.07780724942579492	0.1936270519085427
g3425	1053.424823704065	-0.23819098399554992	0.1365145172732703	-1.7448033275372976	0.08101910940557555	0.19860203766626475
g3426	3294.379646119303	-0.517547281934697	0.09837878148622659	-5.260761254774797	1.4346020859226092e-07	5.41562287435785e-06
g3427	296.06952146692987	-0.1138896970148017	0.17964124736512285	-0.6339841138116772	0.5260911897151648	0.6978194803846616
g3428	609.3770317662903	0.16488043790057066	0.1580770535163434	1.0430384058463225	0.29693050565371115	0.48503360399946327
g3429	491.1390928345436	0.0390519503986263	0.17240132579936396	0.226517691888715	0.8207988006617922	0.9019357501039557
g343	1652.3173151796689	0.195615099014198	0.11534604765971695	1.695897718067317	0.08990525190196359	0.21345429303768085
g3430	572.0114965795553	0.31948272924020976	0.15142847500932324	2.109792951560396	0.03487619385470525	0.11110348675233107
g3431	332.5486938910558	0.11340666129289101	0.1724936579710307	0.6574540920915307	0.5108889803548877	0.685117549143766
g3432	180.90306212906384	0.2685525879121257	0.19893330448334337	1.3499629366213615	0.17702787186821234	0.3413075670595003
g3433	1238.531337388308	0.14621882282956264	0.10798129787752096	1.3541124778423486	0.17570049589691172	0.3394418485214134
g3434	1137.467568128104	-0.22355649280613368	0.1148541854934487	-1.9464374924228198	0.05160220961597269	0.14712865657122123
g3435	317.4786605340069	0.053719386521048226	0.16450675324815292	0.3265482143460356	0.744009616881209	0.8513598980680703
g3436	518.2278489924381	0.5393484619858451	0.13075078288313002	4.125011339075002	3.7071649226745936e-05	0.0005929893043684996
g3437	6106.929730945755	-0.6341272379431465	0.08749071501478169	-7.247937542126725	4.2316565181716027e-13	8.379409165838725e-11
g3438	290.2953355199454	-0.24972592571361726	0.1722318060364503	-1.449940817904252	0.14707502351369411	0.30092586111880504
g3439	1958.8657607238893	-0.7839404833227386	0.12160636065701462	-6.446541768763298	1.1443109045511112e-10	1.1367825433369591e-08
g344	3172.4817212062794	0.14719960886106123	0.11790892520962486	1.2484178665810228	0.21187806940974063	0.39111966358032807
g3440	2041.223384403771	-0.5222718370364074	0.09554127189794466	-5.466452629961721	4.5913104845073855e-08	2.0633567951208785e-06
g3441	3283.4831649552093	-0.4787010069430246	0.09726574074650704	-4.921578792995677	8.584882553705997e-07	2.4929178184800107e-05
g3442	1011.125020242274	0.24911041729461395	0.14638380390397338	1.701762152990835	0.08879996393423223	0.211495182240837
g3443	275.1345043617808	0.19289390788042837	0.17768867226782925	1.085572340760588	0.2776682423706046	0.4673194895002374
g3444	607.8501543246288	0.46455831686208016	0.14588432660952982	3.1844292506178875	0.0014503976059354509	0.010590427393435835
g3445	817.0973413536573	0.23697041531453097	0.11729427361910803	2.0203067720428503	0.043351576802303476	0.12921037052799125
g3447	294.26582732558063	-0.03530998286332556	0.17734897072205877	-0.19909888802604528	0.8421853910435095	0.914102889933654
g3448	682.095766511169	0.030498326877462144	0.12685769283932716	0.24041369659851924	0.8100095611838786	0.8946630736502935
g3449	206.5219554016475	-0.6619264795229539	0.18742642402510873	-3.5316603993590485	0.0004129593263383904	0.0038335225626460936
g345	369.24940966733743	-0.024855103322820916	0.17659866465837049	-0.14074343863756292	0.8880726275536547	0.9426870676416906
g3450	1507.6485438752886	-0.3980202555757469	0.10383579014233853	-3.8331701914160723	0.00012650236787076262	0.0015257074719237345
g3451	5177.194242738536	-0.3172922949151853	0.1311137695523247	-2.419976910118206	0.0155214926378105	0.06208850831668945
g3452	305.81479330991743	-0.10847364805870835	0.15514226938069148	-0.6991882256958183	0.4844344078945295	0.6659649999278401
g3453	108.55986318244986	-0.04986050759551815	0.2570813608499344	-0.19394835716862074	0.846216318977669	0.91637022493996
g3454	6436.170098638897	-0.3330325944015832	0.08676018252900211	-3.8385418828534323	0.00012376710516812748	0.0015120414951769621
g3455	4245.634246580882	-0.4132093050890267	0.0894194886541448	-4.621020666839538	3.818567294066206e-06	8.63179133838319e-05
g3456	677.2682600606892	-0.03412107085340625	0.12484837383245989	-0.2733000823798873	0.7846225520117773	0.8755395015797989
g3457	1433.8096132964322	0.3386726829187575	0.10331033587274496	3.278207161536343	0.0010446869605327564	0.008153890218703195
g3458	349.2951812627793	0.3381461244749858	0.1684809511396601	2.0070288195054404	0.044746594424939085	0.13207067549190388
g3459	994.0656262516459	-0.20903887007147448	0.11171294807154124	-1.871214337102674	0.06131537832711438	0.16439314856879034
g346	2388.8477198378796	1.123184461867749	0.37613864434721306	2.986091641333558	0.002825679507077008	0.01748678711346837
g3460	2072.713069577743	0.15170508052801174	0.09332791835540595	1.625505885069645	0.10405481089052769	0.23763273509482277
g3461	1208.732425723288	-0.18917515608826813	0.13345694921746798	-1.417499479776114	0.15633694634491618	0.31342112185451865
g3462	229.4410435893192	-0.18570315463171755	0.17718059884614448	-1.048100953722217	0.29459209694596866	0.4828314147475332
g3463	3555.919344375183	0.1860167661180901	0.10254710208939342	1.8139641426037922	0.06968324640110017	0.18005082488990634
g3464	483.8116954319923	-0.24747158578773049	0.1476083034232076	-1.6765424440805674	0.09363198974794495	0.21940456939695357
g3465	205.32805093794363	0.2863591453619042	0.26850456972396464	1.0664963566776346	0.2861993247704201	0.47401533088906117
g3466	1799.2821239204716	-0.1633841543208485	0.11043821782486027	-1.4794167955512754	0.13902895397273715	0.2888466159862866
g3467	1107.7172388238953	0.4317857804849985	0.1119219945376862	3.8579171347737935	0.00011435740294828877	0.0014327616663692734
g3468	780.7436347309886	-0.37538628825287784	0.12295491552111218	-3.0530401054882716	0.002265356601753002	0.014593380838937854
g3469	1377.9676473232719	-0.25083228311673417	0.39982249170561424	-0.6273591114064183	0.5304238638713672	0.7013485415462035
g347	4713.079932672553	0.4562552418892352	0.094111426956429	4.848032344685081	1.2469207391869195e-06	3.3864214319644754e-05
g3470	214.96278590645252	0.47854868568453396	0.19813590266556663	2.415254778394584	0.015724206527911108	0.06268097111178926
g3471	348.7925472424288	-0.2983176428664677	0.15735938264358953	-1.8957728344813158	0.057990089485531596	0.15863231000571143
g3472	1102.5871666780715	-0.0983785025643225	0.1332596840073181	-0.7382465544411762	0.4603646375329683	0.6429435836799686
g3473	203.19751350116994	-0.21787100906271975	0.20879655750726	-1.0434607335666644	0.2967349577430346	0.48503360399946327
g3474	2640.248108451318	-0.1557771437483605	0.09253062779306068	-1.6835197973231841	0.09227451018981093	0.21757418861120317
g3475	1412.8463989917225	0.1011159800750226	0.11774129065409866	0.858797958755879	0.3904519939512334	0.5802174711221922
g3476	615.475306269235	-0.3425740694881763	0.15440226467502724	-2.2187114302319144	0.02650636290186996	0.0907176064864543
g3477	649.6090805381663	-0.34404392382050464	0.1485623695028299	-2.315821462540358	0.02056801887205953	0.07569862918095391
g3478	178.4856988426565	0.050041167547311895	0.2447704018161923	0.2044412526024685	0.8380086959535826	0.9108790173408506
g3479	378.65461603480526	-0.22101987063921907	0.15741544540421037	-1.404054539068169	0.16030260952898656	0.319504937155187
g348	2025.0669640612923	0.3129361539910656	0.203684725628924	1.5363751652206732	0.12444639410356273	0.26783645253189814
g3480	573.1729532599308	0.7871814064330919	0.16801718285903428	4.685124420241791	2.797899161402843e-06	6.779875646322179e-05
g3481	1563.4143412142232	0.27702100415165143	0.18560351139425477	1.492541827849419	0.1355571604324368	0.28413563610907766
g3482	379.23351659873316	-0.19489811473889018	0.15178494259539968	-1.2840411664443794	0.1991275518274962	0.3730553390316616
g3483	367.39542617236606	0.31649190078559175	0.16035450222416914	1.9737013703746764	0.048415709266269355	0.13983879302231586
g3484	2153.826243300709	0.28239992461296415	0.14050320046081402	2.0099180921627813	0.04443985857148121	0.13144292483238995
g3485	1201.7047569865265	-0.12116702274427413	0.1274061967797748	-0.9510292733540641	0.341589515885089	0.5304234236022339
g3486	178.20071626651836	-0.25450057851468993	0.2006905972981254	-1.2681240772662106	0.204753644459591	0.3813246215268653
g3487	173.0342502618255	-0.19218954694539953	0.22789649547593274	-0.8433194487876446	0.3990498084655846	0.5882128180232651
g3488	2917.426993909879	0.7040579547397056	0.15751539968931377	4.469772200866723	7.830294919120122e-06	0.0001580714616025586
g3489	253.83544522168052	-0.13269246813104998	0.19705285709513398	-0.6733851520203443	0.5007022922876578	0.6772307966269825
g349	1670.5903650664707	-0.2275688524776144	0.11234974012060048	-2.0255396428450423	0.042811982081451185	0.12867454805531706
g3490	1357.351512799217	0.1785604632400676	0.15860208701703182	1.1258393038730474	0.2602335443927285	0.45046294470559656
g3491	296.53753058425235	0.5352304685831765	0.2599665794136525	2.0588433705223728	0.039509245421899056	0.12115954627755397
g3492	1904.3728882661892	-0.2633263195416564	0.10573179711845554	-2.4905120949248736	0.012755915408545407	0.05374283556613718
g3493	2529.8342792529024	0.25335449692202966	0.11467574843784498	2.2093119109604022	0.02715295328870527	0.09234450330167783
g3494	995.2203433036092	-0.035304644948752295	0.1150019345975277	-0.30699174820239306	0.7588496531406123	0.8600277193978444
g3495	1319.2253157421007	0.14068232862356284	0.1170785001145038	1.2016068576721968	0.22951588328459527	0.41297543346012733
g3496	315.8522629422162	0.29384788292778774	0.18537378536913215	1.585164171636527	0.11292903855180998	0.24944828585903026
g3497	569.021952769085	-0.42822369666195553	0.15383280755734127	-2.783695516330838	0.005374346017586326	0.028064922712586385
g3498	260.4694166282449	0.742296393586796	0.1769620179702451	4.194665059208399	2.732750945016894e-05	0.0004609291039415813
g3499	3694.0982757052116	-0.05775218561468357	0.08705679411439705	-0.6633851636989326	0.5070839054210143	0.6817100224231941
g35	864.5063619688698	0.0431641321483658	0.12370113618650681	0.3489388495452971	0.7271352183345919	0.8417465345639633
g350	815.6975839546009	0.7715698822959669	0.2341879365878902	3.294661089455385	0.0009854044650992376	0.007814919865020215
g3500	4960.661912784033	0.33226938924097527	0.1247435624260836	2.66361953097067	0.007730494190181927	0.037365704952543884
g3501	641.844461904073	0.4404741480901181	0.13423669028183133	3.2813245556437516	0.0010332077999945647	0.008092032043525895
g3502	278.53310125168264	0.19177450294058618	0.1991721264419052	0.9628581386689328	0.3356187196850525	0.5250562232950987
g3503	971.1078272746316	-0.5304941622393332	0.1096604606783717	-4.837606544397478	1.3141194684665031e-06	3.526089080266594e-05
g3504	1386.52218988011	-0.25868995528539823	0.1060379739918503	-2.439597302238915	0.014703642323174454	0.059593749174830186
g3505	308.5535809908794	0.03188021648547563	0.22227254515914088	0.1434284943408116	0.8859517803866903	0.9410433232863691
g3506	870.888016831707	-0.13670959829538562	0.11846137951096039	-1.1540436120173398	0.24848228936547978	0.4356807442427711
g3507	754.0091752849462	-0.3567399122419337	0.14300698912929738	-2.4945627791617464	0.01261124156314092	0.05325216655576843
g3508	228.0273905365151	0.3468459019613106	0.19585921659978164	1.7708939511897206	0.07657833841554672	0.19119261079278366
g3509	383.60951941839784	0.6897898176515757	0.19424003239449245	3.5512237572667034	0.00038344427651595747	0.0036226529323193125
g351	422.9031780405466	-0.06614563895440692	0.18690038656624539	-0.3539085187015497	0.7234074426960054	0.8415889545234954
g3510	265.6185835462965	-0.34854608241677365	0.1682815441107899	-2.071208011897637	0.03833936120250791	0.11872935893311513
g3511	1408.1551197423878	-0.2945438019170056	0.11105203385806368	-2.6523044349954357	0.007994442447496622	0.03834691262935165
g3512	406.3444805940997	-0.23406960335796329	0.1489351586895133	-1.5716208678833898	0.1160385039343359	0.2540866312947321
g3513	344.387568084743	-0.17923686490729293	0.16837347154663668	-1.0645196256920275	0.28709336857432755	0.47471636722211413
g3514	961.3252406451182	-0.11023029436529772	0.11863333176593359	-0.9291679895055526	0.3528020338104568	0.5424959990364459
g3515	447.22675732191664	-0.3141824887964033	0.16247053865584915	-1.933781295954929	0.05314002341758591	0.14992794349879432
g3516	933.0383922310335	-0.4442953095674078	0.12042556005255414	-3.6893771502786925	0.00022480374967581801	0.0023905187465527128
g3517	3309.774798408473	-0.10213766285566173	0.12173558502361254	-0.8390123794603731	0.4014623628002808	0.5903858276474718
g3518	677.2922478184109	-0.006475808036334962	0.17034822399363422	-0.03801511917480841	0.9696756273834312	0.9842768199441927
g3519	2100.87131189532	-0.018086887316312947	0.155212021486899	-0.11653019619900776	0.9072323560046642	0.9523921423575105
g352	3754.8743449148096	-0.03729020944533265	0.11281115721499968	-0.3305542675558552	0.740981195124119	0.8494088449989844
g3520	1741.6971103540836	-0.22171579175633058	0.10461194560790689	-2.119411798221757	0.03405568059146916	0.10941293126195412
g3521	944.8912411347732	-0.2636534674857557	0.11168959543650706	-2.3605911227034264	0.018245835160459755	0.06992693170633053
g3523	368.3995410477821	-0.2898835629215715	0.16360512895375154	-1.7718488703585618	0.07641964770548806	0.1911757257045841
g3524	3413.9117878379034	-0.21633905954007132	0.0986594505261379	-2.1927859762685027	0.028322802798244364	0.09470201998527233
g3525	1199.8531609089803	-0.22223772908263292	0.13331395252699696	-1.6670252803256156	0.09550937814335173	0.2224231354047827
g3526	1231.4008054919477	0.013177271080146418	0.10716968446991315	0.12295707639081283	0.9021410880496681	0.9502183614362437
g3527	433.4349211468536	0.45345634680125996	0.15056484883925536	3.0117012722230725	0.002597881146521123	0.016345002213528734
g3528	5239.98569925663	-0.35979608312279016	0.07790143323532046	-4.618606721084803	3.863252724718916e-06	8.680820854651134e-05
g3529	513.295586122471	0.13429302303988674	0.1553528250089194	0.8644388863361607	0.3873468388403243	0.5777420190564917
g353	14286.03284167024	-0.04416182423371854	0.09675770949606076	-0.45641659423031783	0.6480904351148448	0.7884438906086171
g3530	2983.9470428083914	0.19969060572623762	0.09414990155891603	2.120985815383753	0.03392299612853596	0.10917247262167369
g3531	4813.6091576667895	1.5290907422962354	0.5449711749104041	2.8058194867785904	0.005018879973146432	0.026760271043259575
g3532	7526.191958074586	0.41086106064044003	0.17685984450065034	2.3230884421530136	0.020174401747470014	0.07481175500658085
g3533	7322.074319017501	0.3907347126914682	0.17515349724693297	2.2308130801442516	0.02569351315420941	0.08890285257299772
g3534	757.5545266843865	0.032687267818933274	0.11676971491723523	0.2799293279263511	0.779531725929089	0.8737328578926102
g3535	1193.0952623602093	0.024278878145106306	0.14214929483020822	0.17079844239893333	0.8643822538638077	0.9280554631216934
g3536	567.354099262105	-0.12151624945445143	0.12900755177242493	-0.9419312884009419	0.34622781988563267	0.5345644253857927
g3537	135.6316484247663	-0.17551334056077206	0.2335087752543222	-0.7516348812570945	0.45227066072642286	0.6377742787606449
g3538	1414.989876458753	-0.11278936865747127	0.10644583210576374	-1.0595940341318828	0.28932932888028007	0.4765349984830093
g3539	1859.4075530087568	0.18775002333105445	0.11538619355209032	1.627144613677684	0.10370638766568045	0.23698039554354947
g354	801.770436692887	0.1461832936217447	0.14621005082456975	0.9998169947778955	0.317399079779101	0.5048048613973833
g3540	828.9884304047664	-0.2739887381921072	0.12280929196963179	-2.2310098348247047	0.0256804775634933	0.08890285257299772
g3541	4440.187462880638	-0.2807308162732791	0.12276833484589929	-2.2866712057767726	0.02221502159588469	0.08002071233250449
g3542	2339.999203525705	0.014700328117563001	0.13577158335681644	0.10827249527561003	0.9137795399224125	0.9560747680729234
g3543	2704.3089359069486	-0.14936415657653945	0.12107594452897179	-1.2336402342977277	0.21733699349022773	0.39750346435349304
g3544	1309.5602149020417	0.0738548650556253	0.1393157884076097	0.5301255938023404	0.5960248550535573	0.7505717971698723
g3545	39757.5409864323	-0.2731077798538329	0.5334588814634803	-0.5119565712442438	0.6086814043064392	0.7595941491758044
g3546	82757.85500797245	-0.28834927570354596	0.5166997819981447	-0.5580596039511806	0.5768036840158852	0.7381131888677853
g3547	1174.8344096776043	-0.9079650297448589	0.14794891262613769	-6.137017255674317	8.408525572824362e-10	6.348436807482394e-08
g3548	486.6793097962093	-0.15551272688175416	0.15674339479027233	-0.992148518218807	0.3211250816504079	0.5080667155198196
g3549	467.2173321090836	0.05350938191216752	0.19298645299471023	0.27727014555593815	0.7815726816013033	0.8745038396444287
g355	545.1833633465982	0.18327057331881258	0.1394402962576195	1.314330062668653	0.18873515469826263	0.3573095330922475
g3550	1108.9878384742317	0.10206161357120104	0.14089397403554504	0.7243859382194211	0.46882883030872313	0.6509116713554358
g3551	487.4277918668144	0.07691254935466274	0.16029151875149836	0.4798291884294957	0.6313488561502589	0.7757040514502413
g3552	315.7909911502589	-0.30427883310663995	0.155870395867619	-1.9521271593167988	0.05092310946543917	0.14574278865203402
g3553	1392.6107914541308	-0.210167532795279	0.1250544084253309	-1.6806087481575556	0.09283893547419392	0.2181135264140104
g3554	639.9540572626232	0.03282119565496689	0.13226062691382684	0.2481554520103041	0.8040141325663764	0.8903353917389473
g3555	348.65375064719046	0.014352949413238815	0.17512580403898834	0.08195793585075224	0.9346801632029987	0.9661603548990473
g3556	1785.7676823360805	0.32533818754770816	0.10021788592338303	3.246308625951564	0.0011691202185317472	0.008898041985801101
g3557	790.3117687914623	-0.16112818306044674	0.12478059522734372	-1.2912919894866632	0.19660244728095022	0.3686906301468391
g3558	261.7871623400489	-0.274449891137233	0.17411627577932481	-1.5762448967440077	0.11496937527754628	0.2526247914276701
g3559	1537.6850795108282	-0.19181418105929027	0.1241812198652955	-1.5446311549150429	0.12243550590449934	0.26411087702256286
g356	510.77833779756526	0.10138251934766894	0.13339678254280882	0.7600072311724155	0.4472502624912834	0.632821837275615
g3560	1727.1191045107462	-0.1448282833810476	0.12586106387204263	-1.150699659811299	0.24985581653720845	0.4366693089944268
g3561	181.74377696779013	-0.04559524716643987	0.2583550280060741	-0.17648291004178907	0.859914573767666	0.9267491290733348
g3562	1042.1892253850287	0.2316381458601121	0.12209538396110804	1.8971900357338451	0.05780286147072337	0.1584005088372702
g3563	420.4948211850328	0.015937646605675045	0.1681445065070716	0.09478541367038215	0.9244852729093974	0.9608843351412377
g3564	936.9069301810573	0.09400636560415822	0.12132272653957818	0.7748454744255293	0.43843097463863834	0.6252651791691952
g3565	1378.7191385460312	-0.05693260650529419	0.12165686582774717	-0.4679769293572345	0.639801088099782	0.7818870532783027
g3566	590.2565385428144	-0.1694542163706697	0.13447078302791513	-1.2601563890313057	0.20761295165788618	0.38493238587957634
g3567	297.83484289010727	-0.3510209431142014	0.2020851781780746	-1.7369949952731651	0.08238805425975684	0.2010043142806578
g3568	551.0554152822384	0.581890450388557	0.1998655333212811	2.9114096898997395	0.0035980190253988567	0.02102557557411871
g3569	1327.4398289783949	0.14187557539856907	0.1218910119851352	1.1639543645422439	0.24444250625016217	0.4308036934763228
g357	233.13570431651294	0.02089023581080515	0.21540153996440387	0.09698275979947664	0.9227400855900646	0.9600251990860245
g3570	207.46053421902138	-0.0015619162658598198	0.2059295246362937	-0.007584712627382731	0.9939483329197889	0.9973830294450302
g3571	2901.1615066643276	-0.28106729158846205	0.1070511391611039	-2.6255422762524456	0.008651106501027645	0.040767349726735146
g3572	1066.6988183690646	0.050907483611371325	0.11211133339653243	0.45407972654570067	0.6497714445370619	0.7900434682757175
g3573	1663.4136342961283	0.052666373278642785	0.10722262314586825	0.491187136943984	0.623294095838717	0.7701915586877763
g3574	1845.7058488042346	-0.2535265655795806	0.09998031501495457	-2.5357648207215524	0.011220205759221428	0.04925148458262894
g3575	1276.348657180634	-0.006691735834748693	0.11673872567192993	-0.05732233066818319	0.9542884322964061	0.9763034191299906
g3576	144.36714566931826	0.35356721001241187	0.2134691545521234	1.6562917989450336	0.09766274049923304	0.22620625530425184
g3577	447.8995984757689	0.11095714135528277	0.18720873000469815	0.5926921322125214	0.5533872078161008	0.7210689097797719
g3578	307.18894905048734	0.054245327358724935	0.16532515702462264	0.32811296438476045	0.7428262519812663	0.8505214137789748
g3579	317.8239317832178	-0.0756800790960951	0.16369978152301212	-0.46231020220058366	0.6438588844707498	0.7848134610516889
g358	302.41880463954254	0.023299859197970837	0.19549738982920492	0.11918245669840716	0.9051308051035245	0.9515089917198009
g3580	73.68825403384542	0.3782630059573473	0.3119861719577489	1.2124351652629464	0.22534584675119806	0.40851642461382026
g3581	3995.1737849223264	0.05552964000615773	0.11139381767950583	0.498498401104481	0.6181327958837184	0.767078009356028
g3582	3895.3140799537982	0.058473977386223716	0.11066259244151234	0.5283987668834753	0.5972225932040481	0.751254678222353
g3583	334.61037384028646	-0.0002971449625601313	0.21427303148088908	-0.0013867585692258877	0.9988935271026965	0.999158204772835
g3584	603.1113383860938	0.005729132695615507	0.13748389179287618	0.04167130142232681	0.9667607322283223	0.9821102702265652
g3585	4045.9597608602057	0.26026298134157705	0.15486753307662474	1.6805522511474706	0.09284991707213636	0.2181135264140104
g3586	805.2878935187454	-0.4809687253205585	0.11825491161778558	-4.067219862081573	4.757735047002606e-05	0.0007155557690213083
g3587	146.8321286926217	-0.25355385286087473	0.2482768204620541	-1.0212546317815727	0.3071338149072187	0.4952013948658621
g3588	355.7867312397594	-0.08922399506195201	0.15068366594163127	-0.5921278494545903	0.5537649792384154	0.7210978946619586
g3589	720.2855704764565	0.10637216367000867	0.14554697448748724	0.7308442105689633	0.464874315858156	0.6466103693310754
g359	527.3730487148986	-0.29853138860057343	0.14449033427995733	-2.0660993698177332	0.0388190977419825	0.11952862477649587
g3590	450.9837891741933	0.07443338822749575	0.2304324723327503	0.323016055306702	0.7466830829259545	0.8523986323926441
g3591	881.1421017617237	0.41222001566340766	0.16348307716248808	2.5214843200785637	0.011686088356448854	0.05053262719999361
g3592	580.098769256642	0.4863177164469534	0.18757863832996205	2.5926071368078247	0.009525150844932417	0.043479376589624995
g3593	712.1793587451494	0.2532456960656246	0.12040197520700656	2.1033350626534193	0.03543649052485013	0.1125086221457605
g3594	756.0769477292814	-0.019894777772130157	0.11964910478421792	-0.16627602695406324	0.8679397311322844	0.9300234132910513
g3595	869.2370651435681	-0.17746530721144177	0.12186135134359392	-1.4562886859105133	0.1453128318779037	0.2981282284451557
g3596	639.0635601138706	-0.10501369959359926	0.156630110603785	-0.6704566522285376	0.5025667306796489	0.6782973248026551
g3597	1446.3795778085625	0.01671313187603408	0.1077268447102963	0.15514361272698335	0.8767081004228574	0.9354361444590975
g3598	2142.9390750842263	-0.37300971210611544	0.10163499013450622	-3.6700914873161823	0.000242463673798482	0.0025354580847348185
g3599	498.7034585140923	-0.38271842757534624	0.1356230040171734	-2.8219285537052707	0.004773581065003997	0.025876504378493825
g36	727.606402073732	0.48606520338777853	0.12305193150495265	3.9500818674123384	7.812446675771891e-05	0.001048973350203446
g360	445.40967196031266	-0.07748725722568117	0.1607313247744013	-0.48209182207911533	0.6297407190216897	0.7751128836996669
g3600	33.06265835627634	0.24070150412572408	0.48325109780847153	0.4980878578802983	0.6184221183424918	0.7671848494061474
g3601	468.5424237892739	0.2796307217993612	0.18821013866537312	1.4857367609538223	0.1373487630636318	0.28616445054189327
g3602	2016.6032299494893	-0.13714171014479412	0.09076336988141334	-1.5109808100335662	0.13079334017768657	0.2777986096101768
g3603	337.9585726031267	0.005963192245959216	0.18697501532107946	0.031892989743677956	0.9745573891716326	0.986050427264249
g3604	1290.8761698185638	0.00033549128259114004	0.16807725165646104	0.001996054072069565	0.9984073803309291	0.999158204772835
g3605	478.2995100710118	0.1298260663513656	0.17392121810192201	0.7464647946249112	0.4553866907826538	0.6404605633178405
g3606	191.48011718480973	-0.392869746676882	0.22277367399679304	-1.7635375833615672	0.07780986430337994	0.1936270519085427
g3607	99.9527195487761	0.2042924883294409	0.26675932312537987	0.7658307343710764	0.4437770242329012	0.6297963407816549
g3608	1387.7121549193043	0.010776412973306306	0.1081416063392462	0.0996509422978248	0.9206214489650812	0.9595102070246222
g3609	2189.574384991762	0.1636088098209149	0.09485720866046522	1.724790473294879	0.08456523922732063	0.2051630964544572
g361	1954.6790918264262	-0.16086987222524826	0.1023548934798628	-1.5716871637104253	0.11602312055858718	0.2540866312947321
g3610	3161.2658035300997	0.11312789671184052	0.08285247207454949	1.365413654888289	0.1721230745369351	0.33475765398090157
g3611	224.81748798915285	0.2579896613977062	0.19536392064049402	1.3205593978248173	0.18664831849903174	0.35467349826004213
g3612	2775.748234350014	-0.8643759428996164	0.09102159686393839	-9.496382975918447	2.1730741511432786e-21	4.1016774602829385e-18
g3613	474.60425090005606	-0.20031494950119666	0.16213787072334496	-1.2354605904686702	0.21665913481770405	0.39722595140205574
g3614	192.61464915379136	0.28911682117221454	0.2735104289119974	1.0570595875349182	0.2904843933593948	0.4782207636831999
g3615	652.7587585416578	0.10686599914377086	0.1959558577147324	0.5453575126054343	0.585507655876157	0.7437050474200851
g3616	117.96304315317389	0.44267334753802245	0.24629294949640357	1.7973447816641073	0.07228090104911247	0.18453212532553367
g3617	2504.7449478132125	0.23350278961272028	0.10600889237947769	2.2026717228292085	0.027617894689356444	0.09342074592501844
g3618	320000.2565003591	-0.007652108512872141	0.14280506699305048	-0.0535842927285243	0.95726637111847	0.9785216764073176
g3619	881.3325075142922	0.6571331279321793	0.1381858324542846	4.755430540606077	1.9802393815889773e-06	4.9836024436655934e-05
g362	346.55961651502	-0.43499366467956785	0.16048769008039865	-2.710448785583813	0.006719222438548755	0.03350735099804696
g3620	378.47533333477753	0.430600495702233	0.16724744615452067	2.5746312162183886	0.010034701579734876	0.04520405544570305
g3621	15817.721644277872	0.2840073163125754	0.09027063909107491	3.1461759789474595	0.0016542044090698692	0.011694048022919018
g3622	1081.0426225684832	-0.3988320428261717	0.12309241091562693	-3.2401026176954892	0.0011948669000247576	0.00905747499516759
g3623	1731.3426537610303	-0.5202402451913156	0.12400116181029353	-4.195446539341455	2.7233451837319318e-05	0.0004609291039415813
g3624	922.841763995077	0.593077492214217	0.11242628253307545	5.275256629069235	1.3257043791566413e-07	5.106667378894206e-06
g3625	199.36180221525555	1.042320796086799	0.21338200802234336	4.884764211130945	1.035526992604199e-06	2.9172495500603365e-05
g3626	4007.0235480172164	0.5115433714600583	0.3204868898146337	1.5961444530724165	0.11045654585425967	0.24600204165181724
g3627	1789.6477868802995	0.6358723728768038	0.36923157212339147	1.722150598390067	0.08504224122839728	0.2059197183364783
g3628	849.7714468081764	0.2385150236478183	0.11256077958664625	2.118988732342742	0.03409141920445332	0.10943461521837695
g3629	425.3986734844829	-0.7127962976755341	0.18068618481962478	-3.9449407733474677	7.981970465570678e-05	0.0010609837502651165
g363	535.7811627922587	-0.54848137810336	0.14320289384381313	-3.8300998211779946	0.00012809128708032326	0.0015399509832108927
g3630	830.0218943791523	0.13148686883041097	0.11056071097493285	1.1892730036823176	0.23433225501494515	0.4192437263892976
g3631	251.10731486563586	0.5021785317189128	0.1751956205654137	2.866387470749657	0.0041518573514633976	0.023599076443345333
g3632	1017.1755325414966	-0.09284828343977962	0.14039714651419352	-0.6613260008841638	0.5084032704590783	0.6832404222082664
g3633	3473.548648524633	-0.2734905706908472	0.08833908026193328	-3.095918249091152	0.0019620444740177313	0.013339197649987717
g3634	244.23275530849313	0.24971627294403143	0.2322905187846196	1.0750170702213164	0.2823670858478414	0.47174161997854136
g3635	595.0070832357313	0.34683898814611563	0.13504240609275148	2.5683709153397003	0.010217775951533226	0.045864571007179465
g3636	1300.463743411751	0.06808240540979502	0.10891194951289149	0.6251141928346106	0.5318961135095983	0.702691716675472
g3637	371.73525282240547	0.24691565550411154	0.17601244139791294	1.4028306950524425	0.16066733142520462	0.3199028410675426
g3638	207.17311641641268	0.1012635394683155	0.24322200121837884	0.416342020709694	0.6771597481205294	0.8078580340045499
g3639	819.6169636826409	0.4873568694003006	0.16268398909891957	2.995727312193977	0.002737911518284782	0.017055471916708007
g364	862.0738583236608	0.2766475565542272	0.12610426440656008	2.193800168900836	0.02824977868548598	0.09462547873798542
g3640	2276.3215344781365	0.14207452417331115	0.10993633292964732	1.2923345757242088	0.19624130299187537	0.36842084687613
g3641	845.2046751195061	-0.21446378899174579	0.11908559932905181	-1.8009212717580516	0.07171528969240519	0.18341816977562983
g3642	1010.9489649703827	-0.5370844134007633	0.11879614049737276	-4.521059448161459	6.1530903918183e-06	0.000129820323611358
g3643	711.4720178196053	0.04486425800167357	0.16948354722327647	0.26471158255007315	0.7912316541227742	0.8816114209898088
g3644	202.59605261314366	0.5123695335632745	0.23362448654833842	2.193132839511932	0.028297809598560198	0.09470201998527233
g3645	320.3228742106947	0.4167581100195409	0.22427398802968398	1.858254332929508	0.06313290558293934	0.16771760631639407
g3646	249.65634707973297	0.24628396840872607	0.18795036129161363	1.3103670922271076	0.1900716805258399	0.3596594456065391
g3647	5051.380793272911	0.07356753752023655	0.09706456454853246	0.7579237372816178	0.44849663894838776	0.6336357829454206
g3648	3414.139215044219	0.04997295828265941	0.10384562893252763	0.4812235122108866	0.6303576518878227	0.7756193402465876
g3649	463.3176119263873	-0.24033812042888114	0.16460784138122772	-1.4600648329520582	0.14427225653526948	0.29663821809403174
g365	311.1809368523347	0.5065834559424442	0.21527534408676774	2.3531884623919743	0.018613197630208165	0.0709745667212483
g3650	1011.5277987155797	-0.11148386921948875	0.10727427594288093	-1.0392414047040435	0.2986924785212226	0.4864530093349442
g3651	1223.5203952247437	-0.650174663441012	0.11712623250166693	-5.551059310575527	2.8394372271840678e-08	1.3404161888074479e-06
g3652	193.70420390609107	-0.533072356346949	0.19134652433997837	-2.785900387716493	0.005337927234640296	0.027948232053768538
g3653	230.78066655754753	0.07234107482486996	0.18374077961513274	0.3937126803118887	0.693793178448703	0.8198827566788486
g3654	388.59393264305936	0.7582906612641387	0.22862280932697476	3.3167760622678584	0.0009106257376815126	0.007374637765040167
g3655	497.181687738336	-0.37177837910847356	0.16428208413922088	-2.263048834913793	0.023632679063404	0.0837684163984508
g3656	1005.045081039738	0.32308116124064773	0.2031097991169986	1.5906724473423426	0.11168331076460383	0.24800264596257618
g3657	941.8276614116882	0.5207053390630257	0.24206765818476644	2.1510735592178096	0.03147039410223926	0.10339489794251801
g3658	342.8300025446747	0.8352583987743026	0.2917004467240211	2.863411448815996	0.004191059423989509	0.023684504978383827
g3659	717.1537715565364	0.3516949144000162	0.15371879981783065	2.2879108789348046	0.022142711641328715	0.0798511938063042
g366	454.28709264140974	-0.06478721431516478	0.13733015991379366	-0.4717624617624686	0.6370963476502907	0.7803500040168226
g3660	879.7932665644033	-0.07957595576475399	0.1434924002925706	-0.554565646699786	0.5791917919769813	0.7404161919109735
g3661	602.715029943642	-0.11635480452132681	0.15180238008172636	-0.7664886707223199	0.4433855904003672	0.6297963407816549
g3662	1136.6261694983257	-0.02013251957180877	0.10192591420877192	-0.1975211086218163	0.8434197645240007	0.9146537233777945
g3663	1042.9198482605632	0.012480186430386078	0.15492982214676562	0.08055380337662524	0.9357968063153377	0.9668880039604837
g3664	955.1146488157805	0.2534997377021229	0.11486468354563698	2.2069423766914813	0.027318085348512752	0.09282247721929401
g3665	485.93352004965436	-0.12595191006621573	0.14854202841176606	-0.8479210322688648	0.39648195048783397	0.5856876253341291
g3666	86.68241487116309	-0.42870084704432476	0.29066019816148875	-1.4749210581840366	0.14023376811911334	0.29055020562549555
g3667	257.7278583459957	-0.00410783421538136	0.17907076277615352	-0.022939725903308606	0.9816983520359363	0.9914155374359709
g3668	1168.8814813315157	0.03154967068521107	0.12242126185373772	0.2577139804595782	0.7966276556401953	0.8852721224732815
g3669	497.7445478620289	-0.03771072782823777	0.13677484480645766	-0.2757139142186569	0.7827678077241124	0.8745038396444287
g367	993.1216466773677	0.6123735261141984	0.1199842412555474	5.103782961046859	3.329300890939699e-07	1.1322622399366993e-05
g3670	243.42370437238165	0.03787450938058151	0.20253252720589265	0.18700457602091067	0.8516570450938153	0.9201503563907135
g3671	1842.5796661976012	-0.03143129983925168	0.1008312809015276	-0.31172171530725334	0.7552520232729762	0.8578612982079323
g3672	894.3929670848242	-0.31829125666881275	0.11144467566968183	-2.8560472248330377	0.004289513271490045	0.024132507600409716
g3673	715.700845152322	-0.3930961598061255	0.12770821457763734	-3.0780804594770337	0.002083386560441881	0.013801089394813958
g3674	1561.2069888670787	0.48976111474200007	0.12483032781263957	3.9234144724597106	8.730276716496433e-05	0.0011475057612342274
g3675	1298.4590412924338	-0.09916568118791233	0.10074310280755237	-0.9843421378170835	0.32494731758039563	0.5125963830696805
g3676	1254.5021987248329	-0.4159941714424617	0.10375804401706192	-4.009271525724366	6.090635067876273e-05	0.0008643664429034937
g3677	387.74111313823647	-0.45617081805192294	0.14459029508996243	-3.154920029508887	0.0016054210363488691	0.011434838513616945
g3678	411.0060739059656	-0.26218312561364865	0.13972175293040606	-1.8764660485202995	0.06059131251718287	0.16326352944494313
g3679	236.45748064802788	-0.469675339212813	0.1974925690262783	-2.3781924632836096	0.017397742567720097	0.06770770947746739
g368	507.2942940053501	-0.0384811762749344	0.16154752669310324	-0.2382034381005304	0.8117233106431359	0.8954574803266622
g3680	50.987198982384434	0.6561276602678193	0.35907046005155163	1.8272950110505308	0.06765542494898043	0.17683214471029488
g3681	5902.077026144805	-0.3031243591803367	0.08106388497550394	-3.7393268194823803	0.00018451371232424145	0.0020668820890920223
g3682	1014.4164615897254	-0.31329075737451945	0.11311933635873596	-2.769559718605304	0.005613211307273225	0.029028579236033282
g3683	612.7497161056106	-0.539121057433347	0.14231721070150152	-3.78816486618831	0.00015176413267577448	0.001768239508799533
g3684	1462.329818483986	0.035788032172730896	0.16280463981227966	0.2198219425072648	0.8260098299328775	0.9040056911028133
g3685	723.5102652993386	0.22796160245549507	0.15293337499285686	1.490594204608004	0.1360680667925053	0.2845744887211676
g3686	2617.5221023545932	-0.6043279313424871	0.1378755949363285	-4.383139246808459	1.1698128832784478e-05	0.00022416465149117465
g3687	1481.0692808832982	0.4898298896201563	0.1719227041314152	2.8491285784205527	0.004383915949220012	0.02451745586415636
g3688	292.438049171002	0.814543565558052	0.22818240202624152	3.569703703374888	0.00035738522337955454	0.003486122011002115
g3689	295.81355648629386	-0.27982907054761635	0.17722924418852112	-1.5789102516848652	0.1143566442246558	0.25186483777600677
g369	558.5312077431598	-0.3267328125916985	0.18011789736258696	-1.8139941525853363	0.06967862601386854	0.18005082488990634
g3690	602.8529065191328	-0.13710892372433964	0.1721469140618985	-0.7964646039198803	0.42576204107335436	0.612519704669174
g3691	1465.078995734562	0.18693384498421733	0.10912384657238873	1.7130430318932381	0.08670462325369788	0.2079478734324711
g3692	600.1440190401719	-0.16437131703021413	0.12585481225084166	-1.3060391898452406	0.19153923069612133	0.361530297938929
g3693	568.9228938222383	-0.2368616507900547	0.14647903164390663	-1.6170345211311197	0.10587082946532236	0.24018171949013936
g3694	1212.8953181604513	0.10229049437125169	0.11247107248956081	0.909482697257519	0.3630953870889575	0.5538121560649756
g3695	4575.276457927501	-0.0897495392972189	0.11072858260169871	-0.8105363329724592	0.41763199187550626	0.6046886354023439
g3696	734.4491489343818	-0.12778268673483875	0.12541350219644096	-1.0188909845981882	0.30825472420909483	0.49601943047286146
g3697	357.45108757728417	0.18349166530059757	0.17160769273023402	1.0692508149331341	0.28495666696550614	0.4732562330817359
g3698	1725.6602654933329	0.25902578351654015	0.09448569801132373	2.741428480376966	0.006117267657458527	0.031038555654443467
g3699	522.4356604827007	0.10903763098754891	0.14663818712534704	0.7435827810278574	0.45712892354371204	0.6413124232738618
g37	159.43202720985383	-0.3259765028110669	0.22558134866385438	-1.4450507754380633	0.14844362401476538	0.30306905389710076
g370	5120.1759863867965	-0.15636588277890037	0.09571131656678733	-1.633724081830891	0.1023167994276656	0.23432407772951583
g3700	6417.926407918999	0.28349379968056043	0.1491595939806864	1.900607209464971	0.05735348049792055	0.157690742082775
g3701	1582.3435342228997	-0.2172968081516981	0.09702307021151038	-2.239640609990911	0.02511426405567846	0.08770244848305844
g3702	1180.6796781674732	-0.007338485618249232	0.1094420993648283	-0.06705358962263859	0.9465390408093965	0.971238075307277
g3703	18595.33061880135	0.04098240589441653	0.3804042542142822	0.10773382642385249	0.9142068360588964	0.9562568041347559
g3704	960.3175202289276	0.08363118606305746	0.13852404578990124	0.6037304612796286	0.5460228585854883	0.7157070455417424
g3705	2155.514042790537	-0.6371052539614446	0.1016178657388367	-6.269618529470387	3.619336955671659e-10	3.105226592650116e-08
g3706	11061.7410430112	0.3880390056548393	0.10455589016906755	3.7113069864105954	0.0002061918597147544	0.0022561573055744867
g3707	11061.7410430112	0.3880390056548393	0.10455589016906755	3.7113069864105954	0.0002061918597147544	0.0022561573055744867
g3708	1303.6366054263822	1.266106798618252	0.19773109545796613	6.403174956805933	1.5217863639773734e-10	1.4730111600037396e-08
g3709	797.2153744405168	-0.10332334800692904	0.12893755416188468	-0.8013440977576145	0.4229324684032497	0.6096105644224008
g371	1188.0615956051245	-0.15307678005385136	0.11410901887357693	-1.3414958919544073	0.17975950260864992	0.34498836926672777
g3710	623.24059620762	-0.1734892670059095	0.14603602268583815	-1.1879895372056968	0.2348375318202388	0.41974984972604235
g3711	406.6414830117987	0.4721143548803587	0.1495908661970125	3.156037309514472	0.0015992840196742714	0.011434838513616945
g3712	222.9465590780018	0.3381930578303432	0.18610348391015472	1.817231202364878	0.06918171916346659	0.17936881170472965
g3713	4319.056237452517	0.04137994150184082	0.09227150157742015	0.44845852505305883	0.6538223122842041	0.7926073310445955
g3714	8232.716890593458	-0.8295351916525046	0.1004697505448312	-8.25656664970371	1.4992252660347244e-16	7.074469224101356e-14
g3715	1654.826646833514	-0.009135948652767121	0.12177630469927693	-0.07502238366756228	0.9401969024859055	0.9678874575632105
g3716	1062.6381906055349	-0.3012864856603505	0.10693291327730416	-2.8175280783666508	0.004839488299344746	0.026061438416585474
g3717	1715.845763799688	-0.31604013408014775	0.12565002019701368	-2.515241410901572	0.011895090211622198	0.05109250337416442
g3718	316.67002385608674	-0.40940581297129014	0.17258589941104555	-2.372185760067303	0.01768319782346879	0.06853600799137032
g3719	724.0422438307029	-0.1893716650662981	0.13357363207131467	-1.4177323932106074	0.15626890891207387	0.31342112185451865
g372	895.5250238535754	-0.2745470899062566	0.13835824607947486	-1.984320397850035	0.04722013366110629	0.1382901509469948
g3720	305.3831294796273	0.2076769093142023	0.23411536982344588	0.8870708038981734	0.3750407817135276	0.5647420728283937
g3721	4739.908755290058	-0.47927269765662756	0.1378093615570823	-3.477794920761657	0.0005055565575473036	0.0045011226526912055
g3722	842.2309359206547	-0.276296950512562	0.12243614170808394	-2.25666169039627	0.02402922238869578	0.08477599487600614
g3723	4438.862386716627	-0.4484771917703968	0.09639283036820759	-4.652599058013697	3.277771903951849e-06	7.551578309698759e-05
g3724	998.0755762774616	-0.2826813639121372	0.13663937464234038	-2.0688133610979134	0.03856360413998334	0.11910342673441092
g3725	1586.5516999465442	0.1467345342644354	0.1351236514817678	1.0859278346562018	0.27751092108811404	0.4672630361764632
g3726	1994.1740273376397	-0.19130086034016336	0.12311534042688133	-1.5538344748660926	0.1202239048451289	0.26068078161422265
g3727	567.5575799871175	-0.22735727095839348	0.16115684156562488	-1.4107826186566894	0.15830872109064886	0.31686925881081623
g3728	333.7879417136589	0.34280347047093745	0.24878600187272526	1.3779049781358275	0.16823262777168602	0.33008220885556894
g3729	256.68905929532366	0.39554273930199757	0.2344209158580813	1.687318462408276	0.09154213281317519	0.2159822196060852
g373	643.595623589894	0.35030067386699304	0.14683455427908565	2.3856828223224844	0.017047446705863296	0.06668819825350668
g3730	32.64268534905579	0.06744796920898877	0.5076907993120601	0.132852455274713	0.8943100686867099	0.9461940889272226
g3731	1138.0260448949289	0.7778002828264547	0.23107946301614438	3.365942921427482	0.0007628249124952003	0.006315052729538117
g3732	659.5058523402242	0.21921288647838186	0.14532341680298755	1.5084484751384903	0.13143978437388398	0.2782866999503152
g3733	460.378492907814	0.5284888759068265	0.18250398789437675	2.89576618025841	0.0037823410491187384	0.021856975731386605
g3734	1527.0039028861268	1.2387956536530835	0.5875263595443587	2.108493744202048	0.0349883033120844	0.1113666484006059
g3735	76.1234044645598	0.12324377410244756	0.30620943812479506	0.4024819576339113	0.6873293640168163	0.8154205999885235
g3736	198.68763156076955	0.6636273295414463	0.24923119691773093	2.6626976788965306	0.007751702365934758	0.03737251140664587
g3737	16.282802742608663	1.2581650529875628	0.6753688167253431	1.8629303305533418	0.062472068861323934	0.16643052925299778
g3738	260.9004363070061	1.393611816059535	0.7686078450037868	1.813163663522936	0.06980658237080413	0.18024613437057838
g3739	797.8026972253041	0.04227426358261359	0.1351901256762364	0.31270230256206144	0.7545068460496667	0.8578612982079323
g374	936.9178961018497	-0.11944302446160358	0.13557913196289156	-0.8809838411880047	0.37832656602847115	0.5674146947784976
g3740	179.94164408889014	1.2176832137241365	0.3796104970362456	3.2077174451998114	0.0013379287570688726	0.00994347085756179
g3741	469.2952327821701	0.2599559407310495	0.1478147782265186	1.758660019316068	0.07863527199808049	0.19488673872861145
g3742	371.41930440290815	0.44295533861806313	0.2428634972092224	1.823886025311022	0.0681693048054357	0.17759774026260855
g3743	846.2306610255737	1.1467419215310235	0.4933336851038453	2.324475210505112	0.02010003868067974	0.07460928812150051
g3744	606.9941217934655	1.1112424770439828	0.262155969838698	4.238860086717535	2.2465761168585307e-05	0.00038902866243765836
g3745	276.29534968243917	-0.44584856155941516	0.17168569309423193	-2.5968882643861617	0.009407252011006654	0.04321331217106414
g3746	1052.6496276579876	-0.19636795741264454	0.11157812814516833	-1.759914426572569	0.07842231687521724	0.19458579339428372
g3747	199.20738400075186	0.08052143474101651	0.24708871937587376	0.32588065915921693	0.7445146493718604	0.8514723554914313
g3748	843.414886767013	0.04344006091894876	0.11328404489769868	0.3834614217578245	0.7013776691539424	0.8256004680561685
g3749	1177.7987635123868	-0.19543739058527762	0.1206849611181016	-1.6194013634724853	0.10536093367551662	0.23945666744435598
g375	1372.9070393539696	-0.16060941783710259	0.10231745037059124	-1.5697167712387212	0.11648101769938336	0.25490773438560704
g3750	6470.616342746774	-0.5242446481735855	0.10308673169587011	-5.08547161743598	3.6671367143738183e-07	1.203777486674884e-05
g3751	1853.942740824278	0.14955300886394046	0.12427203053052063	1.2034325682576736	0.2288089711129212	0.4121643698732576
g3752	530.7444703451047	0.3504526944261071	0.189309610391834	1.8512144930240906	0.06413870155880032	0.1699112971119096
g3753	441.4314458876377	0.11331741559913391	0.1509865486866946	0.7505133178073617	0.45294560585809107	0.6382492206473661
g3754	1640.5974852957236	-0.21524563554516973	0.10467246706386797	-2.0563730041237434	0.039746576353138205	0.12168963968620984
g3755	344.07603210090474	0.2490146621558683	0.22274981182434822	1.1179118856101729	0.2636046282642919	0.4539723867234041
g3756	310.957492676595	-0.0894521321245916	0.2082533940782626	-0.42953505041543316	0.6675338919653471	0.8020179637712238
g3757	400.4817274189818	-0.2888997942040176	0.17000967041847492	-1.6993138889858288	0.08926005701680219	0.21215816709620544
g3758	977.731374862853	-0.03584857441891801	0.12693846049977905	-0.2824090845105248	0.7776298499547973	0.8726375397084899
g3759	97.94637377700478	0.3374641646758848	0.3329059894082373	1.0136920794839106	0.3107297046511015	0.4989385942398588
g376	2133.284578772375	0.504187777630532	0.12356855413946156	4.080227215910426	4.499170027052659e-05	0.0006821030864306741
g3760	470.4207441923973	0.10435417965887515	0.14070874845389933	0.7416324912666316	0.4583100321362916	0.6419741637530616
g3761	6388.534242175701	-0.03936007964008144	0.12428883170063347	-0.31668235272245165	0.7514846406052285	0.8560004136681396
g3762	509.07210446556314	0.051944629460982564	0.13319735986306544	0.3899824254353437	0.6965495425787503	0.8224818652595504
g3763	181.75981612962013	-0.37531038166737835	0.2109469848562944	-1.7791692160144166	0.07521202367299018	0.18903155084256854
g3764	83.34814435497132	-0.14548001892780268	0.3030567119599458	-0.48004222703713084	0.631197367166187	0.7757040514502413
g3765	3062.5259937468186	0.3428945711607569	0.14800394669705216	2.3167934289118954	0.02051498716748074	0.07569747224862282
g3766	1072.1848196684398	0.020548622941075005	0.12599956625572953	0.1630848704619299	0.8704516119373632	0.931921393948822
g3767	1990.21353855722	-0.024347594559257543	0.11046885769807954	-0.2204023384201321	0.8255578243931141	0.9040056911028133
g3768	2108.1887949795714	-0.0040249257584924715	0.11455415468560025	-0.03513557207540038	0.9719716364998247	0.9849250362746262
g3769	1035.6303597820877	-0.3984278662894297	0.10761681431298559	-3.7022826668207123	0.00021366837134371915	0.002315719500316663
g377	29.335623674294453	1.1817668028123671	0.582213882078787	2.0297812181888966	0.04237878291473278	0.12777947723891073
g3770	833.2680350605416	-0.40755824954161857	0.1193282820214404	-3.415437167430184	0.0006367971906221181	0.005451041711107701
g3771	1313.9742402947534	-0.4583970343068305	0.11028792065917106	-4.156366640762414	3.233487716354101e-05	0.0005216417149246467
g3772	1547.3161111149366	0.8176436017627697	0.10659598443914758	7.67049158619608	1.7133840735320135e-14	4.6200177697023935e-12
g3773	2382.6645226248456	-0.3029671754876221	0.1317796888028794	-2.299043033413221	0.021502495801502798	0.07850282558092173
g3774	13673.80763466313	-0.07115609367784775	0.093154766841858	-0.7638481216816765	0.4449577560367819	0.6308398548445628
g3775	14410.58249722139	-0.07573889451181795	0.10637070390755844	-0.7120277645021407	0.47644758331785075	0.6586261553636871
g3776	823.7598162623108	0.5073328616563803	0.15023946601339638	3.3768281738377786	0.0007332684111368493	0.006124089053189394
g3777	867.870855218758	0.25688478010115373	0.16289090377220414	1.5770357592244435	0.11478729723115387	0.25251867543566775
g3778	1123.3321650313958	0.17968318687079143	0.1103669303768773	1.6280527713982378	0.10351369663735303	0.23668334633919302
g3779	1061.0047590450733	-0.02678387524431854	0.1127226779221603	-0.23760857830945004	0.8121846965179924	0.8955161807324051
g378	1132.8372554237449	-0.4915344571167771	0.1044950370472826	-4.703902414947845	2.5523527794250685e-06	6.297471727012833e-05
g3780	18366.021914182955	0.16714680330805035	0.08539378845961744	1.9573648894508733	0.050304583380770165	0.14408179230835158
g3781	384.26290130624506	-0.11581680983033565	0.18728529836688673	-0.6183977644815116	0.5363131710697817	0.7061674994030087
g3782	529.8788677730715	-0.165519221757514	0.16369779139333637	-1.0111267864317184	0.3119557513738487	0.49984421113594174
g3783	1520.1079199501119	-0.4621220038015335	0.1086439151026415	-4.253547042785996	2.1041070970912463e-05	0.0003729109996018523
g3784	1079.4939948205	0.3025139265013237	0.11520676489854086	2.625834748226275	0.008643677009414737	0.040767349726735146
g3785	995.9528577060632	-0.06202931741069965	0.12285138450010771	-0.5049134583472705	0.6136196210252751	0.7637369170360745
g3786	242.59602545574202	-0.24670395811739418	0.17146851702504934	-1.4387711656790845	0.15021536848059344	0.3050365874202476
g3787	525.7160870015599	-0.27735928037067303	0.14050115054708562	-1.9740712392082702	0.048373643109898126	0.13982427468596126
g3788	524.8244420225286	-0.13042446489852938	0.16926535721356126	-0.7705325356917155	0.44098406287203384	0.6278125843341139
g3789	214.77423893663226	-0.48326132591835885	0.1904799265079036	-2.5370721985148754	0.011178389788885808	0.0492196353458417
g379	123.33054561500553	-0.21683294772049044	0.27104812346783497	-0.7999795200435018	0.4237226630047939	0.6102834997493692
g3790	149.23375996537013	-0.8347180137797727	0.2263994481287893	-3.686926009223027	0.00022697931749493863	0.002406873380739869
g3791	591.2881033804101	-0.18597958286723157	0.13752961905983807	-1.3522874864236574	0.1762833659283113	0.3403937117030052
g3792	601.0015083451424	0.015595495720723548	0.1809375494837009	0.08619269889099726	0.9313132345504292	0.9648330645925368
g3793	358.9229881936087	0.453122057009325	0.1647656888444897	2.7500996122863532	0.005957715057123285	0.030474761979187536
g3794	984.6122582205111	-0.3165970078262183	0.12232673346801076	-2.5881260690167167	0.009649965577601486	0.04399591794135942
g3795	1586.571155960454	-0.2687735366500262	0.09933238723358748	-2.7057996302654566	0.006814014609323938	0.033890520619496524
g3796	408.83921900880154	-0.22583049242946962	0.15416189454553494	-1.4648917820789096	0.14295044526521639	0.29424096558134777
g3797	538.8636080092674	0.09982653912594872	0.16407168340430162	0.6084324671671618	0.5429006835173563	0.7135968246093385
g3798	348.12707046446775	-0.23212223240868932	0.1719310659095231	-1.3500889509452656	0.1769874520907745	0.3413075670595003
g3799	248.04079360611436	-0.13420792697054287	0.18280194572165437	-0.7341712170552945	0.4628443933787135	0.6445564796021488
g38	220.47778631713481	0.1357578668207297	0.21075170505898574	0.6441602300808595	0.519471537012753	0.6929346474286722
g380	2590.251439715901	-0.03023885321452771	0.15933723420386234	-0.18977895132683759	0.849482350546662	0.9185894796086076
g3800	613.9806604341212	-0.012510297618011534	0.17658253386651285	-0.07084674426219675	0.9435197287228064	0.9700860421015577
g3801	3539.29871852251	0.08937193992130905	0.154703938792602	0.5776966030653051	0.563468972976126	0.7289566048611636
g3802	1305.2039972214018	0.41354020222989746	0.15109391668632505	2.7369745341132288	0.006200709288425078	0.03141970142792573
g3803	687.4917911867947	0.07922880856112692	0.13327433111656017	0.5944791311076575	0.5521916961956581	0.7210389668414422
g3804	706.28319932593	0.154344762441357	0.1150098611750381	1.3420132922902457	0.17959168581298468	0.34484161441709926
g3805	1586.6013481474765	-0.14932741762730392	0.10527073644943356	-1.4185083401504732	0.15604240547332845	0.3131632539403588
g3806	4680.271792425331	0.32339127946345636	0.09843340588753868	3.285381385999532	0.0010184441329090202	0.008009638753607398
g3807	4738.456636553426	0.3211443391554773	0.09811848575144716	3.2730258390758	0.0010640275004389446	0.008281863534344363
g3808	1895.683351422095	-0.1080015561964099	0.124247513499359	-0.8692452118727276	0.38471302293420107	0.5749373165386418
g3809	386.53578793169	-0.02052036315043732	0.17006698963421232	-0.12066047146817518	0.9039599693718188	0.9514016751515393
g381	1179.5383504793197	0.07479644262703986	0.107351357285698	0.6967442659153475	0.4859628510383982	0.6670272988126188
g3810	716.816238217415	-0.034951751181462355	0.1332973121905493	-0.2622089718620779	0.7931603367781263	0.8832390180936361
g3811	505.96552677362956	0.008375542517885552	0.14362719451922587	0.058314461588709836	0.9534981484359719	0.9759911904408335
g3812	730.9561607623828	-0.16650915637860414	0.14553175049212505	-1.1441431564970712	0.2525642724534911	0.4399769859307471
g3813	1045.1833755495616	-0.14626498561725057	0.11806501192627289	-1.238851233154387	0.2154005964617225	0.39549477219990387
g3814	463.92495388517796	0.07205361781997556	0.15048868026162984	0.47879759258110194	0.6320826295047666	0.7759713581725183
g3815	2250.6494267861217	-0.18542305719663343	0.09766857219505944	-1.898492555274736	0.057631227554256224	0.15812190302147663
g3816	333.69578791439807	-0.0035787125590853344	0.16993028082074713	-0.021059887277302743	0.9831978831076376	0.9921336564371376
g3817	39.36548717903138	0.23132992627021884	0.4253127720828966	0.5439054302021548	0.5865065520179571	0.744640120835697
g3818	1383.1854221093752	-0.2501080265645471	0.18283009340804798	-1.3679806311007312	0.17131813894882264	0.334188566589505
g3819	287.5986853607303	0.22468465077197255	0.194326449541547	1.156222692804023	0.24759007999707627	0.4347221172041688
g382	239.2587676864231	0.1586933745927902	0.17174909314059256	0.9239837701086722	0.3554947659367421	0.5455255046386999
g3820	499.8148268079269	-0.11470652792890658	0.1799332746075514	-0.6374948056666591	0.5238025923198888	0.6965261356863208
g3821	4509.530509327236	-0.3247759837834591	0.09319568060418638	-3.484882364482352	0.0004923534455952936	0.0044043465808583735
g3822	5378.030185821713	-0.2756801954015272	0.0885249410193433	-3.1141528277470325	0.001844739107051165	0.012801268619702478
g3823	3193.4311532329534	0.0739421481037455	0.0897028265659174	0.8243012058199717	0.4097684336332458	0.5973865962635782
g3824	181.8558420030604	-0.031531595308256534	0.21447745175006291	-0.14701589864561268	0.8831194713716217	0.9398705451295354
g3825	626.8783884975015	-0.261432496036934	0.15930079789058113	-1.6411248374066778	0.10077150392901967	0.23181744505304647
g3826	419.7688642337609	-0.24803734551075546	0.16691342886218277	-1.4860239059348255	0.13727279783501867	0.28616445054189327
g3827	347.7438637578878	-0.08469377123570776	0.20778145157975741	-0.4076098737003858	0.6835601142291041	0.812436982090688
g3828	157.2122471006063	0.19524825291469683	0.20472172224803997	0.9537251385475102	0.34022279188238347	0.5296201792013508
g3829	151.08028076932854	0.0441579273217926	0.2109188173162269	0.2093598280308361	0.8341673504100049	0.9095681266329136
g383	374.7590841817298	0.08908148349895822	0.16540306111612205	0.5385721576000224	0.5901821033354249	0.7471285848729808
g3830	1378.361021479777	0.7241265265271971	0.1343443063164679	5.39007976133659	7.042641891111133e-08	2.9425265907789322e-06
g3831	1807.1107119442959	-0.2618371271302265	0.09542157998958016	-2.744003265915515	0.0060694934074169374	0.030837601094211225
g3832	159.074955360202	0.2477684758540049	0.26614012497830375	0.9309700139135482	0.35186907557312186	0.5412818909081235
g3833	354.07670636224833	0.33098852715232197	0.19984329971601264	1.6562403023902892	0.09767316454196834	0.22620625530425184
g3834	2101.391626717738	-0.15726526396281873	0.09915238572918852	-1.5860966209361005	0.11271739328466575	0.24927250125929304
g3835	2128.3325327394427	-0.11055378874303518	0.11323931532205163	-0.9762845035632824	0.3289234970860013	0.5171059705969955
g3836	212.43708751708618	0.08700398579560015	0.20328213745452398	0.4279962169084518	0.668653874676737	0.8025972581572915
g3837	461.3614243490492	0.030298330825055734	0.13815968476095977	0.21929936274447284	0.8264168582770355	0.9040056911028133
g3838	3714.58760204244	0.040921037038311674	0.11636725435631032	0.3516542283709268	0.7250975910818798	0.8417465345639633
g3839	3271.4282788142186	-0.4522751279150425	0.11314700284344445	-3.9972347172185527	6.408674817357531e-05	0.0009027144565494284
g384	24.85712876420445	0.40708130498109724	0.5678021041859228	0.7169422268428249	0.4734097452324123	0.6556925952389486
g3840	450.50216593785717	0.15456949801517547	0.1629557245778165	0.9485367784140879	0.34285625872956715	0.5313146045583399
g3841	395.5804630316407	1.090651318677498	0.20362090874214908	5.356283524196528	8.495117016322376e-08	3.4857681235453226e-06
g3842	2125.7391543552053	-0.006437331719354038	0.10487933389742143	-0.06137845731982005	0.9510578085750496	0.9742858147546303
g3843	365.67327634936606	-0.24736619300656432	0.16080499323354688	-1.5382992034787086	0.12397547441629322	0.26697513743383167
g3844	1044.1321777417243	-0.15004376723882598	0.1281836803604775	-1.1705372073642575	0.2417848499845321	0.4285154031416003
g3845	238.95446328039156	-0.6308221464113702	0.19290153104405702	-3.270176980955615	0.001074802165698315	0.008348514764426213
g3846	1026.5182875774406	0.18132568302909757	0.16676937559911367	1.0872840554669634	0.27691129293617744	0.4668069143298587
g3847	1965.7217225355396	0.10836866234161013	0.09466370070763505	1.1447752573745482	0.25230226728987815	0.43979096734084844
g3848	869.7710217669384	-0.012009353698161423	0.12141370847042277	-0.09891266685991217	0.921207611528793	0.9595912620091595
g3849	549.6834508884352	0.1973279769975629	0.18691964900839533	1.0556834342691286	0.2911128679944396	0.4786372285187323
g385	471.9095297195923	0.10562120138407245	0.13582405951223836	0.7776324884072214	0.436785702497581	0.6233898022413491
g3850	464.47079546064447	1.7455371607276444	0.6591841647085674	2.6480265367105194	0.00809631696161046	0.038639186510846385
g3851	495.71252267277265	0.9892673422440014	0.5008061614261197	1.9753497828918802	0.04822846737032143	0.1396184542354014
g3852	72.64258440680926	0.25633615612356886	0.3060679594902024	0.8375138532975861	0.40230379331686517	0.5911626390701308
g3853	1397.8935995680324	1.1315650698899302	0.506678568385499	2.2332996508922704	0.025529190533573734	0.08874097077738567
g3854	87.2839834709636	0.4568654441220653	0.2748707797244195	1.6621098997140054	0.09649074099202942	0.22429344042174326
g3855	1582.2759599153815	-0.040050830131682744	0.11861911785710684	-0.33764228612734687	0.7356327719063298	0.8471670878420974
g3856	276.8801074203811	-0.24340607099015235	0.18092397313591324	-1.3453500206260753	0.1785122272219687	0.3434677154755004
g3857	758.717598366559	0.03628455993475828	0.1252426405707289	0.2897141083053668	0.7720349621438698	0.8690451826068838
g3858	1245.170308652799	-0.20124475376239542	0.1044389657129545	-1.9269125502018758	0.053990529177978766	0.15153475661477311
g3859	12959.115119287104	0.10621800423580902	0.08303064755329138	1.2792626261000233	0.20080458891795772	0.3753703947660483
g386	574.8605487150493	-0.16994513534225275	0.1454583154135624	-1.1683425238293885	0.24266862901084973	0.4292755738125388
g3860	1743.9350467797713	-0.07739379107937001	0.11195511843944592	-0.6912930123979156	0.489381422133236	0.6703246983138482
g3861	3283.4786989327963	0.24680465261201362	0.1023766062331874	2.4107524335184203	0.01591965038127362	0.06325966335716623
g3862	173.03076191619326	0.03889271020315525	0.21174218368461828	0.18367955561034743	0.8542648482764796	0.9221760944362913
g3863	1240.1778350496375	0.4360486547829563	0.1093846149060374	3.986380124458334	6.708899900958272e-05	0.0009380035972636102
g3864	26.517150470836658	1.0838786459905876	0.5643903428001459	1.9204415167932731	0.05480215367603504	0.1529559751553544
g3865	491.2086337846486	-0.11738883976602198	0.1304308190563014	-0.9000084536412382	0.36811575193215007	0.55725033066395
g3866	999.6973296593181	-0.17255002707407113	0.1310428258558859	-1.31674531548818	0.18792400845130108	0.35648901100686514
g3867	377.83944192050143	0.4294451656499543	0.20560558604165927	2.088684329631692	0.03673614837943639	0.11508627396877374
g3868	342.36459995054867	0.03602277258104475	0.18913183144936352	0.19046382782312965	0.8489456855369817	0.9182753643080545
g3869	699.2093022732837	0.09604591466560893	0.1353741250773232	0.7094850261137369	0.4780235404541373	0.6593127019416765
g387	623.3451727200646	-0.14133404940055322	0.1443056570775867	-0.979407545502975	0.3273786503379843	0.51558381519645
g3870	1521.8956301060016	0.31641622823403703	0.20194128203968315	1.5668724345914502	0.11714451203297854	0.2560628447738819
g3871	3006.752706948709	-0.4133482911910141	0.12085332237370315	-3.420247644602246	0.000625641528834332	0.005367719934885462
g3872	544.5443757300826	-0.0211773035684563	0.13885840346666506	-0.15251006089480362	0.8787846558139599	0.9371220552818358
g3873	5882.256543130746	-0.11853973338356233	0.14446953958127537	-0.8205171396484896	0.41192136247861877	0.5996926893007273
g3874	1275.4625280360924	-0.0582447299714414	0.12743422935918847	-0.4570571836493925	0.6476299442303073	0.7882727746740679
g3875	1503.1561191421545	0.32570815636811334	0.2033182150117697	1.6019625017328563	0.1091639018256438	0.24442095456216212
g3876	808.8194688968825	-0.15880222609564734	0.14350885094331647	-1.106567469893348	0.26848097823778516	0.458396966462071
g3877	510.4370600365655	-0.16584427712856983	0.1908725236949984	-0.8688745447384452	0.3849157540518807	0.5750126519769885
g3878	909.4261313163064	-0.12778197403956118	0.13704231126180783	-0.9324271669312731	0.3511158103956473	0.5403433282688824
g3879	607.4193944860841	0.006874922561070835	0.1537994359453804	0.044700570706334465	0.9643459787966094	0.9812415282903505
g388	2352.260969445593	0.259206008170233	0.09568524695410947	2.7089443401295483	0.006749766221304785	0.03361526053486222
g3880	302.9401579226748	0.4938957169461605	0.22821045061209266	2.1642116547312464	0.03044810923119754	0.1008548247384062
g3881	716.5698941808292	0.24372313802353726	0.16131784336987462	1.5108256652348198	0.1308328738676241	0.2777986096101768
g3882	1396.4603913942985	0.022527027063716492	0.10449508513957267	0.2155797761552847	0.8293153214180047	0.9054970243136188
g3883	4759.512198637056	-0.4275959279744543	0.10448474484586409	-4.0924244836434625	4.268862862663589e-05	0.0006550795653071158
g3884	350.6210688014127	0.012452143579826266	0.16564070195913547	0.07517562671823427	0.9400749765297739	0.9678874575632105
g3885	1378.3757173813162	-0.16917887833583445	0.11725671487175258	-1.4428075911974063	0.1490746801387134	0.3040285886135295
g3886	1081.3388120270247	-0.15117919592800527	0.11415098819625177	-1.3243792131531398	0.18537713462724426	0.3527211104928665
g3887	420.9557014204359	0.9507820930179759	0.6702038815704154	1.4186460555706006	0.15600223157867424	0.3131632539403588
g3888	20.375005152172168	-0.07248536175676423	0.5847997501487797	-0.12394902996850311	0.901355631933838	0.9496560174575045
g3889	42.89852390995194	1.2289943402415817	0.4105289342009636	2.993685067859212	0.0027563028986419356	0.01711355829337715
g389	1049.7042369954715	0.19101451711549272	0.10715205855505754	1.782649066115183	0.07464344735080053	0.18827060727506506
g3890	766.1262116818162	0.5983424892296638	0.19074946790733624	3.1367976843863667	0.0017080394514794916	0.01202956889801321
g3891	885.5141647183042	-0.33280409925967647	0.15710460504982787	-2.118359924294537	0.03414459717857965	0.10951219570869854
g3892	1373.894676307633	-0.273924086626488	0.11121957545187942	-2.4629125359771287	0.013781352991995042	0.05698204550359396
g3893	246.26710553338322	-0.10134360417347528	0.20743661681065845	-0.4885521453812492	0.6251587997407094	0.7715444811283674
g3894	87.86956377301392	0.01402121622869384	0.2801133275751384	0.050055512710057495	0.9600781509817166	0.9798040064763395
g3895	625.9793643120665	-0.6766022316077474	0.1748009565206768	-3.8707009679761892	0.00010852284841990371	0.0013747441368628741
g3896	592.8898065835493	-0.3689953157549466	0.12554899959497662	-2.9390542094746457	0.003292154872221159	0.019789625227125598
g3897	1451.3057246045712	-0.16734630814966978	0.12560537096096056	-1.3323180917293953	0.18275568459573066	0.3487880229266346
g3898	1757.2480344174671	-0.7936256274766458	0.10088375093065932	-7.866733940356068	3.640196772355164e-15	1.0570571396646726e-12
g3899	654.6085109552886	-0.3186429562378401	0.16871369906686406	-1.888660837858558	0.05893728934005448	0.1600635016249681
g39	492.71127478280755	0.344474083066171	0.1505668492570261	2.287848120392918	0.022146367412420546	0.0798511938063042
g390	1456.0148108753535	-0.39593184584813507	0.10327803041845192	-3.8336502375571726	0.00012625562930246724	0.0015257074719237345
g3900	1149.046284478879	0.06812263801045652	0.13624041268304604	0.5000178483673502	0.6170625099254853	0.7662536101870746
g3901	3580.3259390158787	0.3903548127163144	0.09512629390949777	4.103542739588848	4.06871246872191e-05	0.000633070426525511
g3902	682.0686752387077	-0.0029761810395677185	0.15905595608566891	-0.018711534687608437	0.9850712265164161	0.9926972450879527
g3903	360.872754125326	0.6013474567963728	0.16757948139154524	3.58843130318168	0.0003326736235313343	0.003278963260654796
g3904	2103.006846905186	0.07596362232542393	0.10420712946625262	0.7289676120483165	0.46602147445508835	0.6477286693917372
g3905	237.06720026196442	-0.043001160774382506	0.18396137262836415	-0.23375103240424702	0.8151782668974683	0.8979568011490934
g3906	610.9196539250862	0.03623331599457399	0.1294185902470945	0.2799699480993801	0.7795005611817438	0.8737328578926102
g3907	1100.0245719945099	0.11487006044042601	0.14514019476915524	0.7914420992966578	0.4286860512866053	0.6154996014022656
g3908	1671.9290013931134	-0.14233399395981053	0.09530434555222583	-1.4934680379481007	0.1353147146946116	0.2839427726359971
g3909	38.77346534462695	0.7325993428454527	0.4267046492849277	1.7168768703906645	0.08600167181086643	0.2071707050760785
g391	289.9281449670244	0.4520545389124897	0.18370797838244665	2.460723496566895	0.013865718090078378	0.05714310675769201
g3910	73.76154369832722	1.0133396326647315	0.42013639588857576	2.41193013169342	0.015868322061193086	0.06318872972679736
g3911	57.034878473815304	0.3905262733374541	0.3185812740912312	1.2258293411985672	0.22026290317602837	0.40188132406452737
g3912	315.4900299102116	1.195195605157877	0.5561689590150718	2.1489793448279952	0.031636037323566284	0.10375850642611878
g3913	400.55800965565487	0.3576791747538053	0.1670999217605907	2.1405107254703775	0.032313514959385205	0.10506763046656256
g3914	463.7368841836655	0.3086238189679604	0.1387738223524696	2.2239339793069277	0.02615288649932208	0.08983569581263061
g3915	110.37455553256804	0.4102096054838841	0.3176123796335454	1.2915416142065226	0.19651593480445018	0.3686906301468391
g3916	608.7537836256224	-0.12215703929855672	0.12575917924931895	-0.9713568427190437	0.3313706117564943	0.5197654837677776
g3917	661.8922868693854	-0.2511758948308977	0.12406223464017938	-2.0245959260639554	0.042908872932469394	0.12876072759942128
g3918	627.8532881448308	-0.15247741295860254	0.19445972097832206	-0.7841079488929246	0.4329767716249696	0.6202098200640801
g3919	94.25401103938333	0.6726003906188178	0.28823827084107323	2.3334874604131643	0.01962257570420633	0.07334180523106822
g392	1713.0607165010315	-0.16141795955489072	0.1389590657227387	-1.161622372137732	0.24538889045496304	0.4320629950874466
g3920	477.0268152074557	-0.03798379617734725	0.15194499642635614	-0.24998385646582988	0.802599833039257	0.8896777478509389
g3921	1346.7259677152495	-0.0714087853047823	0.10300216478917835	-0.693274606906948	0.48813723556963384	0.6691060509351372
g3922	350.0530616858404	0.5572934096365284	0.23152315607354776	2.40707417386576	0.01608090340404356	0.06376618734271475
g3923	1927.9682993051895	-0.08249897991505842	0.10957227723424241	-0.7529183658261752	0.45149897101879455	0.6369239968594729
g3924	795.7135931038623	0.1263423910819445	0.14282009576188276	0.8846261473776718	0.37635829944991983	0.5655862183214361
g3925	647.1778835039971	0.07423739460111711	0.13255220765747405	0.5600615479219533	0.5754374571023917	0.7376626907270616
g3926	844.2732392237311	0.05391738211804827	0.11315122820125728	0.47650726355482165	0.6337130338432545	0.7769622288919409
g3927	1029.0236419317173	-0.29508412289950803	0.11381097061786759	-2.592756403864477	0.009521018081481248	0.043479376589624995
g3928	378.80919792570063	-0.09751891328888909	0.1793570214169798	-0.5437139428301018	0.5866383362557253	0.744640120835697
g3929	2602.275439112393	-0.06595707385799984	0.08857205495388254	-0.7446713739716461	0.4564704085202137	0.640902497805172
g393	3300.682758964214	0.07025792320728054	0.1086165227233484	0.6468437899290047	0.5177330481529344	0.6918379670008239
g3930	913.7623612906476	0.2542242784129463	0.13199361024131046	1.9260347371980655	0.05410003656142404	0.15158810027719274
g3931	2076.416326480354	-0.08384251459399662	0.09265499241311025	-0.904889336347658	0.3655240169076299	0.5554964427642122
g3932	638.6505915700221	1.282033988080712	0.1808381661185845	7.0893994094145985	1.3469526319060303e-12	2.1186442439355266e-10
g3933	4419.3629181611495	0.07975122681705746	0.12571980102281693	0.6343569284092597	0.5258479119741912	0.6977419570132063
g3934	499.1641072829825	-0.5633627355420429	0.14779891141138013	-3.8116839302962924	0.00013802329485463775	0.00163334776826413
g3935	781.650615898577	0.3108685131300058	0.21673488554111228	1.4343261462217969	0.15147921232701927	0.3070693929345654
g3936	1011.7048481966262	-0.04947993606308958	0.14859076251572773	-0.33299469782216323	0.7391382855089677	0.8493902672135017
g3937	1557.4598825857993	-0.2329265913243021	0.12269260672737449	-1.8984566188398768	0.057635957233788566	0.15812190302147663
g3938	2590.580408323309	-0.21789926180869068	0.0920435494771942	-2.367349619243877	0.01791599929227656	0.06894281073225689
g3939	1048.6328129880385	-0.10212308787760531	0.11814003397116017	-0.8644240605393355	0.38735498019390213	0.5777420190564917
g394	1851.708733578229	-0.16319502365638053	0.15061467890110958	-1.0835266844311433	0.2785747131688434	0.46842741301219776
g3940	651.1949013631873	0.08678358424727747	0.1286592243254089	0.6745228311635219	0.4999789755216535	0.6769801408157252
g3941	148.81615043115752	0.25938335632361764	0.2873164633940908	0.9027793021656424	0.3666430382730046	0.5562488951834432
g3942	207.1858500978499	-0.14050385470762863	0.20111360049206148	-0.6986293038554332	0.4847837255000784	0.66620260784958
g3943	280.23876238706833	-0.11714316116576412	0.21248685873442053	-0.5512960277330704	0.5814307610774175	0.7417712480795036
g3944	38.49149700943281	0.3562974950306456	0.39577872524139784	0.9002441826890231	0.367990318148949	0.55725033066395
g3945	2311.989134987815	-0.06529449191669795	0.10074671038856144	-0.6481054484545368	0.5169167502690836	0.6912365328607122
g3946	1022.1745918724646	0.029009743055511655	0.11574247906634631	0.25064041559782546	0.8020921317257769	0.8895116913233865
g3947	200.5556858632509	-0.5279962439421432	0.19665749275078023	-2.684851904479741	0.007256195058105395	0.035666844198369616
g3948	329.50461704440113	0.045491810017131304	0.1526578627444788	0.297998473182323	0.7657043289396035	0.8654292939362285
g3949	1979.9667169792053	-0.7001151270241947	0.09785839244970108	-7.154369793924948	8.405818845535818e-13	1.3796507018216396e-10
g395	209.80786036627364	0.4962078405461841	0.28865142242499	1.7190555874538624	0.08560425066832106	0.20669655684264998
g3950	404.85864317128147	0.030631336533489137	0.14695149374908364	0.208445220609948	0.8348813507272688	0.9098374997099998
g3951	1078.1583179175066	-0.3820207504825149	0.13329492183836322	-2.8659812783097833	0.0041571883006158005	0.023599076443345333
g3952	1016.1412057242891	-0.09119514471725038	0.12078333821693042	-0.7550308350764507	0.45023048098655316	0.635609598251398
g3953	28.514318887231664	0.7137797017368092	0.49738530712346674	1.435063906219543	0.1512688876689669	0.3068458092156636
g3954	860.1060021121547	-0.1851920925186817	0.14258092733634106	-1.2988559969302422	0.19399335318160071	0.3648578766744734
g3955	352.7172618543491	0.2618264059610535	0.16130848696624658	1.6231409201416667	0.1045592838512982	0.23806471443826943
g3956	865.0619930665375	0.054135375670624875	0.15270751282423686	0.3545036826900164	0.7229614446227288	0.8415889545234954
g3957	2610.5157810935193	0.046707640239570795	0.12303966240376138	0.3796145025682623	0.7042315938396383	0.8276694479279684
g3958	1000.0127453711001	0.07119275477338545	0.11884978794394671	0.5990145712919757	0.5491631677624962	0.7183267353788715
g3959	982.7889891864157	-0.04657451016838788	0.121315050980746	-0.3839137006650539	0.7010424114140914	0.8254632261659998
g396	85.8239941162057	0.2069018127953023	0.27424049899636627	0.754453895586165	0.4505767195453815	0.6358606042182486
g3960	415.44405504023274	-0.08037431426465498	0.1731491060299075	-0.4641913325892204	0.6425106704600848	0.7836761812558385
g3961	25.810446107893895	0.7491729589012747	0.5198595052465269	1.4411065900314801	0.14955457206726994	0.3043496008377056
g3962	207.71755273402118	0.2734454175132927	0.19632159462197646	1.3928443177115624	0.16366687358170207	0.32412123883285426
g3963	197.35337110850546	0.219687274999425	0.20005623510526527	1.0981276083888627	0.27214877130276005	0.46199674135220165
g3965	540.2675211165837	1.1761734306581197	0.6378297890919209	1.844023986920773	0.0651796445018367	0.1721855549296246
g3966	18.26642962578462	0.23133624995585017	0.5911905126014241	0.39130575512434723	0.6955712453742068	0.8215836831312987
g397	1101.084046394685	0.13243450175533336	0.11779356632241839	1.1242931671908174	0.2608886760979786	0.4507344403981095
g3973	215.13766203740866	-0.015747764733129253	0.19817854595096623	-0.0794625102205846	0.9366647497969507	0.9668880039604837
g3974	208.6823360602589	0.6439021616937795	0.6772400182777878	0.9507739417573314	0.3417191433644061	0.5304234236022339
g3978	80.17943157463044	1.3817717079954959	0.5570508467061307	2.480512714711737	0.013119358472788025	0.054906406025249224
g398	353.4797924871102	0.10412982152704313	0.16107760823806155	0.6464574602644116	0.5179831382363416	0.6919272281819495
g3980	14.137078916856813	1.2821465604010513	0.7268930725238769	1.7638723064855397	0.07775348033974729	0.1936270519085427
g3981	12.387482503426716	1.3784112397524508	0.7853069878855242	1.7552514634612988	0.07921630461617919	0.19545199341573624
g3984	85.74622777913244	1.7883611060241589	1.0292742679317348	1.737497148955024	0.08229945682332437	0.2010043142806578
g3988	155.19003247245487	1.816809803127577	0.9165832538792341	1.9821546983739173	0.04746192915597912	0.13841436781384434
g399	518.5007049099223	-0.34151019529434234	0.1322241478035762	-2.5828126024428477	0.009799853709962498	0.04451798767161062
g3991	22.665710262005817	0.07060351257581715	0.5312523189853096	0.13290014942554917	0.8942723487282007	0.9461940889272226
g3992	378.47784064672425	1.0986820178236365	0.5949340445154208	1.8467291088015028	0.06478641070931153	0.17126659693813095
g3994	21.31218361675082	1.4617399178240427	0.7168310877629189	2.0391692586684957	0.041433137856550575	0.12559814859309587
g3997	18.970270287534497	1.095366378605926	0.6617747614677741	1.655195154581709	0.09788491780143661	0.2264109404781708
g4	196.88599625101972	0.26546136501143136	0.2075369739359154	1.2791039590535913	0.200860449649647	0.3753703947660483
g40	1430.4214311974267	-0.24983046493804623	0.11239425718383111	-2.2228045382196497	0.02622898294842627	0.09001310057300833
g400	128.677870377666	0.011451455655688754	0.23288488967976265	0.04917217115904566	0.9607820886279671	0.9801478198000476
g4001	62.28194875676966	1.3358067922213674	0.4711920649639288	2.834951798951936	0.0045832600241201464	0.025295038875809285
g401	13.978900091452125	0.9729214769331384	0.7241731617126206	1.343492866584899	0.179112434322928	0.34429241674129324
g4019	91.49146630744089	1.131063929273028	0.5071662113846498	2.230164202352975	0.025736543833087325	0.08894235147188043
g402	192.17797784338106	0.1262437228985052	0.21714694259075154	0.5813746276705901	0.5609879937678832	0.7267431971426764
g4027	9.992023739377414	0.699682580528101	0.8255023316722521	0.8475840148273438	0.39666967981188805	0.5856876253341291
g403	31.57687296658773	1.8133200433803303	0.6907486689565343	2.6251517011528755	0.008661036948567308	0.040767349726735146
g4033	38.12042893451732	1.8981296196989537	0.7039597278582534	2.6963610908167652	0.007010162905729551	0.03477446119465053
g4034	58.985580528046796	-0.4759317907144629	0.39382365265075825	-1.2084896057183185	0.22685899155466838	0.41020215423574324
g404	32.758993876556296	1.9176809746961494	0.6047004776394156	3.171290656462268	0.0015176321016202585	0.01101025405921076
g4040	9.764063060108553	0.01655837673953846	0.837663956509551	0.019767326277873178	0.984228982641335	0.9921670850425963
g405	111.39450383322442	0.5009647401036353	0.2649956569857015	1.8904639638326832	0.05869593574631185	0.1595227915351528
g4052	36.957855894977435	-0.053053064718689445	0.4614965689664025	-0.11495874137810062	0.9084778247765205	0.9531270594436455
g4064	14.289239974300896	-0.15742392124952287	0.7512795503933503	-0.20954107052042056	0.8340258772868328	0.9095681266329136
g4067	31.09588384449751	0.2582540333605741	0.4960747887180335	0.5205949571191865	0.6026489630546634	0.7545604761298025
g4068	3444.1940685590944	0.27946836496016053	0.09973110932261435	2.8022185540534257	0.005075247836804584	0.02692972954709116
g4069	71.400981068919	0.22546924936479038	0.3266559157172532	0.6902347042138126	0.4900466024309623	0.6707490660539821
g408	128.8745565741733	0.27196674202949256	0.2868953768485925	0.9479648818914971	0.34314733254549645	0.5315474683460194
g409	59.962802230391446	0.6676910950550412	0.38896015931947114	1.7166053619045218	0.08605130213491154	0.2071707050760785
g41	6530.739769796762	-0.16266865784137224	0.09330213657684347	-1.7434612304660209	0.08125308077277807	0.19899450860929116
g410	142.98258542851656	0.4154578437927847	0.2222605768299301	1.8692376746177788	0.0615897548914444	0.1648945565356047
g411	27.2659955253515	1.8329747716647358	0.6423917024337004	2.8533599744836566	0.004325958780906683	0.02430133094928977
g412	591.0306879093447	-0.46814257157014966	0.14763611776748736	-3.1709217138006096	0.0015195608913506772	0.01101025405921076
g413	361.59268195016284	0.4086615120564252	0.16110279101262182	2.536650727698492	0.011191855225931076	0.0492196353458417
g414	64.0026186025781	1.7380186239586561	0.45935534753803736	3.783603768354385	0.00015457383571909085	0.001789927085397448
g415	642.9315657961566	0.8400866007569656	0.22344055818521866	3.7597766832491746	0.0001700650979707622	0.0019337221230109256
g416	5961.762747294691	0.7501966445004913	0.09823149328832603	7.637027794116266	2.222935268616916e-14	5.594387092685905e-12
g417	3746.8337520739624	0.575262558850761	0.10448457040011924	5.5057177978319425	3.676670925219823e-08	1.7135102151487446e-06
g418	835.0440562043273	0.06578881695504142	0.12980772772502114	0.5068174145564391	0.6122829361809766	0.7623777851214664
g419	793.4753789880797	-0.004504016829393313	0.12215906187603912	-0.03687010001733448	0.9705885802601241	0.9844094278565202
g42	6504.51235886803	-0.15962765320848643	0.09357842027503538	-1.7058169259464568	0.08804217073264237	0.210087986419548
g420	2519.1523377768326	0.4022324605982416	0.1550501305732279	2.594209105862527	0.009480880491579536	0.043479376589624995
g421	665.7342586979089	0.09163941376611087	0.1243698638515668	0.7368297345366629	0.4612258984406724	0.6437527699611267
g422	2504.2636493421014	-0.014610032622431626	0.08528526402549172	-0.17130781957906227	0.8639817322171849	0.9280427617308034
g423	394.0615614203188	0.12735095316777187	0.16095378693061357	0.7912268210419446	0.4288116428312473	0.6154996014022656
g424	1256.0192987995995	0.0019403891640663042	0.1187742881105179	0.016336777891363136	0.9869657169371066	0.9934363131386288
g425	172.43923367376695	0.31822543160837086	0.2868825338521467	1.1092534192840673	0.26732087361261525	0.4576581849830488
g426	3021.649871722877	-0.8248394375124031	0.12687972809354012	-6.500955273992256	7.981156034584603e-11	8.861430597222611e-09
g427	1023.1589270079827	0.10375295833702369	0.11840374428384244	0.8762641668518754	0.3808864403551241	0.5703476050537856
g428	998.8272451821325	0.07080651091772279	0.14359975174445885	0.49308240479221466	0.6219543627711026	0.7697959735937417
g429	4338.355161308374	-0.8631844784354333	0.1084677901904798	-7.95797975527665	1.7487095715026748e-15	6.001253302202361e-13
g43	360.52396957086756	-0.1452147195127119	0.15782329978481566	-0.9201095130484855	0.3575155335929503	0.5475136467802788
g430	8158.381636514111	0.6662448866578026	0.10947988298912288	6.08554620691361	1.1609483533414861e-09	8.269018931819076e-08
g431	809.9083650967403	0.707820448485143	0.15197210360558686	4.657568275307613	3.199663251174048e-06	7.502316008187597e-05
g432	2196.5050246240226	-0.12402498802567498	0.0889762858345637	-1.393910600587199	0.16334460276058926	0.32368812358069526
g433	1332.690208025155	0.008991985041880772	0.13253851917142517	0.06784431498174917	0.9459095667520434	0.9711201018463324
g434	990.5039456688254	-0.3826560026625758	0.13568669042306475	-2.8201439763139065	0.004800210672940288	0.02596102477127448
g435	1522.5838440371747	-0.2071438015002249	0.11096075679994208	-1.8668203739246039	0.061926676341163334	0.1654445882433769
g436	626.2717075603244	-0.29234143621742875	0.1908242790762662	-1.5319928765489503	0.12552419261059933	0.26938819050881896
g437	436.87337675290837	-0.3045937615332728	0.1501184047287677	-2.029023437090272	0.04245590320191219	0.1278078425735395
g438	300.32476383250145	-0.06212759898645402	0.19809946304811876	-0.3136182099159103	0.7538110273341063	0.8576361145829571
g439	199.754458622	-0.10511405508850923	0.2529561501453404	-0.415542595141941	0.6777447400509694	0.8078580340045499
g44	345.71634855128104	-0.2242203783209295	0.155741922500249	-1.4396918615189882	0.14995459692915208	0.30467093832483805
g440	5789.018667524951	-0.2433418938294759	0.0870667716786611	-2.794888212090626	0.005191766431412051	0.027334614056597616
g441	201.52932190623383	0.7952332002618986	0.23593052883197127	3.370624413037536	0.0007499803223637206	0.006249836019697672
g442	1698.2458421766212	-0.0967839824023834	0.11333813866046596	-0.8539401083012765	0.3931381749213875	0.5822269950287319
g443	2264.1444469049343	-0.2244600050579333	0.09571582560185107	-2.34506680213593	0.019023670824475803	0.07188624360600215
g444	988.5875590220649	-0.23309433864382	0.12321866413095267	-1.8917129177451164	0.058529241265745956	0.15941272542959822
g445	398.0912259896279	0.5241399425340799	0.2377859625471011	2.2042509865579523	0.02750669783423629	0.09321165558729085
g446	178.6757877793026	0.46438140769931247	0.2780526043461558	1.6701206909797202	0.09489548718826153	0.22140325348311946
g447	531.1527846623209	-0.09212638925525929	0.12942950599838443	-0.7117881548308562	0.47659596878629085	0.6586261553636871
g448	1020.2790910966297	-0.24517182722355849	0.12637787761413585	-1.9399900667119216	0.052380897088393816	0.1485634008329727
g449	363.9988325823095	-0.3388075747442146	0.2050375227014754	-1.6524174223344563	0.098449486300383	0.22716797725180063
g45	55.72289946130482	0.5091207169949372	0.3740456971567439	1.361119031350841	0.17347607629179618	0.33595158280684334
g450	508.6976782037332	0.07983683365957227	0.14602310229545382	0.5467411142795441	0.584556603674808	0.742997029923367
g451	1234.8454154213532	-0.3778691363483179	0.1267901711178916	-2.9802715227584082	0.002879929862016881	0.017764273250185827
g452	742.8688552412505	-0.2628935668602357	0.1307623600777213	-2.010468201277336	0.04438165847044298	0.1314045182164096
g453	491.71718626778784	-0.1666449114990883	0.13935440602048169	-1.1958352538533699	0.23176085555440173	0.41622132717310495
g454	1014.1089622753198	-0.01942990392511045	0.13424698808321603	-0.1447325128297581	0.884922067899875	0.941008677837191
g455	1139.6965317957247	0.19859584147558446	0.11377591220570955	1.7454998832838928	0.08089789275393444	0.1984337525315806
g456	4037.2510868389277	-0.39405493564428057	0.09293947671943717	-4.239909127461966	2.2361029113737837e-05	0.00038899946960534713
g457	4691.208819273754	0.03219614695200831	0.09756587351753013	0.32999393938930366	0.7414045415289148	0.8494088449989844
g458	3343.1036471653224	0.14315417581982268	0.1075364706804825	1.3312151209162257	0.18311823738791333	0.34930335833217424
g459	462.8854355032049	0.12278301652077651	0.15052102532557998	0.8157200381487861	0.41466027567709596	0.6020548233388604
g46	347.9003125302043	0.18826888149909876	0.1726342691059948	1.0905649409822828	0.27546436331402135	0.4660989719124651
g460	280.59537522403554	-0.2948814058104283	0.16463818707682773	-1.7910875419979153	0.07327924800689455	0.18603171568663546
g461	2240.8707192996008	-0.21121142470984922	0.11725503693820777	-1.801299374637147	0.0716557063653186	0.1833900281553069
g462	216.40810710667608	0.39132954720535496	0.18764406592350877	2.0854885299963417	0.03702497824240575	0.11553347821007325
g463	364.962263722779	-0.17723162779721602	0.15816653511418585	-1.1205380940365572	0.26248452870445926	0.45277482116542167
g464	859.067410476539	-0.18740225110875655	0.11811052430316919	-1.5866685226773487	0.11258773906843593	0.24913172038883097
g465	1515.8140057727799	0.4900729266357118	0.18579301244747568	2.6377360492728816	0.008346151658554752	0.03971588680005776
g466	540.6126999386707	0.9441427403930753	0.521487573472837	1.8104798434708116	0.07022140737323046	0.18077298461869815
g467	46.49206623992742	0.22740426846659895	0.35468595823723326	0.6411425746786926	0.5214300552484025	0.6947457853509805
g468	1515.093804349651	0.2235437142651096	0.19286179856782718	1.1590875742377358	0.24642049027254587	0.43327310236556155
g469	1476.2016360208388	-0.21735873846647433	0.11053784443417072	-1.9663739561695477	0.049255429565379906	0.1419383561903123
g47	204.26617789457262	0.6183026447489758	0.26300476787619126	2.3509180070835822	0.0187271599742088	0.07133706246482162
g470	832.7835710937037	-0.19891332472593082	0.12018393950783057	-1.6550740934313493	0.0979094692075829	0.2264109404781708
g471	1654.9841623536597	-0.2731056341811803	0.10040471686736242	-2.7200478493650935	0.006527247036370354	0.0327051577347855
g472	480.36293765371056	0.3978021456932746	0.14145050519773364	2.8123062914281363	0.004918764033588966	0.026375474753974924
g473	359.7428684944238	-0.0012961274815388685	0.1790611223573823	-0.007238463964008722	0.9942245917933328	0.9973951193249618
g474	665.1256169290316	0.04273350212196091	0.1292298059387641	0.3306783741686519	0.7408874390880233	0.8494088449989844
g475	1225.1370005662902	-0.30892658231860826	0.11357014253403802	-2.720139073753651	0.006525446514214381	0.0327051577347855
g476	1315.033053556865	0.33292958182467386	0.20801400771275516	1.60051520320888	0.10948433695882959	0.24484796920591334
g477	62.454222815538266	0.451317471902294	0.3250540398112546	1.3884382798760333	0.1650036266997693	0.3258236502351236
g478	157.5918415288795	0.24616835427062647	0.23687753148176285	1.039222051710628	0.2987014769903048	0.4864530093349442
g479	658.0935664595471	0.5927255143330963	0.13603531980856182	4.357144270820402	1.3177041622153198e-05	0.0002474792642966583
g48	670.3639909776762	-0.01809343676199754	0.12603782683592107	-0.14355560720316124	0.8858513977717687	0.9410433232863691
g480	2175.7951406806856	1.1841761876145664	0.4222773267983763	2.8042618262097028	0.005043193263737944	0.026851981058689335
g481	859.6233217583189	-0.720505522475803	0.12230715807855688	-5.890951386614905	3.839785101550568e-09	2.4158647930588993e-07
g482	1135.04354434035	-0.23486752473361808	0.12602275706772723	-1.8636913697055162	0.06236505805214046	0.16626277835228123
g483	1341.676503808292	-0.20328304568639705	0.11745985763454131	-1.7306597315900183	0.08351247136793012	0.20313117230279396
g484	1892.2420023885145	-0.2996007355034755	0.09139720675579872	-3.278007568699218	0.0010454259247290984	0.008153890218703195
g485	2494.265752310288	-0.40967473764727075	0.11045696200593397	-3.7089082499413863	0.0002081548320949961	0.002271053442654943
g486	483.42391710718016	-0.02451893431805075	0.13584954399704438	-0.18048595230164483	0.8567710817426558	0.9243529104254147
g487	4960.523375014487	-0.003847160337552293	0.09753859449659764	-0.039442441808883046	0.9685376425492654	0.9835140527085363
g488	723.9380921432871	0.652680021485425	0.16253975702236184	4.01551001085618	5.931738075724257e-05	0.0008497771958113379
g489	573.6668187642605	0.3722516036483647	0.15210316263024695	2.447362679455157	0.014390595048406288	0.058792744921789764
g49	729.4382484149756	0.08398725001804447	0.12195219953568079	0.6886899157031725	0.4910184235468854	0.6712410323496617
g490	879.6350291847402	0.5015625162030405	0.12399924702790385	4.044883563608839	5.2349135447136976e-05	0.0007841983583846908
g491	700.8745926345691	0.46405444131530127	0.13439924667467434	3.4528053750076997	0.0005547891250484237	0.004881885657477388
g492	361.33389993096193	-0.08921466523831979	0.17308533688157965	-0.5154374532567023	0.6062473661300933	0.7573076793981146
g493	83.64126959645695	0.1751225442840632	0.2966406175856793	0.590352547501295	0.5549543169398616	0.7223974298096475
g494	656.4447694685084	0.03723912226142658	0.1258192026319526	0.2959732813627724	0.7672504861100835	0.8663986195230527
g495	705.9744367558218	0.06912973177808839	0.12062427302900569	0.5730996758957895	0.5665772066756468	0.7309736688997152
g496	153.50770111421156	0.7797274510484445	0.22442184466000367	3.4743830406960696	0.000512029530359565	0.004537350885228539
g497	1519.820961455148	-0.08230775908465994	0.09800479991572253	-0.8398339586983394	0.4010014903156607	0.5899378900785732
g498	2427.47006044304	0.4568620650040471	0.1330914225681957	3.432693528915826	0.0005976172034379051	0.005186218259719752
g499	531.9115366642405	0.5340878091603967	0.16955082380482883	3.150016008033019	0.0016326151667507033	0.01158481626782689
g5	719.6099746365594	0.0975857599316992	0.13822355246229628	0.7059995072715123	0.4801884438692371	0.6613321326546406
g50	1136.30965153179	0.06560863475699079	0.111859758923964	0.5865258014867336	0.5575222280093001	0.7253383844365799
g500	477.7227064472672	-0.010470436355386744	0.1670006904291941	-0.06269696447647957	0.950007814636768	0.9734743486030941
g501	512.008419663185	-0.009522483633776982	0.1398572787717101	-0.06808715082552544	0.9457162587756798	0.9711201018463324
g502	2317.85853584812	-0.176455595407215	0.0972156674622084	-1.8150942128315926	0.06950943240157423	0.17997126702053684
g503	1843.2135956739191	-0.3434959092071666	0.11421579844255131	-3.0074290412629687	0.0026346762582013642	0.016548923252429532
g504	1548.5167459002716	-0.16545830456550045	0.13128044055318053	-1.2603423927304294	0.20754587333426688	0.38493238587957634
g505	174.81411895601602	-0.19355914281633882	0.19982982178308017	-0.9686199041224771	0.3327348686797579	0.521192584757712
g506	1480.5485068767368	-0.40625670809919806	0.12256970562738935	-3.3144952581856915	0.0009180873701898234	0.007378317637005657
g507	1791.1301165126763	-0.27101747221150513	0.11530426566485534	-2.35045486521069	0.018750481545886606	0.0713538990279455
g508	948.9854474039724	0.37903410570823054	0.10827565614131637	3.500640118158534	0.000464142168673523	0.004191714561585047
g509	149.93765995214883	-0.16752669415057334	0.2868154439854706	-0.5840923062673705	0.5591582108125179	0.7260755224938642
g51	1512.047513490216	-0.4004220128137492	0.11052898197508573	-3.622778439269513	0.0002914554567917208	0.0029418298111998555
g510	992.3859090752981	-0.2826783609119173	0.11065520996245522	-2.5545870005382367	0.010631385762100803	0.047383094748442184
g511	480.9946092421096	0.3774548328535984	0.15830807166750205	2.38430566981054	0.01711138276386553	0.06686901649440205
g512	83.99870417514116	0.6740637104829716	0.33192303470649326	2.0307831635698927	0.04227699568405928	0.12761551592598963
g513	109.9040452504179	-0.27140357059516373	0.32617000406582575	-0.8320923665941723	0.40535681018036496	0.5937997510403095
g514	4946.920698921311	-0.12617438638275133	0.10402702169604673	-1.2129001131207648	0.22516801239825002	0.40851642461382026
g515	4840.252867402674	-0.01295468902409097	0.0801602000774769	-0.16160998864236778	0.8716129909225566	0.9323715048831542
g516	715.137157626606	-0.0007653444707340992	0.1378283859610814	-0.005552879875922	0.9955694656478873	0.998213740457045
g517	428.02430583774304	0.4106448446116272	0.15444012678436297	2.65892584499746	0.007839021467504812	0.0376972051462811
g518	1409.5792003709792	0.5678496869651132	0.1325608909169455	4.28368942783353	1.8381945629305277e-05	0.00033043735595536864
g519	371.6777265745105	0.4603619964827155	0.2089159519792701	2.2035751321105215	0.027554237768188647	0.0932890112779481
g52	247.45533000937488	-0.649867021183301	0.1845918350062854	-3.52056211566006	0.0004306331168150094	0.003974669965713107
g520	275.00263912278393	0.43474878579863807	0.22281709297902025	1.9511464761797817	0.05103962388438543	0.14596559103299622
g521	3098.855008267283	-0.02584213584152709	0.10257491477211528	-0.25193426578943845	0.8010918733563682	0.8889246978013787
g522	1459.7686550077512	-0.012001525947262885	0.1000564161245846	-0.11994758969099256	0.9045246654619535	0.9514016751515393
g523	1029.4444425094637	-0.1773823149667083	0.12047647997186399	-1.4723397878833617	0.14092914403264253	0.2917840415764897
g524	160.77481714505464	-0.1577864269885096	0.23739934352974734	-0.6646455910217718	0.5062772016817272	0.6808679858740719
g525	3561.6362601771157	0.1639486020633277	0.15832558941660885	1.0355155011103279	0.3004282310647658	0.4880019674137224
g526	226.24639042940166	0.08695994768965769	0.1951623326410753	0.4455775175099309	0.6559024537197864	0.7941089681822302
g527	750.7355858126724	-0.6498827975278401	0.12530438770000243	-5.186432889195846	2.1436021992115463e-07	7.70676028764151e-06
g528	1593.6289063849624	0.36671054007221554	0.12163261695766786	3.014902986094946	0.0025706146485488944	0.01622637622887631
g529	759.3119427820269	-0.4096503949429583	0.1491993383733315	-2.7456582543142223	0.0060389633795304015	0.0307238366007106
g53	648.2261303638755	0.39290510553518154	0.13937333620414705	2.8190837375068205	0.004816095228254867	0.026009670224123205
g530	166.09522388132848	-0.11089299416395935	0.2069996655360168	-0.5357158132444643	0.5921549730384612	0.748005410474301
g531	2397.652935405765	0.026448431504977003	0.09583670968306084	0.2759739101273817	0.7825681050545833	0.8745038396444287
g532	433.92966146302234	0.19542345127004238	0.15008688625443792	1.3020687959289574	0.1928928690068925	0.3631773468833014
g533	375.45664374203574	-0.1034084186106297	0.18014063050333184	-0.5740427260729338	0.5659388889560217	0.7306495573902126
g534	645.7472131906142	0.5249630419215681	0.13416869994146172	3.9127087178351685	9.126659641541075e-05	0.0011799020598225192
g535	867.0116081907322	0.5392055714865803	0.11716131832292669	4.602249097269384	4.179529071765088e-06	9.2810130858313e-05
g536	995.4827058019641	0.06588899237388864	0.11683694303567448	0.5639397151444675	0.572795160298514	0.7362544349035318
g537	128.09177703500742	0.018763273706623552	0.23576772021738396	0.07958372625957161	0.9365683387217169	0.9668880039604837
g538	205.37980916286585	-0.16592126039511837	0.21540064921063365	-0.770291366359203	0.4411270766064517	0.6278125843341139
g539	1780.8255976527882	-0.09998645113371374	0.10387814005323705	-0.9625360165523869	0.3357804202940833	0.5250915851740532
g54	158.23881592646958	-0.06755088298578416	0.21118440638255118	-0.31986681281485685	0.7490692967223533	0.8537852038426581
g540	930.1533502115614	0.1542602776711349	0.11244750358865745	1.3718426176487843	0.17011243695632505	0.3323884314234612
g541	303.38128444495817	0.169195224835205	0.21277492676779725	0.7951840350994406	0.42650645713242585	0.6128899412542473
g542	1478.5738740307308	0.7053969966135037	0.11271604817436721	6.258177145478724	3.895032462661417e-10	3.241235621923007e-08
g543	692.8429178344683	0.8952363823886406	0.16058267915013882	5.5749249366528995	2.4763662045334276e-08	1.2384148815594877e-06
g544	365.60382841341084	-0.3471596673987346	0.15351113149122736	-2.2614625012947256	0.02373063222854932	0.0840367135673299
g545	1223.6348771647522	0.07186249441554969	0.10522581621431124	0.682935965725263	0.4946473062060779	0.6731636375251033
g546	540.7411716252292	0.20826102536224095	0.13476358874237687	1.5453805238176517	0.12225424842717542	0.26409092528803446
g547	322.9124079293288	0.4021456454596087	0.19260697928843326	2.0879079613069815	0.0368061378905084	0.11520992581813366
g548	1307.8530945544637	0.038731348004844984	0.11627822238306537	0.3330920202516423	0.7390648227065226	0.8493902672135017
g549	36.718680024555276	0.9758468116614176	0.47860423966848753	2.038943099077753	0.041455706793906616	0.12559814859309587
g55	7968.439589192291	0.24561736292951428	0.09199807646880298	2.669809765129213	0.00758942322099772	0.03686021718319013
g550	794.823788431529	-0.03907396958578382	0.11415644679038724	-0.34228438852455695	0.7321368829845214	0.845462445171786
g551	286.59088731365597	-0.014014160832348757	0.16823097273302662	-0.08330309576577474	0.9336105387874819	0.9661603548990473
g552	1422.3275459575486	0.05730314317417417	0.0983871169244159	0.5824252703552261	0.5602802641124838	0.7260755224938642
g553	745.4118446056355	-0.2839621718736274	0.12817021875704515	-2.215508209531076	0.026725201485347412	0.09129344337032866
g554	956.2445563374782	-0.10527042870887485	0.14185373159040834	-0.7421054598185336	0.4580234420985778	0.6419741637530616
g555	669.0957635565109	-0.3497576060727235	0.1354576730865348	-2.582043512952469	0.009821720056904437	0.044563693767805584
g556	40.14418168702238	0.1794634785076242	0.3911489847649268	0.4588110553718512	0.6463698550781447	0.7871116783612891
g557	25.60782885882899	1.5225386700634407	0.5652574504464621	2.693531361436954	0.007069949383823248	0.03502054828973001
g56	2348.306919800813	0.4319414610515457	0.12004348100452392	3.5982083944672323	0.0003204168389388028	0.003174733771637744
g563	56.772416858356365	1.228690771194465	0.41733583958703957	2.9441295346459437	0.003238644186594278	0.019576838775296382
g565	3576.8776458312423	0.33686862321863376	0.43741045775752135	0.7701430481238677	0.44121504271216005	0.6278125843341139
g566	3010.082526719952	0.4551711702517957	0.44128104122116935	1.031476831617755	0.3023172674215505	0.4904373375661165
g567	47.60982712891854	0.6985795942641636	0.4007270358663472	1.7432804171894156	0.08128464431139787	0.19899450860929116
g57	2449.7765600743223	-0.23864513990160705	0.111387492333641	-2.142476995413353	0.0321551179110685	0.10473301994329905
g571	14.960715820087302	0.5504223407364086	0.655275518860845	0.8399861201793147	0.40091616880991543	0.5899378900785732
g573	13.648803189120121	1.491529468453462	0.8236141403207935	1.8109566062968745	0.0701475690729325	0.18075568139953596
g574	77.12093170833452	0.3330807767439193	0.30549706947929517	1.0902912336005028	0.2755848755784429	0.4660989719124651
g575	108.45588959585943	0.7449871081591614	0.2923028767874131	2.548682094227139	0.010813081966248441	0.047910075613366035
g576	49.35245947519141	-0.442149613586058	0.35534736285057733	-1.2442743630884374	0.21339860313528458	0.3927741232743536
g577	107.58412175364244	-0.08048246134495551	0.27945605219186437	-0.2879968449912088	0.7733491537373849	0.8696434481258946
g578	93.41596098514562	0.7882406253538694	0.26893257545992144	2.9309971988549215	0.003378758280938817	0.020063910692161475
g579	194.47219025680636	0.582483793202863	0.24581000697235722	2.3696504482356846	0.01780490956512945	0.06881806895428563
g58	1501.9530717606076	0.059229337329835346	0.1048330382267485	0.564987320139719	0.5720823887461013	0.736063741484844
g580	75.9311200351471	1.412805796719782	0.5791263997747669	2.4395465260593348	0.014705708872914622	0.059593749174830186
g581	22.65169552756255	0.6153388910563679	0.5723391583770086	1.0751298107948692	0.2823166144616196	0.47174161997854136
g582	738.1015581223554	1.2627261633186553	0.7664405279471512	1.6475200844359899	0.09945119144897539	0.22905933356917763
g583	84.47045363070256	1.449897725173414	0.5542767644081414	2.615837102104793	0.008900901079208969	0.04149697615123363
g584	13.361976916020092	0.8459878780169839	0.8181472148572888	1.0340289163785168	0.3011226452099941	0.4889195637280549
g586	12.201498756766851	0.8934022835950944	0.8085092833834476	1.1049994130634924	0.26915984345382904	0.45906136981194123
g59	2762.328577022365	-0.14231110500290034	0.1027471428376487	-1.3850614340465588	0.16603368313301803	0.3274697773391552
g590	18.271479611696712	0.5205864599735707	0.6542888227259879	0.7956523814737227	0.42623411156753166	0.6128810861854653
g591	53.26344373509922	1.6318340506839035	0.5171520489712507	3.1554241231955746	0.001602649462144628	0.011434838513616945
g592	32.19121071149976	1.6931545910052408	0.7275674247240389	2.3271445827133372	0.019957571350054836	0.07437298306659132
g593	34.48587239247145	2.480005593857061	0.7465276805471689	3.3220544374715435	0.0008935725852515097	0.007269906270095796
g595	128.18170584206737	1.0100727739065396	0.46972040591148984	2.150370222784976	0.03152594178165583	0.10348733063108762
g6	532.4748666262417	0.5496476304250454	0.2242298817658485	2.4512684308464006	0.014235374974423887	0.05834803531862125
g60	1474.5150283007333	-0.045166891909173286	0.1282286078830555	-0.352237247637949	0.724660345081095	0.8417465345639633
g605	32.93498500651305	1.6676936187539269	0.7108525400323504	2.3460472106887758	0.0189737039953428	0.0717692711246684
g61	384.16846868049066	0.06311868992072624	0.16707471257210563	0.3777872123735401	0.7055886740123826	0.8287483647780785
g611	38.09731640740592	0.5190666028588848	0.4279351216575247	1.2129563024609427	0.2251465277576068	0.40851642461382026
g617	34.851570665550334	1.602771401392953	0.700443548119375	2.2882235202197854	0.022124507677035783	0.0798511938063042
g62	176.85021025064282	0.10850017001320707	0.22497410431976197	0.48227848418941915	0.6296081295771294	0.7751128836996669
g63	437.3481821168219	0.10292504004306942	0.15058229487355626	0.6835135573507857	0.49428238637401356	0.6731636375251033
g634	15.456721238266757	0.4037205291261989	0.7713645837149532	0.5233848398663168	0.6007064718931754	0.7526275909049907
g639	73.09155924350993	0.2924433703912492	0.3473187969120163	0.8420027162115609	0.3997864330670945	0.5890413444147419
g64	363.3240740295689	-0.46024783586034307	0.17868870280932525	-2.5756963290033132	0.01000384621416981	0.045118900189356076
g640	115.15119461585182	0.5650149503440716	0.3698555681577966	1.5276637665841803	0.1265960406703762	0.27137992818323114
g641	16.5612286644918	0.1440870266550082	0.8302268992372653	0.1735513831066927	0.8622180427157667	0.9277156553086306
g648	16.513349238181572	0.2569402385267881	0.6453056602506025	0.39816827025352003	0.6905061531396692	0.8175161499617092
g65	463.4630490298452	-0.2855378008669744	0.1643614101723561	-1.7372557254622465	0.08234204270715066	0.2010043142806578
g654	69.90057612662812	1.7237730781248453	0.9510187357470247	1.812554278198129	0.06990059514262739	0.18036551378224086
g657	11.577106833273994	0.7984109551287666	0.7056649316372865	1.131430682372568	0.25787386351653285	0.4473684902458233
g658	33.35587642053323	1.4373674235324754	0.515043342057966	2.7907698365523297	0.005258284961122946	0.027569480178109892
g659	168.05900580438808	0.5252169126225712	0.28769624372302033	1.8255953078352458	0.06791124311519262	0.17716996735304225
g66	510.5091053640967	-0.19424010708520462	0.17363005031769493	-1.1187009779113637	0.2632677278718629	0.45379062402122405
g661	86.52158232054599	0.9812806829786173	0.8735887215848186	1.1232753568503375	0.2613205665611681	0.4512740799489522
g665	35.55676193424586	1.5730193847267893	0.603262795869835	2.6075193025266503	0.009120092833286604	0.042243374779947156
g666	121.03570392522299	-0.07200356919505346	0.2540823939129489	-0.28338669234879216	0.7768804284294909	0.8723151746940299
g67	11150.87121500171	-0.2612674162393255	0.10565809029471637	-2.4727629991282423	0.013407302289328722	0.055802167742244675
g677	17.47671524754853	0.7733833479493119	0.8194141241161058	0.9438247708795026	0.3452592001209057	0.5337237839706875
g68	6100.836721674804	-0.387484694257233	0.08691146318274308	-4.458384200050736	8.257978931101233e-06	0.00016494111357093734
g680	14.142157606932633	0.09243842316161212	0.659345687784346	0.14019720591825	0.8885041794574705	0.9426870676416906
g681	10.486482454035276	0.9609166125180887	0.762701314447427	1.2598858744779635	0.2077105351090588	0.38493238587957634
g682	17.2271222139055	1.0055539818351316	0.6268540514122237	1.6041277544106867	0.10868589526546307	0.24363969989734152
g683	39.02554008809165	1.0905174167974188	0.5244735208415954	2.079261151349495	0.03759335375272884	0.11699497973334821
g684	64.01048139232111	1.364357485740288	0.5243680200129852	2.6019082660809514	0.009270664628895087	0.042783323929191874
g686	2543.4916979183977	0.828278325810685	0.43893739052772685	1.8870079051931763	0.05915926239364283	0.16043549966666787
g687	673.6267038469069	0.14578100934610308	0.12950467178970404	1.1256814702625504	0.2603003696961864	0.45046294470559656
g69	448.6929952776793	-0.31317161480368905	0.14895994082814812	-2.1023881525637043	0.03551928815596689	0.11258212660686398
g690	817.1290583452742	0.17065953598312875	0.14171950974459863	1.2042063671451073	0.22850982563370548	0.41207865100159624
g691	688.0153914123481	0.3850432483831976	0.17977458089129109	2.14181140890008	0.03220866098493531	0.10481697863631964
g692	517.7440303070046	0.6581570783753588	0.2167588975568004	3.036355535084287	0.002394568257827949	0.015295254100339266
g693	461.5395422749641	0.6755267839179828	0.21964200258415337	3.0755810635953487	0.002100928094049079	0.013868376561527077
g694	162.44505074091853	0.6345050375727063	0.2735283276272851	2.319705030468709	0.020356839528774023	0.07526647328219582
g695	94.046193996112	0.25537519998911745	0.25945585736690924	0.9842722480070237	0.32498167088376906	0.5125963830696805
g696	1995.702029774834	-0.06954173792518958	0.11039564234609534	-0.6299319107829735	0.5287391336433515	0.6998563217053477
g697	95.71898865600377	0.42616013060399033	0.2929131226251826	1.4549028284721583	0.14569616468076071	0.29859013119971317
g698	103.9833197350827	0.458758736242461	0.2773714365315313	1.6539508969601844	0.09813749000278024	0.2267252293515884
g699	168.45822587770576	0.7879912719897544	0.25455835554200956	3.095523108294565	0.001964660634011436	0.013339197649987717
g7	472.37404739715663	0.55871970500265	0.23066256171145527	2.4222383591732326	0.015425229096167304	0.061828049417485896
g70	14579.175499752673	-0.5762595298644185	0.09038241698863496	-6.3757924280436065	1.820193172904384e-10	1.7178073069285125e-08
g700	6811.441568426675	0.1893953338968327	0.13271982934746623	1.4270311740756354	0.15357090915923854	0.3098504447226753
g701	2249.277588992383	0.03822072828273565	0.08975843522003625	0.42581767595480385	0.6702407058908927	0.8032867323071796
g702	1118.2069835789891	-0.48498582971152515	0.11840217473437824	-4.096088866606847	4.2018868836786855e-05	0.0006474335912606953
g703	1467.3811193641006	0.24273257532179776	0.10190132954483988	2.382035410195385	0.017217241784277606	0.06721312071938776
g704	2007.729355218966	0.18062208383129272	0.09389760762078608	1.9236068778317676	0.05440387830030276	0.15212936339529104
g705	310.2056902277577	0.0437329070302301	0.18614756623077122	0.2349367650394819	0.8142578136760967	0.8972046837791201
g706	1386.8951372676208	0.23492500953382733	0.12244504530379768	1.9186158896912184	0.0550329631595264	0.1531497529691861
g707	13854.1851619928	1.4747765398345958	0.43456446497609935	3.393688758964006	0.0006895801678166852	0.005823635645431738
g708	236.16606238771055	2.5929120222805575	0.7156914135744071	3.6229469476665503	0.0002912655786560027	0.0029418298111998555
g709	869.0821830828016	1.2845929121002666	0.536119699764187	2.3960934706657793	0.0165708639789726	0.06489109078902651
g71	1415.901844858288	-0.29612472466122564	0.1101497561385444	-2.688382934672731	0.007179900604421604	0.03543022847279942
g710	362.1436744517635	0.6041543120354214	0.20414795261248853	2.959394421075683	0.003082443035250216	0.018828838928915157
g711	587.8919024446711	1.2474532668217868	0.23315730413429334	5.350264584047865	8.782573296303288e-08	3.5270440631430754e-06
g712	163.92204386267613	0.06264853736659566	0.25681823959050765	0.24394115256956708	0.807276396589715	0.8921160413132828
g713	2001.8100096870992	-0.02343203697686841	0.10736022208867167	-0.2182562267570131	0.8272294782562469	0.9042689963613587
g714	108.39755815438433	0.7304232161682773	0.2730088095564921	2.6754565808878596	0.007462753908382337	0.03644488486952564
g715	355.232691566534	0.48884702096448396	0.19824618640664263	2.4658583845933904	0.013668536239528187	0.056577548579187405
g716	155.65071526981885	0.9628813647581106	0.271472164474004	3.546888008292708	0.0003898102588164116	0.003660531659283467
g717	382.2964272056899	0.3162269069059681	0.17668666418272966	1.7897610347033648	0.0734923357276723	0.18644728990051274
g718	2583.449425015851	0.11411510168604894	0.09842680644160587	1.1593904730999327	0.2462970583149826	0.433257872851379
g719	176.4518489451715	-0.12696278386109697	0.2004315521076189	-0.6334470921670361	0.5264417207712768	0.6980391625962663
g72	1063.4004619046118	-0.19301919661406602	0.10586580957788712	-1.82324394801004	0.06826645155913971	0.17772817561086374
g720	599.9030642497725	0.24150050375792254	0.1600952092246542	1.5084805156101582	0.13143158976959768	0.2782866999503152
g721	190.46637349221976	-0.2641060884332201	0.19040241536085348	-1.3870942127109172	0.16541303650932582	0.326416211616678
g722	627.0245136127934	-0.09418753031251964	0.16167419152505408	-0.5825761639755825	0.5601786553078099	0.7260755224938642
g723	1374.2957862316598	-0.09959781305003487	0.10872214322546653	-0.9160766159979965	0.3596267116068217	0.5496319175367417
g724	625.2826541703711	0.2662341246988083	0.14948626786670782	1.7809938564805223	0.07491345437734992	0.18853219351633063
g725	1012.5347836557945	-0.0669081911957688	0.10807016599163886	-0.6191180570680841	0.5358385885757239	0.7060046436386508
g726	417.3782313646491	-0.16371533277887296	0.15428670083163096	-1.0611111126002442	0.2886394082424205	0.4760961295081732
g727	356.5561892093261	-0.15778812653814733	0.15502076472273438	-1.017851555695539	0.30874850680760413	0.4966023064331937
g728	485.10718993464474	-0.44193557480095313	0.18195225463274556	-2.4288546228402654	0.01514660438556901	0.061088067901199805
g729	329.69533661453386	-0.2013769897727116	0.15433628738450603	-1.3047935335583822	0.1919631616351123	0.3621493928898295
g73	192.30943215203453	0.193931876773445	0.23359966856832073	0.8301890065256059	0.4064319298346388	0.5949129643760223
g730	695.1738961833944	0.25087910271334046	0.15005787022266573	1.6718823367349513	0.09454752647211723	0.22111531924822742
g731	64.70595237211363	1.6054393348527394	0.3426879899770873	4.684842719349697	2.8017499359636022e-06	6.779875646322179e-05
g732	445.07772977328494	0.514481711955541	0.2035672361803614	2.5273306334016743	0.011493324425450147	0.04998536832497039
g733	508.22922500440563	0.5241771088882001	0.19315442270866182	2.7137722322766873	0.0066521885996636484	0.03321694704197126
g734	1633.5522115391686	-0.03623118551503089	0.11428466886313075	-0.3170257732331707	0.7512240459723158	0.8559827266964963
g735	1840.029637310552	0.3241126401030899	0.10427936935500808	3.1081185291760125	0.0018828253869771305	0.012993904635902501
g736	473.32501842877946	-0.25113847810922424	0.14301943986285653	-1.7559744210300685	0.07909277624894274	0.19540263765691024
g737	1805.2097102338387	-0.1585572424440924	0.10064585611528369	-1.5753976225556146	0.11516469283424947	0.2529036482213587
g738	981.7321186907202	-0.10070122816491897	0.13038645515647096	-0.7723289052077681	0.43991964972960507	0.6266779915959468
g739	229.50382719603343	-0.31139008921433775	0.18084542690485889	-1.721857691088629	0.0850953008224917	0.2059197183364783
g74	1489.1606678852706	-0.28404313589489355	0.1109040545770108	-2.5611609690758104	0.01043230074892349	0.046661060814201634
g740	661.5944543944073	0.2826579083753242	0.16621141152198177	1.7005926716285789	0.08901950122564006	0.21175086145355468
g741	783.9351678709082	0.14729380769156483	0.13690174722709883	1.0759088957953704	0.2819680030505737	0.47174161997854136
g742	1157.6713562590942	-0.3793289223925735	0.15000049380222968	-2.5288511576015558	0.011443654590733652	0.049884291085472904
g743	132.00117648610237	-0.42525515649545004	0.22547504625615147	-1.8860408881448365	0.059289444947114155	0.16067311893421102
g744	541.6915610277337	-0.5007963924733155	0.14390870804881067	-3.47995892162034	0.000501490668064295	0.004475478184261734
g745	1585.2569053371233	0.1655752809023456	0.10990161643436847	1.5065773031757417	0.13191903874810845	0.2788322347559403
g746	439.1971748346596	0.004252163544274964	0.15437509873700966	0.02754436161701743	0.9780255578021319	0.9884997270958628
g747	543.1890154382625	-0.01359893570499285	0.1448212939806194	-0.09390149287585232	0.9251874079360423	0.9613494260827304
g748	759.7616994522301	0.22802157417898083	0.1428292114776417	1.596463159181377	0.11038542467852355	0.24598877105160943
g749	1352.692615208905	-0.4455530528690924	0.12547324325198558	-3.550980602089773	0.00038379870282002996	0.0036226529323193125
g75	1489.1606678852706	-0.28404313589489355	0.1109040545770108	-2.5611609690758104	0.01043230074892349	0.046661060814201634
g750	264.1695100684936	0.06921358722721149	0.19703895514029945	0.3512685457448184	0.7253868901259626	0.8417465345639633
g751	561.0620916310207	0.2419403998480223	0.13835867613035252	1.7486463922225002	0.0803521618177562	0.19748008519663388
g752	747.1413497801528	-0.12338418479282955	0.14416008604145242	-0.855883123969218	0.3920624305037259	0.5815427620912168
g753	779.0660005382944	-0.1769868656217281	0.1573532888701624	-1.124773856921199	0.2606848753377963	0.4506583535620771
g754	463.8801933630991	0.21222787522702402	0.15261908843035965	1.3905722895459698	0.16435516410721707	0.3250082475142716
g755	271.27004300840434	-0.2516338700121087	0.1841123003094755	-1.3667412203809073	0.17170643267214192	0.3344642844877893
g756	185.51564695293646	0.2945904404802313	0.24719764131800745	1.1917202725298475	0.233370946344586	0.41791998218729226
g757	117.19433021749943	-0.007101015280624166	0.2682440132786374	-0.02647222278637777	0.978880688837565	0.989099197098985
g758	1136.4937497153303	0.3226053703611232	0.15619876647541883	2.065351587855798	0.03888974570574694	0.11955113195374162
g759	695.8809751512244	-0.27462155801246235	0.14457510782432628	-1.8995078900176647	0.05749773022533066	0.15797229374135607
g76	1293.758387859339	-0.3827444341238133	0.12213895995234705	-3.133680148194666	0.0017262891576310501	0.012112902546574749
g760	156.2578825538969	0.5519316117482809	0.3461847776648175	1.5943266352475824	0.11086289497879122	0.24641307139432012
g761	185.63172463306958	0.2031228520599653	0.19809483627343236	1.0253818619461272	0.3051830431186102	0.49444892179088135
g762	871.1554162566185	-0.10843540623070431	0.11380740539233304	-0.9527974551119095	0.3406927039764098	0.5297404312003331
g763	1977.8858291478093	-0.29936924571801576	0.10246013307743557	-2.9218119938587583	0.003480015360153829	0.020494630241155543
g764	633.9589399850124	0.11882504348476378	0.13423402548306887	0.8852080763960353	0.37604441718109316	0.5655862183214361
g765	1918.8584589207721	-0.0996420365294206	0.11226704527525852	-0.8875448381590191	0.37478563705820755	0.5647420728283937
g766	753.0317474096936	0.8434402192647649	0.1832080101397137	4.603730036812041	4.149903399685117e-06	9.26975463539131e-05
g768	186.5548995316548	0.20675148910041946	0.29453192019988894	0.7019663232430092	0.4827001656301829	0.6643066442777763
g769	1199.676973564456	0.3230176578138748	0.1363562642767331	2.368924226013666	0.017839908007777554	0.06884457733293503
g77	69.0635692543877	0.6327186133158315	0.3140304841837303	2.014831824243043	0.043922273314650366	0.13024868952302054
g770	3531.4953800365624	0.015588221719374731	0.09871862764292011	0.15790557558964088	0.874531204503106	0.9340552785415166
g771	843.4414699056665	0.04897704418855406	0.13479702923483813	0.3633391957268447	0.716351517115675	0.8367038914330672
g772	1948.9836166986079	-0.004727530177359836	0.10046830735645879	-0.04705494002787057	0.9624694401766168	0.9801478198000476
g773	1948.9836166986079	-0.004727530177359836	0.10046830735645879	-0.04705494002787057	0.9624694401766168	0.9801478198000476
g774	169.84656914979868	0.5177775282547488	0.21542658035903242	2.403498804055724	0.016239020131619455	0.06415037702535309
g775	631.1506331838998	-0.14262820631271134	0.1295118052381708	-1.1012757180738824	0.2707766759411203	0.46064982049469544
g776	1688.7497188469167	0.2646888018801026	0.1247879676813184	2.1211083632362757	0.033912684318348034	0.10917247262167369
g777	277.886850221388	0.5217609240608536	0.24943762882916598	2.091749053701098	0.03646096990783799	0.11446789984423096
g778	585.2726073487785	0.3611611024327352	0.16102284660942132	2.2429183810715463	0.024902078218388947	0.08736556252269356
g779	876.0407615602049	-0.2087371995584379	0.1419779878946191	-1.4702081826470859	0.14150537922931525	0.2921922809271632
g78	774.0316601895505	0.6960307065450759	0.2225152061840113	3.1280141185923536	0.0017599172715292485	0.012303125370412801
g780	999.005863124073	0.22776930152056082	0.13941152353685882	1.6337910650574106	0.1023027290884374	0.23432407772951583
g781	584.6189173331873	0.4869032577173196	0.12913379136063027	3.7705332786021217	0.00016289907717287165	0.0018691307487160806
g782	2773.7592194213576	0.5323715059046198	0.16110049808776258	3.304592550760459	0.0009511456600655141	0.007607150141413804
g783	352.4879730560934	-0.0910753108643902	0.17734022396381993	-0.5135626245908596	0.6075578162375413	0.7586936011567048
g784	498.849253997252	0.034937482751237946	0.1606258268745271	0.21750850053851778	0.8278120830984683	0.9044556428961975
g785	652.5619197164071	-0.12954611946130248	0.1335387526924995	-0.9701013140328569	0.3319959940913787	0.5202510907824635
g786	946.2159590438756	-0.37634941511963294	0.12131056718309502	-3.102362999849846	0.0019198238646218949	0.013176972888995733
g787	260.68193212695263	0.22287913753556765	0.19142067018239153	1.1643420604640111	0.2442854177338215	0.4308036934763228
g788	4607.00827714847	-0.11763043031606935	0.0803377801019475	-1.4641981663769896	0.14313981109339688	0.29447018358450855
g789	5869.74164376	0.27663172228300625	0.14627318584793247	1.8911991331794482	0.05859776702843635	0.15941272542959822
g79	52044.49421581611	-0.2986740197497769	0.16236365047171378	-1.839537475796102	0.06583617107423176	0.17343443531418345
g790	941.4737468064628	0.29218026372452377	0.1508518109869252	1.9368694469955547	0.05276130407357806	0.1489707725338498
g791	1603.226223387377	-0.8475875915053914	0.11376167660436783	-7.450554675394515	9.294860968165977e-14	2.1930062596766602e-11
g792	153.0843742248902	-0.4519706970027396	0.2506209157871866	-1.8034037405981236	0.07132483059516688	0.18277178510797
g793	1070.845695707593	-0.010253234945974321	0.10613691762294511	-0.09660385072043713	0.9230409983680937	0.9600251990860245
g794	11642.881211253776	-0.12395619233584003	0.08312443311472081	-1.4912124833954286	0.1359057172396524	0.28439250697321944
g795	10982.929499115946	-0.1357893400500428	0.08517971848190893	-1.5941510780982764	0.110902200873894	0.24641307139432012
g796	1029.0792100266024	0.08951034176663805	0.14668253785265173	0.6102317499889091	0.5417083004211797	0.7127740795015522
g797	792.2523362224428	0.03678760376809159	0.11263475958870109	0.32660968871799256	0.7439631145654213	0.8513598980680703
g798	362.30596784927366	-0.5130515519678975	0.25354245273957027	-2.023533126008234	0.0430182118569162	0.12898629845898224
g799	1119.507811584952	0.05644395976252395	0.11811787919103382	0.47786127002192685	0.6327489489002462	0.7765368277303087
g8	184.13311884996577	0.7283127354350718	0.24840234926368396	2.931988113614633	0.003367996372777027	0.020063910692161475
g80	3287.0328288964774	0.01618473162517143	0.10564614629761564	0.15319755800251758	0.8782424833732335	0.9368085263447179
g800	1696.1362316683699	-0.18700978929659592	0.12422773961081415	-1.5053786689065423	0.1322267500323974	0.279170011953188
g801	1322.4174348638655	-0.44104398521264665	0.12195758172216896	-3.6163720121754057	0.00029876093081406387	0.002999527962295455
g802	196.53495432630078	-0.15823316587760372	0.21411185784429365	-0.7390210307393343	0.45989422701646654	0.6427766786988632
g803	3632.504006483337	-0.004273067688375471	0.08740749951279134	-0.04888673983575225	0.9610095563054936	0.9801478198000476
g804	6208.956679737273	0.00501905195077639	0.10316153483863026	0.04865235825181748	0.9611963434863361	0.9801478198000476
g805	183.48200400881333	0.17583701107787714	0.23144753773485208	0.7597272919762803	0.4474176115731434	0.632821837275615
g806	695.2124582256214	-0.02353932517211978	0.1411904508241547	-0.16672037687192295	0.8675900715115618	0.9300234132910513
g807	2865.7113211978067	-0.291995538753083	0.11491801305687246	-2.540903127245818	0.011056654935951038	0.04887455782577889
g808	174.20361245642218	-0.13170543293682394	0.2293074898295708	-0.5743616705878728	0.565723084712769	0.7306208158709212
g809	1228.8397932792186	0.08094825449742994	0.11003221999560403	0.7356777360364443	0.4619268420075362	0.6439342055311851
g81	2317.9446229408773	-0.11098853762963308	0.11680231957730586	-0.9502254581183646	0.3419977055318678	0.5306376236674069
g810	919.8448422621226	0.04679646900731997	0.10991615562093222	0.4257469590612951	0.670292240203342	0.8032867323071796
g811	336.701738753704	0.07083259491944795	0.1717603633040359	0.4123919719130192	0.6800521464722995	0.8098412785277384
g812	2181.826128551938	-0.15097069925358347	0.09122557914982618	-1.6549163147063577	0.0979414743843319	0.2264109404781708
g813	2955.174422033058	-0.19111768958385453	0.10513859795566684	-1.817769052469598	0.06909943857439471	0.1792786121088248
g814	196.8088380966527	-0.4576096196847688	0.21483562634021414	-2.1300453164136623	0.03316787226721391	0.10747529425642276
g815	503.21519761250573	-0.4369038779000227	0.14401769257587616	-3.0336819739688483	0.0024158895943634357	0.015405377058651977
g816	656.9532215829245	-0.1269332188859362	0.12410690542826446	-1.0227732167514676	0.30641508426418174	0.4949577804830963
g817	122.06539641274325	0.10826504754568474	0.29836925221921085	0.3628559134040487	0.7167125213630967	0.8368666155724374
g818	14292.47634157894	-0.9080904644631372	0.11486998171034943	-7.905376591361651	2.671247929432608e-15	8.403300778006746e-13
g819	653.2025463249017	0.03544578490459193	0.14373318056464232	0.2466082275877184	0.8052114364878467	0.8908772487519405
g82	39.697854438739945	0.706361934768467	0.417572339166637	1.6915917758781076	0.09072383564903325	0.2149405397071726
g820	3278.0507224652933	-0.14005730061146085	0.09296058885710029	-1.5066309533253708	0.13190527876085803	0.2788322347559403
g821	1081.3270136819344	0.012912567920807881	0.11299927541682372	0.11427124530822799	0.9090227760817922	0.9532113832524349
g822	700.229486397922	-0.14582651092345245	0.13747693486490123	-1.060734377492169	0.28881063220495806	0.4760961295081732
g823	755.8766185234945	-0.29794805964687154	0.1273401373538918	-2.3397812020481976	0.019295040010809603	0.0724483966544923
g824	57.33939331555823	1.2309514260051508	0.34686008327811313	3.5488414070931635	0.00038693004478883975	0.0036425459328625186
g825	438.79201384722506	0.2868139345247631	0.15992468406218352	1.793431303032878	0.0729039860128355	0.18560928774693808
g826	585.980296949274	0.9524061624823934	0.1462935883627626	6.5102385766949835	7.503154114857909e-11	8.583153570784427e-09
g827	1835.217123598719	0.08271418920671969	0.11562858866269325	0.7153437585233351	0.47439665572788803	0.6567097086075459
g828	656.1976153094755	-0.2513792307263611	0.12443529056215938	-2.020160274394097	0.04336676541959336	0.12921037052799125
g829	263.9567659429186	0.09180678594449483	0.1740489900149943	0.5274766945593059	0.5978625963943729	0.7515638002133758
g83	662.8395555306287	0.009974304782665932	0.2091687686207451	0.04768544007997135	0.9619669380352178	0.9801478198000476
g830	909.0320786261642	-0.054417502162551756	0.16876071292709866	-0.32245361623981206	0.7471090715113732	0.8525765257253743
g831	391.4581682008417	0.05193746077409719	0.1536989859630209	0.3379167432281762	0.7354259297211811	0.8471670878420974
g832	447.9538395158022	0.061846875890723234	0.1618970797004041	0.3820135360389015	0.7024513244072682	0.8266065304356102
g833	2210.0593055489176	-0.3572567147191912	0.10777795798922529	-3.314747480694584	0.0009172594487990908	0.007378317637005657
g834	928.5462709070501	-0.20546326400033854	0.12526568080438302	-1.6402199124370975	0.10095945051735894	0.23210835913704628
g835	4210.434477288833	0.10850558196032646	0.09214756746727215	1.1775197646846636	0.2389881134867371	0.4247766053736423
g836	2134.973702192236	0.24998539864548944	0.13219162905056223	1.8910834251832394	0.058613208714246974	0.15941272542959822
g837	1350.2580660512556	0.3395272158741849	0.10032723493078469	3.384197881147858	0.00071386534014919	0.006001874519071698
g838	2625.966012319109	0.008848973672008592	0.08757367176783544	0.10104605063800344	0.9195139041001955	0.9588853557950934
g839	4998.298347305953	0.048943929460501	0.0872632024238115	0.5608770719047744	0.574881341308461	0.7374030117021544
g84	240.90053981692384	-0.2925033070151691	0.18004691553207716	-1.6245949348854944	0.10424889711177864	0.23778826984710835
g840	547.6120148397998	0.2064392680011456	0.15454136419899744	1.3358188538786357	0.18160848894211068	0.34736329016993445
g841	1421.988360559254	0.5055417187619212	0.10369001374344837	4.8755101914900045	1.0852759285790723e-06	3.012438698813234e-05
g842	14085.158470366703	0.021704369305736295	0.09137791403951985	0.2375231425872713	0.8122509676364915	0.8955161807324051
g843	610.1030702290932	-0.4858657299184054	0.13156059334765272	-3.6930946992196287	0.0002215414758832474	0.0023691758398279293
g844	355.99076366823874	-0.0753261703509336	0.1611274546474477	-0.4674943231477826	0.6401462526814223	0.7820523597878161
g845	1149.862090324921	-1.1425045564214118	0.12915188937884847	-8.84620861464937	9.054292594556285e-19	1.1393318181483324e-15
g846	538.992309591262	-0.1470189526867114	0.17080823662420372	-0.860725194477411	0.3893894135079431	0.5795688413645512
g847	587.5451764298449	0.11293064460854386	0.1785064778037313	0.632641716972936	0.5269676382261613	0.6982459930866125
g848	3418.6561658906007	0.5597785908911953	0.11215405121729174	4.991158008252933	6.001837376460782e-07	1.8271722658176977e-05
g849	540.0183232754335	0.08749293366940357	0.16894157904750412	0.5178886936104802	0.6045359310248177	0.7556699137810221
g85	246.07990902825847	-0.2982304143053724	0.19883275588100885	-1.4999058529563807	0.13363879165721948	0.2810509406718683
g850	2372.0899816531523	0.49578396759378435	0.1297988963196378	3.819631612066143	0.00013365113215318294	0.001588966101795697
g851	1072.8753762443607	0.32480058966851	0.13880449292950758	2.3399861403150783	0.019284455521524704	0.0724483966544923
g852	2199.2198238042743	0.492702348760348	0.1250424034214479	3.9402821385296347	8.138583367162866e-05	0.0010780053407382392
g853	2097.569699859088	-0.16060626545726012	0.11825984696169912	-1.3580794291850873	0.17443848177285048	0.33752192142107157
g854	898.2455235225638	-0.19731969945795497	0.1306574732337127	-1.5102059956800222	0.13099086927899573	0.27795982660382734
g855	311.28263406409377	0.11168318151597886	0.16952857206780622	0.6587867764928087	0.5100326999602747	0.6844555429612645
g856	422.19065753496176	0.5258317226828297	0.16732400471047715	3.1425958492487855	0.0016745687690387927	0.011815882435741014
g857	2477.1985770109577	0.2433060199471015	0.11508652398453735	2.114113899032968	0.034505540347439426	0.1102017045783281
g858	3128.549875538345	-0.4463071045781533	0.08948992692710618	-4.987232864115442	6.125022360268511e-07	1.8497567528010904e-05
g859	2161.690978883606	-0.4987794349991113	0.09244557928064151	-5.395384385930911	6.837700977437132e-08	2.933218317025588e-06
g86	344.23251003798737	0.06176173232402762	0.16034231480256023	0.3851867325233442	0.7000990723474434	0.8246890863988902
g860	2674.9039249336706	-0.6056046052535823	0.09388813367433609	-6.450278448969975	1.1164483322689172e-10	1.1367825433369591e-08
g861	578.3965179609368	-0.025461372692455856	0.13159756206407097	-0.1934790606535664	0.8465838034019876	0.9165052646522807
g862	85.26973154191582	-0.34311653990368124	0.31562561604173633	-1.087099786787615	0.2769927120791744	0.4668069143298587
g863	789.7371102611038	0.03097101060522308	0.1363034524589522	0.22722102812876296	0.8202518772130837	0.9017037962956875
g864	2121.5520659865747	0.3777391423247757	0.11287824116506294	3.3464300863122425	0.0008185931946545116	0.006717802847436482
g865	287.0335475460591	-0.17006880210699174	0.1737555208721164	-0.978782148926145	0.3276876317927633	0.515793730823236
g866	650.4176573049668	0.0005903574807806839	0.12243619732112977	0.004821756095807798	0.9961528101626358	0.9982405891554574
g867	581.9149540921205	0.03228453353362268	0.15730887422277592	0.2052302115384942	0.8373922663937867	0.910484250215719
g868	773.3146877329137	0.04217589091220233	0.12017802641748951	0.3509451117601684	0.7256295269242701	0.8417465345639633
g869	1076.0090324279197	-0.11668766908824955	0.10719361378455736	-1.088569225054524	0.27634389411994453	0.46654660120876146
g87	782.7675459252391	-0.23924624407371206	0.1309447459277648	-1.8270778440067488	0.067688065988444	0.17683214471029488
g870	670.8733747328009	0.29532479063351985	0.14097706446163077	2.094842815470153	0.03618496763747217	0.11411717028526103
g871	3098.652927551586	-0.17359602931554322	0.09451290061594608	-1.8367442770691385	0.06624765550951078	0.17404947222555844
g872	4517.351377904726	-0.06330627632628436	0.08552898093343778	-0.7401733966122191	0.45919478773199185	0.6425527865729495
g873	107.99361154899559	-0.198279279697884	0.2957333423361436	-0.6704664348347674	0.5025604964486152	0.6782973248026551
g874	620.2108788098658	-0.2772818231610243	0.15283100803042343	-1.8143034370736268	0.06963102270565943	0.18005082488990634
g875	607.762422488937	-0.35419372005674055	0.1353926085251701	-2.6160491618779496	0.008895374894744257	0.04149697615123363
g876	469.7309615172488	0.07561204567777903	0.16248082997213262	0.46535979469545663	0.6416738210278357	0.7831260634112772
g877	362.5980910613484	-0.06939060729582391	0.17064881044350697	-0.40662813362414596	0.6842811308989378	0.812436982090688
g878	6388.371218722535	-0.30223319017807326	0.09676051985436465	-3.123517635425769	0.0017870315570111396	0.012469582491159061
g879	3752.2295093266493	0.2804122227075377	0.1339707271746248	2.0930857704611316	0.03634149871323831	0.11444972860155217
g88	409.8018858148762	-0.06176217438973158	0.16926714830852854	-0.3648798659805843	0.7152010842945337	0.836136293964653
g880	3785.3221713331855	-0.6356671334811781	0.10423475334594558	-6.098418359291907	1.071230842830881e-09	7.776723907089568e-08
g881	303.6785122651436	0.6754695558267884	0.1710726663273353	3.9484364763119184	7.866328319732802e-05	0.0010493070461834392
g882	811.6517721284678	0.15939815537288787	0.11689045439815705	1.363654168285969	0.1726764350452311	0.33504919495886265
g883	413.5141777737276	0.17704270945028097	0.1852764261588177	0.9555598255037646	0.33929466667023767	0.5286163296244933
g884	252.50922473601062	0.12109193620131198	0.17075788322482563	0.7091440460284825	0.47823509210144244	0.6593275629451757
g885	1779.0502476309875	0.4715070543566168	0.1302753245863019	3.6193120673766828	0.00029538724410619065	0.0029735649240023193
g886	2646.7936820889668	-0.13780510544529714	0.12689574694149466	-1.0859710334407997	0.2774918079124751	0.4672630361764632
g887	1653.4939734743848	-0.3347512324089386	0.1012571340936881	-3.3059520734530192	0.0009465427632910385	0.00758640962085705
g888	190.94342418778612	0.0958344169664104	0.253651717557044	0.37781891599002515	0.7055651205736365	0.8287483647780785
g889	554.1958936180546	0.11390506124966907	0.18002739761523556	0.6327095917539908	0.5269233050205783	0.6982459930866125
g89	1709.6752619682793	-0.5953767238165885	0.11412404912556377	-5.2169260412547365	1.81916853264021e-07	6.603231933381531e-06
g890	6888.560228500832	-0.25858427260519345	0.09957798776224082	-2.5968015463679266	0.00940962718003039	0.04321331217106414
g891	1527.284403430124	0.053486373420496565	0.10882419170091172	0.49149341322466683	0.6230775096466319	0.7701760310792518
g892	892.842645930302	-0.023564456439461985	0.11271059039507736	-0.20907047294192121	0.8343932245112	0.9095681266329136
g893	430.6564028371218	0.1645455327737098	0.14842711023361807	1.1085948686511649	0.26760499275978455	0.4579369209737927
g894	521.9237419568468	0.0389931590588555	0.13868507336372224	0.2811633444977178	0.7785851179005564	0.8731903802954843
g895	138.966423098826	0.8937768378173645	0.3781835923608681	2.3633411281484418	0.018110990119823325	0.06957962458856748
g896	369.0155541304394	0.4307212919288596	0.17630353318360292	2.4430667051936243	0.014563045278778353	0.05930474210074248
g897	318.0101594035988	0.37502571009773766	0.17648306065606828	2.1249955021382534	0.033586988209138455	0.10827573056319185
g898	2476.005083879422	-0.06484796424753021	0.10186122681410338	-0.6366305048129616	0.5243655503812514	0.6967546471978966
g899	864.8777590264455	-0.32099315165939296	0.11634182397530997	-2.7590520819710895	0.005796929535467842	0.029813908714429297
g9	100.20323301489424	0.08212768265571693	0.2631391439374374	0.31210743269440433	0.7549588780186616	0.8578612982079323
g90	714.4064295556736	0.24712746984896575	0.12108717969445999	2.0409053251759928	0.04126023841315635	0.12537566484038695
g900	825.4536352833896	0.5368862405012601	0.1735511099075379	3.0935338920465263	0.0019778796016049235	0.013354364750740364
g901	122.53356880820597	0.7826249634993748	0.3449633569013694	2.2687191199937793	0.02328541212459003	0.08303833651987533
g902	1398.3648900460855	-0.1982147708224892	0.10613971808123775	-1.8674891398409275	0.06183331201283073	0.16531214790965723
g903	3368.207477647063	0.35559774094399876	0.0997169253969202	3.5660720537516846	0.00036237177893514165	0.0035256532615468034
g904	629.5389427439342	-0.4734869236415899	0.13742608939482437	-3.445393270860416	0.0005702291036547789	0.004971396919854019
g905	1191.2786617500772	-0.2581546579306882	0.11601035699370513	-2.2252725068736408	0.026062949932788265	0.08983569581263061
g906	1221.197280604405	0.1725673341126854	0.11940520910597312	1.4452245040627203	0.14839483565753092	0.30306905389710076
g907	279.59446856312735	0.09183667619710822	0.17471178431094286	0.5256467190196061	0.5991336898662011	0.7521548650631557
g908	3539.8188292193645	-0.03034568839266429	0.0943197672003528	-0.32173201115100697	0.7476557247992364	0.8526889308510929
g909	1778.7309771574744	-0.24192629537393986	0.13948347048935025	-1.7344441927433347	0.08283929962773591	0.20175377812561487
g91	581.3952669574661	0.03431585638858175	0.15067269631231964	0.22775099423090325	0.8198398263730438	0.9017023350782075
g910	487.6186082949248	-0.06758766213847976	0.13697553473072863	-0.4934287153639954	0.6217096967506961	0.7697455248389236
g911	1953.8694115405215	0.00327077354164044	0.10079113865149411	0.03245100298896122	0.9741123893795722	0.985922100707724
g912	428.4941777167983	0.2875003498582942	0.17125539483508062	1.6787812736361254	0.0931946795149985	0.21871616113084363
g913	4290.117562312407	-0.2735478515477928	0.08930540573777486	-3.063060396937272	0.002190858370882927	0.01422180221672767
g914	521.1347291841018	-0.08199273791793112	0.2000976838080702	-0.4097635532681976	0.6819794046013675	0.8111128709420802
g915	1107.7716288562165	-0.08382219463762218	0.1403912756068429	-0.5970612794513034	0.5504664683207148	0.7197820983410802
g916	4411.450104008462	-0.24886449243931016	0.0891542930751381	-2.7913910127644703	0.005248202891258984	0.0275548900062624
g917	257.01449713483163	0.18186738269337602	0.1703878576370161	1.0673729056492698	0.28580347828508434	0.47401533088906117
g918	1441.3610038631293	-0.22932465602649743	0.11565332155043166	-1.9828626878346798	0.047382769438076434	0.13841436781384434
g919	4283.561458656169	0.032353312286637376	0.124569469705897	0.2597210405007111	0.7950789614764329	0.8838112719592267
g92	593.9838207954151	-0.20836435009879387	0.14168568597559697	-1.4706097420079627	0.14139668781920964	0.2921922809271632
g920	136.6052814474676	0.5774542493614676	0.2862069941577314	2.01761054463689	0.04363183781718877	0.12959102105419953
g921	907.4093406221205	0.24414955746308536	0.13680726780788302	1.7846241751274645	0.07432229742373002	0.18804736781138123
g922	688.3721859459491	0.5799552212045225	0.13152751544680497	4.409383232355513	1.036654351939199e-05	0.00020382136346721227
g923	308.8240344114558	0.12343652663498003	0.15302449411545513	0.806645546181964	0.4198707250799486	0.6068896550095481
g924	1328.0196768519365	0.1491262491622673	0.11406768661277564	1.3073487644972113	0.19109428964978847	0.36105152323721296
g925	585.4851405384485	-0.34371213820272384	0.13746991059029443	-2.5002717811252464	0.012409806165291854	0.05275565120943327
g926	581.0301734336989	-0.03903998982735693	0.1292494641192988	-0.3020514637594362	0.7626128315785803	0.863008523364896
g927	423.21586327107724	-0.3163208692380305	0.15290523537460146	-2.068737989664502	0.038570680223553595	0.11910342673441092
g928	705.6977816762234	-0.12014252332283226	0.14413390561970507	-0.8335479622666045	0.4045357598594065	0.5930572790171882
g929	309.68891684152527	0.1944505858838632	0.2467361527965559	0.7880911803151753	0.4306433737118337	0.617659094134564
g93	490.2638939633421	0.2871594550563037	0.19909010981930908	1.442359217727716	0.14920106247657336	0.3041220360956071
g930	4703.648231191116	0.04786680290341444	0.08202191962111077	0.5835854991510648	0.5594992185604166	0.7260755224938642
g931	730.0992029047826	0.2366054053548037	0.16800751901534655	1.4083024780170172	0.15904152221639234	0.31766229966501647
g932	949.3645159651284	-0.10391824351325109	0.12269169436517809	-0.8469867830168689	0.3970024884617659	0.5856876253341291
g933	566.3398260913785	-0.09239773203509792	0.16515406457719575	-0.5594638695186923	0.5758451826677669	0.737842827968788
g934	1032.7050330130999	-0.08610695668908454	0.1483181608008001	-0.5805557203795912	0.5615399226723748	0.7272086477146535
g935	833.4495924766167	0.12547882764646814	0.11676581941538548	1.074619510013344	0.28254511331694887	0.47174161997854136
g936	1803.0452460762924	-0.18775599092676318	0.10684031221005448	-1.7573515749151276	0.0788579019167924	0.1950777062489458
g937	218.5558406197349	0.49894261781059074	0.21581064030417535	2.3119463299277254	0.020780641138173444	0.07618057123749135
g938	1074.6662396829424	-0.3108492012674913	0.10611288995144247	-2.9294198038498127	0.0033959543108414807	0.020093616807878665
g939	1228.2581444892294	0.07603368020495858	0.1710258764262106	0.4445741299139809	0.6566275464273956	0.7944772396677623
g94	511.0604270208184	-0.11218010075280718	0.139357275416535	-0.8049820177490123	0.4208300567537313	0.6077404224350941
g940	2578.803561997227	-0.04615592950837524	0.09005008802669442	-0.5125584052143601	0.6082602554374529	0.7593195979749949
g941	2120.7861806064916	-0.20429068716489612	0.12327536480588659	-1.6571898812595598	0.09748109166722484	0.22603877213991017
g942	996.3050451055593	-0.09452851919426217	0.11037391571010298	-0.856438938367841	0.3917550343830083	0.58131888946378
g943	1717.7156857240095	-0.07328077539912173	0.0921221728368025	-0.7954738055184724	0.426337942337227	0.6128810861854653
g944	78.18794370331699	0.5707768818458192	0.3027135500734164	1.8855346307008392	0.05935769350202432	0.16074267788388938
g945	3013.5129899595736	-0.1739789500058133	0.12417968692009425	-1.4010258386121017	0.16120634657561594	0.3206290612871181
g946	293.8426884516651	0.058620987032840244	0.16537743100175709	0.35446787797917484	0.7229882729424493	0.8415889545234954
g947	2292.17605332773	0.12847236101996395	0.12178201231653506	1.0549370845181913	0.29145410016700724	0.47898965090572587
g948	429.6261414931537	-0.03190180762622461	0.1481083000919944	-0.21539513725030576	0.8294592609474155	0.9054970243136188
g949	195.40750302727795	0.2457971943279106	0.2257467622380185	1.088818248780692	0.27623404258199624	0.46654660120876146
g95	153.21016913667063	-0.2631013727194492	0.2628366486706336	-1.0010071808865109	0.31682333674354124	0.5044681942684521
g950	346.2786389250712	0.2054329403522884	0.18396158842415153	1.1167164956122873	0.2641155625236984	0.45423063714212364
g951	188.56137864583988	0.1634714008377942	0.2603807329788158	0.6278168087463445	0.5301239535641348	0.7011975909967094
g952	233.79260929392072	0.23411911488107612	0.23790569712037943	0.9840836840599605	0.32507436849505034	0.5125963830696805
g953	473.57690982890796	-0.34055437319867965	0.1308538062682981	-2.6025561113630795	0.00925316719086428	0.04275484228336923
g954	583.7145822787161	1.0564163604337542	0.21332906260329776	4.952050824871639	7.343541720354858e-07	2.1489821701038443e-05
g955	1263.19431593239	0.3528277786472015	0.11125352943150942	3.1713850378509703	0.0015171390489722486	0.01101025405921076
g956	4620.102503130018	0.44052758189166513	0.09847559249494864	4.473469727173891	7.69604581856491e-06	0.00015621892539563308
g957	585.2870060685025	-0.15467814041327577	0.15217110059940028	-1.0164751375524017	0.3094031811132335	0.49723159161449826
g958	1449.6040833562083	-0.059267536238655966	0.11028849442518938	-0.5373863932729462	0.5910007402049067	0.7479141113890455
g959	324.8999595625684	-0.05357989333586729	0.19416391624427956	-0.27595185744223394	0.7825850431501497	0.8745038396444287
g96	95.29881321279112	0.3938011302933964	0.4080597249571864	0.9650575790951043	0.33451597280306766	0.5237651585780093
g960	1617.5242681615898	-0.16474951623727305	0.12661331303455006	-1.301202158672812	0.19318926658155744	0.3635540784373775
g961	494.1640162491776	-0.16725902633273157	0.14851405358837771	-1.126216827912512	0.260073752340921	0.45046294470559656
g962	1661.8421114330522	0.15731047981132298	0.1176388901160517	1.337231927776052	0.181146943122934	0.34677887212494457
g963	3177.9417501529474	-0.2941335741261254	0.11536863472405988	-2.549510747263654	0.010787418612284846	0.04785253262206262
g964	129.75616451166434	0.5358688667157983	0.23625241364424765	2.2682048341851755	0.023316724956574265	0.08303833651987533
g965	239.05874957149618	0.10474666803447785	0.1991832384818275	0.5258809367337123	0.5989709348781258	0.7521548650631557
g966	451.59481677734146	-0.28750510482662045	0.14244048267782128	-2.0184227083596262	0.043547256354266685	0.12947844293405433
g967	301.76875338280587	0.4689893623793658	0.18702466650480004	2.50763373165715	0.01215425796588057	0.05178591853408482
g968	67.11621587442721	0.29740028856115464	0.3164110822528142	0.9399174214875639	0.3472599203571919	0.5359387568881436
g969	773.3264045931619	-0.1699131052400911	0.13702344126940996	-1.2400294698920518	0.2149644941849208	0.3950783668685862
g97	323.9266213512912	0.0794164416371114	0.18535514262332045	0.4284555611089887	0.6683194807379409	0.8024510304661981
g970	1465.1554679104322	0.29067251431448227	0.14377917613459115	2.0216593398920635	0.04321155714788598	0.12921037052799125
g971	1625.3654188005405	-0.06191345528777966	0.11148947546677702	-0.5553300437423744	0.5786689326688973	0.7399983810383087
g972	2220.4278044416733	-0.1986435246022014	0.1273879699314354	-1.559358585501584	0.11891153264255058	0.25872682174387807
g973	728.4547214581034	-0.16286638309008622	0.13336745997293187	-1.2211853110431994	0.2220158645345286	0.40468850247119525
g974	3378.763349230721	-0.23569844248483843	0.09551908696386532	-2.4675533443279525	0.013603994985980724	0.05639642580257992
g975	506.0810712160337	0.2684849976353961	0.15597253628409846	1.7213607217770708	0.0851853870967966	0.2060056606600943
g976	2073.289499000592	0.23998948243359633	0.10914641019793564	2.198784934826335	0.027893218216132828	0.09395719422133536
g977	122.15703708961446	0.584962152605268	0.26535726278979077	2.204432418601861	0.027493947867640686	0.09321165558729085
g978	516.3320636962909	-0.21468314386740275	0.16985430925690034	-1.2639252121811049	0.20625687150463845	0.38317898126476874
g979	388.21462778785826	0.29372516751308464	0.16733112394391791	1.755352863174029	0.07919896946909188	0.19545199341573624
g98	1609.082009869537	0.17929283072125182	0.12550773541532734	1.4285400826326766	0.15313646617951232	0.3093176693227002
g980	633.4833662009839	0.03981869441825171	0.1368593567457293	0.29094608775803893	0.7710925522867242	0.8683992794995179
g981	1700.4448981062878	-0.41618622556430507	0.10228162725851861	-4.069022332939493	4.7210822402598337e-05	0.0007128834182792349
g982	1625.0430587526182	0.14481183213623608	0.09443153047281588	1.5335114385117716	0.12514989049099853	0.268890629825566
g983	3561.2194274921417	0.5043269482252225	0.11714984257863516	4.304973332650449	1.6700585195829413e-05	0.0003045638121461644
g984	2695.7607358856376	-0.13427550553167414	0.11049348942912404	-1.2152345466273382	0.2242766477996826	0.40802137129821775
g985	158.06503542770724	-0.30668616001023263	0.22428136758183007	-1.367417023165497	0.17149462952417016	0.33422417473089433
g986	73.59174583980437	1.1340941148352526	0.3238609397655181	3.50179344151956	0.0004621377526976736	0.004183621142526901
g987	8401.049157418714	-0.49148743109667237	0.08945248043705913	-5.494396898725403	3.920478836391924e-08	1.8048545862657944e-06
g988	1790.3012280546689	-0.040789587855072126	0.10737670148078764	-0.37987372765748817	0.7040391503398362	0.8276694479279684
g989	4105.877565238773	-0.06638444115771533	0.0933692257700055	-0.7109884505333561	0.47709139280869817	0.6589455921768186
g99	600.7734944396688	-0.21280820430749836	0.15203098558168338	-1.399768629357208	0.16158261476944447	0.3208702634164402
g990	710.4837082085995	-0.04211326421947763	0.1523309949510242	-0.27645893229422824	0.7821955981857915	0.8745038396444287
g991	763.085904219874	-0.19720745235446852	0.1386696253724135	-1.42213878363661	0.15498596574384366	0.31187207925533567
g992	1443.2066650729223	0.1180141269187894	0.12753631329958753	0.9253374499039331	0.35479040427243835	0.5448537397202659
g993	855.8235683769635	-0.26390726948855087	0.1273793311952702	-2.0718217548495823	0.03828206708607231	0.11864926375198931
g994	1184.1280878405094	-0.13229382066480908	0.11306915340543089	-1.17002574690238	0.24199060774721182	0.4286342987987229
g995	787.8954381638611	-0.13234882781192683	0.11599532853732825	-1.1409841196262995	0.25387653152525935	0.4420589974667224
g996	255.81673750258713	0.42850438939445595	0.16580362336330398	2.584409078054524	0.009754601998173414	0.04441932755501162
g997	241.00301984854642	0.12375786519327721	0.18175543574043324	0.6809032406052332	0.4959327174471716	0.6734338159579398
g998	244.02833286617079	0.13878867510942391	0.18072241814215925	0.7679660140461958	0.44250737629929937	0.6292297575872755
g999	39.88209204983835	0.9447981846492264	0.42482007651123715	2.2239960794890425	0.026148708020159884	0.08983569581263061
