	Merozoite_1	Merozoite_2	Merozoite_3	IntraEri_1	IntraEri_2	IntraEri_3
g1	2568.341726805034	1260.601720770183	1455.6161426255876	2328.9893532525034	2223.5495921061283	2425.6381253624504
g10	138.93656945622286	111.08750796059083	153.3559427035998	69.49243594530061	57.51976032794863	69.09933057408193
g100	192.5263891036231	130.4070745624327	218.6460965279047	232.30328587429065	179.1329678784686	193.55554782656003
g1000	158.78465080711183	157.7764605817087	215.60934518723934	174.7238389481844	147.90795512901076	140.13421662642946
g1001	208.40485418433428	247.93443805697083	310.7608871947534	246.20177306335077	277.7382712978091	246.00910128755783
g1002	1313.9429854288505	1337.8799871775504	1319.9745827425356	1745.2528913119784	1428.1334778567818	1570.5097150647082
g1003	2226.9547275697437	2297.4184617356973	2037.660149586445	2342.8878404415636	2327.085160696436	2289.568575240379
g1004	1589.8313162062072	1725.881283097875	1459.6651444131414	1455.3701585115816	1380.4742478707672	1353.3403904033078
g1005	391.0072026125129	632.7158062103217	534.4682359571003	345.47668155663735	341.83171852038043	362.91665217480005
g1006	4191.9147813077525	4845.991289295339	4217.035361737273	4576.573281540512	4645.953212774593	4600.621816289506
g1007	1768.464048364208	2337.667558822868	2699.6719418514895	2112.5700527371387	2032.9126721620703	2015.6874750657962
g1008	966.6015617882933	914.4594858205159	931.2704111373718	1489.123627399299	1493.8703468030087	1418.9557211165118
g1009	1871.674071388831	1832.1388994080053	1592.269952955528	2634.7560714118263	2488.1404896146923	2562.8690087714813
g101	2645.749244073501	2374.696728143065	2163.1792050006125	2807.494412190145	2682.064253006062	2717.3263359370762
g1010	190.54158096853422	207.68534096980025	424.13293724625953	168.7673444385872	147.90795512901076	187.3617702961101
g1011	1891.5221527397198	1474.7269172739304	1484.9714055853526	1842.5423016353993	1840.6323304943562	1717.2248203172408
g1012	547.8070452845359	426.6404291240083	492.965967634674	379.2301504443548	322.11065783651236	360.0133189574017
g1013	905.0725096005375	898.3598469856476	796.6411017012082	1044.372037349375	1010.7043600482402	1023.715292454676
g1014	246.11620875102335	173.87609941657695	185.2418317805859	168.7673444385872	258.017210613941	189.10377022654916
g1015	337.41738296511267	489.4290205799944	603.3012663455147	254.14376574281368	308.96328404726694	289.1719884528807
g1016	232.22255180540108	331.65255999828565	220.67059742168158	164.79634809885576	161.05532891825618	158.13488257429955
g1017	535.8981964740025	656.865264462624	588.117509642188	476.51956076777566	634.3607853310906	532.4713120708667
g1018	3243.176492735259	4351.7323770648845	3562.109322600447	3373.3613906018786	3482.4106324263757	3624.7147441479897
g1019	3157.8297429264367	3308.4757805654226	3895.1397196267462	2475.916217822568	2202.1851096986047	2291.697686266471
g102	158.78465080711183	160.99638834868236	152.34369225671136	162.81084992899002	134.76058133976537	146.32799415687938
g1020	226.26812740013438	315.5529211634174	234.84210367811983	148.9123627399299	147.90795512901076	183.29710379175236
g1021	317.56930161422366	326.8226683478252	393.7654238396061	448.7225863896554	399.35147884832907	425.8222052184321
g1022	3894.193561044418	4073.2086252216636	3655.2363637141843	5047.136347798691	5258.94951569816	5130.770461786454
g1023	315.5844934791348	228.61487145512896	352.76928074062397	232.30328587429065	308.96328404726694	260.1386562788967
g1024	27052.93488126168	27124.671508986004	36530.60025253374	30376.136500775832	29957.934600519304	30524.09700334417
g1025	303.6756446686014	304.2831739790097	241.42173158289475	202.52081332630465	210.35798062792642	170.13532653954627
g1026	6442.687206498563	6724.819141324462	5589.6469677180075	8855.321837601165	8614.81667540305	8653.674987777673
g1027	2756.8984996384793	2608.1414912486543	5402.886760267089	2803.5234158504136	2882.561703292054	2986.755658511648
g1028	246.11620875102335	325.2127044643384	233.32372800778717	192.593322476976	233.36588475910588	173.03865975694467
g1029	3396.0067191371045	3474.3020605645656	3069.6494801892172	4233.082098153741	4251.531999097232	4122.152502062249
g103	319.5541097493126	433.0802846579556	344.16515194207216	409.01262299234077	354.97909230962586	390.4015399661716
g1030	714.5309286320033	619.8360951424271	941.8990408297004	663.1563887351545	634.3607853310906	657.1210848711713
g1031	430.70336531429086	539.3379009680859	525.3579819351042	450.7080845595211	539.0423253590615	528.0195344708558
g1032	454.52106293535763	577.9770341717697	668.0852949463754	538.0700040336134	525.894951569816	487.1793138794516
g1033	150.84541826675624	254.37429359091814	211.56034339968554	152.88335907966135	144.6211116816994	125.61755053943746
g1034	2431.3899654839	3000.9726788194394	2643.998167272625	3285.9994711277864	3579.3725141220607	3436.7723072084
g1035	2193.2129892732323	2421.385680764183	2089.2849223777557	3218.4925333523515	3280.2697604167274	3293.541201816746
g1036	575.5943591757805	643.9855533947294	746.0285793567858	915.3146563081024	938.3938042073905	949.7770731849301
g1037	10003.433000848047	8893.440492381214	8447.229979284095	8474.106188986943	8627.964049192295	8369.728999116109
g1038	1204.7785379989612	1505.3162310601801	1373.6238564276234	865.6772020614592	820.0674401041819	821.6433005237474
g1039	129.01252878077838	194.80562990190566	182.20508043992055	140.97037006046696	159.4119071946005	128.52088375683587
g104	813.7713353864482	1067.406054751764	858.3883789614035	935.1696380067598	971.2622386805041	909.1304081413525
g1040	2927.5919992561244	3343.8949860021326	2957.795805808044	2984.2037493081953	2598.2497450996225	2629.2585616759916
g1041	1317.9126016990283	930.559124655384	969.7359281191327	1530.8190889664793	1276.9386792804596	1349.27572389895
g1042	575.5943591757805	740.5833864039389	722.7468190783516	865.6772020614592	749.4003059869879	762.9959695322997
g1043	230.23774367031217	280.1337157267073	432.23094082136714	303.781219989457	351.6922488623145	284.1395442093901
g1044	918.9661665461598	666.525047763545	779.4328441041047	1022.5315574808519	765.8345232235446	852.0315215325173
g1045	339.40219110020155	286.5735712606546	303.67513406653427	240.24527855375356	272.8080061268421	270.97776695718403
g1046	2185.273756732877	2157.3516038723437	1962.7536165166998	2356.786327630624	2327.085160696436	2315.6985741969643
g1047	585.5183998512249	495.86887611394167	491.9537171877855	452.6935827293869	448.65413055799934	417.69287220971654
g1049	109.16444742988939	119.13732737802495	138.67831122371732	188.62232613724453	164.3421723655675	158.3284381221261
g105	1603.7249731518295	1452.187422905115	1593.7883286258607	958.9956160451485	912.0990566288997	997.1981824024373
g1050	506.126074447669	391.22122368729816	522.3212305944389	530.1280113541504	542.3291688063728	459.307314992427
g1051	79.39232540355592	38.63913320368377	94.13929156062562	47.651956076777566	52.589495156981606	42.195109426190086
g1052	2889.8806446894355	3390.5839386232506	3277.6669470247934	3438.8828302074476	3553.07776654357	3490.967860599837
g1053	490.2476093669578	433.0802846579556	397.8144256271599	391.1431394635492	381.27383988811664	404.5310949575105
g1054	595.4424405266694	616.6161673754534	586.0930087484112	512.2585278253589	543.9725905300285	500.7282022273108
g1055	3128.0576209001033	4300.213532793306	3565.1460739411123	3814.141984312071	3783.156807855364	3674.0714088437626
g1056	392.9920107476018	365.461801551509	340.1161501545184	379.2301504443548	373.0567312698383	380.91731812267017
g1057	420.7793246388464	371.9016570854563	332.0181465794108	353.4186742361003	272.8080061268421	299.4304324876884
g1058	627.1993706880918	511.9685149488099	523.3334810413274	665.1418869050202	611.3528811999112	667.5730844538056
g1059	498.1868419073134	405.71089863867957	428.1819390338133	536.0845058637476	494.66993882035825	510.79309071429196
g106	841.5586492776928	1070.6259825187378	2298.8207648836647	760.4457990585753	718.17529323753	698.5419721060551
g1060	1073.781201083094	856.5007860149902	886.73139147428	1097.9804879357498	1053.4333248632877	1119.3317330809966
g1061	1117.4469800550496	965.9783300920942	883.6946401336147	1088.052997086421	1193.12417137402	1191.9150635159567
g1062	871.3307713040263	800.1520500929514	873.5721356647302	883.5466855902507	910.4556349052441	806.5459677932757
g1063	188.5567728334453	252.7643297074313	273.30762065988085	164.79634809885576	188.99349822040264	162.39310462648388
g1064	1014.2369570304269	854.8908221315033	1008.2014451008938	812.0687514750844	894.0214176686873	799.384412523693
g1065	95.27079048426711	75.66830252388071	131.5925580954982	63.53594143570342	70.66713411719404	77.61577467845058
g1066	1405.2441596429398	1175.2736349453812	1067.9242214673122	1312.414290281249	1179.9767975847749	1255.594838750895
g1067	1506.4693745324737	1175.2736349453812	1462.7018957538066	1453.3846603417157	1500.4440336976315	1495.9908291514826
g1068	2582.235383750656	2596.8717440642467	2383.849802422294	2928.609800551955	2898.995920528611	2859.202552493945
g1069	601.3968649319361	660.0851922295977	602.2890158986263	599.620447299451	563.6936512138966	596.7317539492846
g107	3405.9307598125492	3322.965455516804	2909.2077843573984	3073.551166952153	2823.39852124045	2831.524109154747
g1070	597.4272486617583	653.6453366956504	593.1787618766302	591.6784546199881	562.0502294902409	591.699309705794
g1071	113.13406370006719	175.4860633000638	204.98071549491064	160.8253517591243	159.4119071946005	175.55488187868997
g1072	1323.867026104295	1131.804610091237	1165.1002643686031	1189.3134037495734	1204.62812343961	1188.6246192029053
g1073	730.4093937127145	816.2516889278196	824.9841142140848	631.3884180173028	596.56208568701	586.2797543666503
g1074	865.3763468987595	832.3513277626878	711.6120641625787	867.6627002313248	964.6885517858814	909.5175192370057
g1075	89.31636607900042	93.37790524223577	253.5687369455561	125.0863847015411	41.08554309139188	81.8739967306349
g1076	160.76945894220074	207.68534096980025	321.3895168870821	230.31778770442492	193.92376339136968	211.36265822660357
g1077	1280.2012471323392	1249.3319735857751	1579.6168223694224	885.5321837601165	1104.3793982966138	928.8730740196617
g1078	2199.167413678499	2244.289653580632	2515.442360517792	2789.6249286613534	2529.226032706084	2745.3918903719277
g1079	934.844631626871	933.7790524223577	961.6379245440252	1137.6904513330644	1133.9609893224158	1149.9135096375933
g108	95.27079048426711	132.01703844591955	188.27858312125124	79.41992679462928	57.51976032794863	69.67999721756162
g1080	1115.4621719199606	1209.0828764986045	1040.593459401324	1661.8619681776177	1579.3282764331038	1661.8679336388445
g1081	591.4728242564917	558.6574675699278	570.9092520450845	633.3739161871684	654.0818460149587	623.4424195493499
g1082	3761.2114159934617	3704.5268959031814	3368.7694872447537	4304.560032268907	4157.856960848858	4325.966493923617
g1083	420.7793246388464	389.6112598038113	435.26769216203246	401.0706303128779	366.48304437521557	420.98331652276806
g1084	438.64259785464645	420.20057359006097	326.9568943449686	323.6362016881143	409.21200919026313	353.81954142695173
g1085	426.7337490441131	690.6745060158473	875.5966365585072	297.8247254798598	315.53697094188965	285.49443304417605
g1086	1792.281745985275	1717.831463680441	1544.694181951771	1971.5996826766718	1654.925675721265	1832.0032601783907
g1087	349.3262317756461	328.432632231312	315.82213942919566	520.2005205048217	499.60020399132526	530.535756592601
g1088	490.2476093669578	635.9357339772954	565.8479998106422	528.1425131842847	494.66993882035825	497.63131346208587
g1089	756.2118994688701	1043.2565964994617	1207.614783137918	957.0101178752828	892.3779959450317	940.6799624370818
g109	1141.2646776761164	1086.725621353606	912.0376526464912	1169.4584220509162	1107.666241743925	1149.3328429941134
g1090	97.25559861935601	112.69747184407765	175.11932731170143	59.56494509597196	108.46583376127457	80.71266344367554
g1091	909.0421258707153	584.416889705717	604.3135167924032	808.0977551353529	889.0911524977203	932.1635183327131
g1092	1369.5176132113397	1204.252984848144	1461.6896453069182	1234.9798616564854	1176.6899541374635	1242.0459504030357
g1093	950.7230967075822	861.3306776654507	717.6855668439093	1076.1400080672267	1046.859637968665	1022.3604036198901
g1094	285.8123714528013	244.7145102899972	239.90335591256206	214.43380234549906	266.2343192322194	235.55710170492358
g1095	932.8598234917821	848.4509665975561	726.7958208659054	746.5473118695152	793.7726925256911	845.2570773585877
g1096	273.90352264226794	302.67321009552285	534.4682359571003	438.79509554032677	391.1343702300507	410.1442058444807
g1097	424.74894090902416	217.3451242707212	250.02586038144656	355.404172405966	369.7698878225269	341.0448752703988
g1098	559.7158940950692	404.1009347551927	374.53266534872563	468.5775680883127	553.8331208719625	510.2124240708123
g1099	2488.949401401478	2147.691820571423	1955.6678633884808	2116.5410490768704	2138.0916624760334	2248.1476880054947
g11	853.4674980882262	808.2018695103854	878.6333878991725	812.0687514750844	783.912162183757	787.964635201926
g110	333.44776669493484	326.8226683478252	314.8098889823072	401.0706303128779	437.1501784924096	405.1117616009902
g1100	1038.0546546514936	1086.725621353606	1081.083477276862	1225.0523708071566	1237.4965579127233	1129.2030660201513
g1101	682.773998470581	548.9976842690069	584.0685078546343	1066.212517217898	1030.4254207321083	1105.2021780896578
g1102	730.4093937127145	608.5663479580194	599.252264557961	575.7944692610623	591.631820516043	586.6668654623035
g1103	1208.748154269139	1228.4024431004464	1063.8752196797584	1340.2112646593691	1367.3268740815217	1395.7290553773244
g1104	208.40485418433428	185.14584660098473	175.11932731170143	186.6368279673788	202.14087200964804	219.10488013966597
g1105	2508.797482752367	2001.1851071741219	2075.1134161213176	2702.263009187261	2636.048444743703	2634.871672562962
g1106	577.5791673108694	471.71941786163933	454.50045065291295	581.7509637706595	619.5699898181896	638.7333078276481
g1107	1204.7785379989612	1106.0451879554478	916.086654434045	1499.0511182486275	1700.9414839836238	1586.7683810821393
g1108	809.8017191162704	874.2103887333452	717.6855668439093	746.5473118695152	767.4779449472003	816.6108562802568
g1109	1718.8438449869857	2052.7039514457	1580.1229475928667	1747.238389481844	1694.3677970890012	1788.4532619174147
g111	1198.8241135936944	1149.514212809592	1053.752715210874	1582.4420413829885	1406.768995449258	1390.5030555860073
g1110	849.4978818180483	1088.3355852370928	909.0009013058259	823.9817404942787	838.1450790643944	860.7415211847125
g1111	192.5263891036231	159.38642446519555	142.72731301127112	125.0863847015411	110.10925548493023	114.39132876549698
g1112	3203.4803300334816	3329.405311050751	2913.256786144952	3766.4900282352937	3577.7290923984046	3649.8769653654426
g1113	504.1412663125801	365.461801551509	317.8466403229725	363.34616508542894	353.33567058597015	414.2088723488385
g1114	520.0197313932913	375.1215848524299	430.2064399275902	518.2150223349561	471.66203468917877	501.11531332296397
g1115	694.6828472811143	616.6161673754534	586.0930087484112	706.8373484722006	764.191101499889	707.83263840173
g1116	746.2878587934257	753.4630974718335	770.3225900821086	754.4893045489781	765.8345232235446	779.8353021932104
g1117	2538.5696047787005	3474.3020605645656	2822.1542459249918	3280.042976618189	3344.363207639299	3119.921875416321
g1118	958.6623292479378	1130.19464620775	970.7481785660212	1016.5750629712547	981.1227690224381	968.1648502284534
g1119	2165.4256753819877	2712.789143675298	2225.938732707696	3482.5637899444937	3878.4752678273935	3790.978959731005
g112	184.5871565632675	202.85544931933978	236.86660457189674	196.56431881670747	138.04742478707672	154.4573271655949
g1120	464.44510361080216	616.6161673754534	460.57395333424364	625.4319235077056	591.631820516043	606.9901979840923
g1121	686.7436147407587	666.525047763545	610.3870194737339	696.9098576228719	760.9042580525776	753.1246365931452
g1122	260.00986569664565	231.83479922210262	311.7731376416419	345.47668155663735	267.877740955875	280.0748777050324
g1123	127.02772064568947	98.20779689269624	109.32304826395234	129.05738104127258	142.97768995804375	125.81110608726402
g1124	1782.3577053098304	1659.872763874915	1438.407885028484	2422.307767236193	2463.489163759857	2625.5810062672867
g1125	400.9312432879574	363.85183766802214	471.70870825001657	462.62107357871554	516.034421227882	526.4710900882433
g1126	1363.563188806073	1115.7049712563687	1090.193731298858	1632.0794956296318	1628.630928142774	1665.9326001432023
g1127	523.9893476634691	428.2503930074951	445.39019663091693	684.9968686036775	585.0581336214203	598.6673094275502
g1128	256.0402494264678	291.40346291111507	263.1851161909964	379.2301504443548	405.9251657429518	372.5944295661281
g1129	27.787313891244573	12.87971106789459	17.208257597103607	15.883985358925855	16.43421723655675	24.194443478320004
g113	3814.801235640862	3683.5973654178524	3313.095712665889	3548.085229550063	3546.504079648947	3538.5825253651706
g1130	20151.756995557582	23148.06071677355	19398.767564170208	24610.249815485746	25030.95627299959	24676.783903503794
g1131	1036.0698465164048	1378.129084264721	1072.9854737017545	847.8077185326675	943.3240693783575	912.033741358751
g1132	651.0170683091585	544.1677926185464	565.8479998106422	567.8524765815994	627.7870984364679	610.667753392797
g1133	1974.8840944134536	2099.392904066818	1772.4505325016717	2569.2346318062573	2369.814125511484	2591.9023409454653
g1134	4312.988077548175	4515.94869318054	6563.938022848139	3522.2737533418085	3548.1475013726026	3507.0329710694414
g1135	3931.904915611107	4239.034905220807	8245.792140353295	3651.331134383081	3058.4078277232115	3299.541423799369
g1136	5291.498488147002	6386.726725792229	5440.846152025406	5144.425758122112	4667.317695182118	5054.316020394962
g1137	446.58183039500204	418.5906097065741	383.64291937072164	273.998747441471	274.45142785049774	237.87976827884228
g1138	545.822237149447	777.6125557241359	604.3135167924032	418.9401138416694	466.73176951821176	520.8579792012731
g1139	125.04291251060057	77.27826640736754	99.20054379506786	45.66645790691184	31.22501274945783	53.22777565230401
g114	301.6908365335125	350.9721266001276	335.05489792007614	357.38967057583176	400.9949005719847	356.91643019217673
g1140	2707.278296261257	2072.023518047542	1874.687827637405	1643.9924846488261	1360.7531871868991	1501.9910511341059
g1141	2234.893960110099	2078.463373581489	3782.7799200221284	1767.0933711805014	1682.8638450234114	1669.2230444562538
g1142	1298.0645203481392	1297.6308900903798	2022.4763928831183	1266.747832374337	1245.7136665310018	1276.6923934639901
g1143	353.29584804582385	301.063246212036	583.5623826311901	321.6507035182486	432.21991332144256	354.593763618258
g1144	236.19216807557888	175.4860633000638	439.31669394958624	81.40542496449501	119.96978582686428	102.58444034807682
g1145	3169.73859173697	3329.405311050751	4903.34116472764	5059.049336817885	4172.647756361759	4447.132266863044
g1146	2028.4739140608538	1901.3673463979387	2004.255884839126	1669.8039608570805	1668.0730495105104	1593.7363808038954
g1147	867.3611550338485	529.678117667165	593.1787618766302	857.7352093819962	770.7647883945117	779.2546355497308
g1148	206.4200460492454	207.68534096980025	222.69509831545847	295.83922730999404	241.58299337738424	281.62332208764485
g1149	637.1234113635363	412.1507541726269	459.5617028873552	760.4457990585753	751.0437277106436	741.8984148192046
g115	196.4960053738009	212.51523262026072	203.46233982457795	242.2307767236193	269.52116267953073	229.36332417447366
g1150	748.2726669285146	582.8069258222301	603.3012663455147	738.6053191900522	734.6095104740868	743.059748106164
g1151	446.58183039500204	318.7728489303911	541.5539890853195	337.5346888771744	333.6146099021021	348.01287499215493
g1152	641.0930276337141	637.5456978607822	681.2445507559253	587.7074582802567	645.8647373966803	671.2506398625102
g1153	537.8830046090914	416.98064582308734	399.8389265209368	462.62107357871554	517.6778429515376	517.373979340395
g1154	893.1636607900041	861.3306776654507	791.579849466766	927.2276453272968	981.1227690224381	965.8421836545346
g1155	1808.160211065986	1685.6321860107043	1473.8366506695797	1622.152004780303	1590.8322284986937	1677.5459330127958
g1156	1536.241496558807	1207.4729126151178	1345.2808439147468	1572.5145505336598	1561.2506374728914	1592.7686030647626
g1157	871.3307713040263	936.9989801893314	997.0666901851208	1451.39916217185	1304.876848582606	1279.5957266813884
g1158	271.918714507179	233.44476310558943	280.39337378809995	236.2742822140221	285.9553799160875	254.52554539192644
g1159	799.8776784408259	788.8823029085436	717.6855668439093	1119.8209678042729	1056.720168310599	928.0988518283554
g116	2177.3345241925213	1869.1680687282023	1701.5930012194804	2263.4679136469344	2271.2088220921432	2227.437244388053
g1160	672.8499577951364	597.2966007736115	604.3135167924032	681.0258722639461	848.0056094063284	730.285081949611
g1161	15231.417628672203	14599.152495458517	13793.936839748874	13642.357925147444	13119.435619943255	13456.949462641587
g1162	730.4093937127145	1236.4522625178806	903.9396490713837	966.9376087246114	844.718765959017	903.5172972543822
g1163	660.941108984603	842.0111110636087	769.3103396352202	1014.589564801389	946.610912825669	999.7144045241826
g1164	1879.6133039291865	1994.7452516401745	2128.7626898064054	1735.3254004626497	1812.6941611922098	1935.361922717774
g1165	680.789190335492	718.0438920351233	607.3502681330685	704.8518503023348	754.3305711579549	660.2179736363963
g1166	668.8803415249587	729.3136392195311	804.7391052763159	553.9539893925393	659.0121111859257	567.6984217753006
g1167	345.35661550546826	378.34151261940355	325.94464389808013	275.98424561133675	317.1803926655453	283.3653220180839
g1168	1627.5426707728964	1611.5738473703104	1600.3679565306356	1910.0492394108342	1699.2980622599682	1795.8083727348242
g1169	1032.100230246227	1371.6892287307737	1208.6270335848064	1076.1400080672267	1027.138577284797	1002.617737741581
g117	277.8731389124457	259.2041852413786	310.7608871947534	307.75221632918846	379.630418164461	336.39954212256134
g1170	164.73907521237854	172.26613553309014	155.88656882082094	166.7818462687215	115.03952065589726	115.55266205245634
g1171	1200.8089217287834	1403.8885064005103	1335.1583394458623	1151.5889385221246	1078.084650718123	1094.3630674113704
g1172	254.05544129137894	373.5116209689431	479.3005866016799	297.8247254798598	315.53697094188965	291.8817661224525
g1173	1720.8286531220747	2770.7478434808236	4406.832320528856	1993.4401625451949	1843.9191739416676	1849.8103705784342
g1174	2572.311343075212	3128.159825614898	3546.419440673676	3065.6091742726903	3056.764405999556	3176.0529842860237
g1175	2211.0762624890326	3796.2948372619303	6471.317106957846	2646.6690604310206	2369.814125511484	2521.4481215365977
g1176	2574.2961512103006	3038.0018481396364	3411.7901312375125	3027.8847090452414	2935.1511984490357	2980.3683254333714
g1177	1431.0466653990954	2627.461057850496	4077.3448000666667	1679.7314517064092	1462.6453340535509	1626.2537128387576
g1178	1460.818787425429	2567.892394161484	4001.426016550033	1622.152004780303	1502.0874554212871	1616.5759354474294
g1179	2097.942198788965	2397.2362225118804	2797.860235199669	2356.786327630624	2356.666751722238	2388.862571275404
g118	504.1412663125801	454.00981514328424	414.01043277737506	686.9823667735433	578.4844467267976	631.765308105892
g1180	1673.193257879941	2603.311599598194	3413.8146321312893	2045.0631149617038	1949.0981642556308	1788.0661508217618
g1181	420.7793246388464	518.4083704827572	483.85571361267796	395.11413580328065	289.2422233633988	335.238208835602
g1182	460.47548734062434	325.2127044643384	273.30762065988085	367.3171614251604	399.35147884832907	412.0797613227463
g1183	1083.7052417585382	1329.8301677601164	1022.372951357332	1240.9363561660825	1166.8294237955295	1152.236176211512
g1184	1034.0850383813158	784.0524112580831	786.5185972323237	1054.2995281987037	1084.6583376127455	952.0997397588488
g1185	714.5309286320033	750.2431697048598	641.7667833272758	955.0246197054171	839.78850078805	845.2570773585877
g1186	1145.2342939462942	1125.3647545572896	988.9686866100133	1066.212517217898	1083.01491588909	1180.4952861941897
g1187	589.4880161214027	788.8823029085436	1096.2672339801886	686.9823667735433	734.6095104740868	735.5110817409281
g1188	502.1564581774912	444.3500318423633	380.60616803005627	651.2433997159601	571.910759832175	600.6028649058159
g1189	813.7713353864482	835.5712555296615	821.9473628734195	688.967864943409	811.8503314859036	823.9659670976661
g119	2246.8028089206327	2294.1985339687235	2005.2681352860147	2646.6690604310206	2647.5523968092925	2464.3492349277626
g1190	772.0903645495813	1181.7134904793286	1030.4709549324396	988.7780885931345	874.3003569848192	849.9024105064251
g1191	1236.5354681603835	1102.8252601884742	1127.6469978337307	1038.4155428397778	1196.4110148213315	1140.816398889745
g1192	295.73641212824583	264.0340768918391	236.86660457189674	275.98424561133675	287.59880163974316	288.591321809401
g1193	2028.4739140608538	2046.264095911753	1640.8579744061735	1346.1677591689663	1207.9149668869213	1322.7586138467113
g1194	166.72388334746742	162.6063522321692	138.67831122371732	75.44893045489782	55.876338604292954	78.0028857741037
g1195	1306.003752888495	1287.9711067894589	1125.6224969399536	1268.7333305442028	1178.333375861119	1236.239283968239
g1196	186.57196469835642	215.73516038723437	176.13157775858988	204.50631149617038	147.90795512901076	172.457993113465
g1197	1268.2923983218059	1175.2736349453812	1432.8405075705975	829.938235003876	859.5095614719181	887.4521867847778
g1198	561.7007022301582	500.69876776440213	919.6295309981547	544.0264985432106	542.3291688063728	506.1477575664545
g12	81.37713353864481	101.42772465966989	111.85367438117346	79.41992679462928	106.82241203761889	87.29355206977858
g120	1020.1913814356936	954.7085829076864	1005.1646937602285	1088.052997086421	1097.805711401991	1052.1679579851805
g1200	1260.3531657814503	1407.108434167484	2004.255884839126	1248.8783488455454	1117.5267720858592	1105.3957336374845
g1201	698.6524635512922	803.371977859925	768.2980891883317	913.3291581382367	795.4161142493468	899.8397418456776
g1202	1224.62661934985	1368.4693009638002	1520.4001712264483	1407.718202434804	1413.3426823438806	1332.0492801423861
g1203	119.08848810533388	170.6561716496033	246.98910904078122	107.21690117274953	98.60530341934052	110.90732890461891
g1204	692.6980391460254	832.3513277626878	914.0621535402681	893.4741764395794	890.734574221376	829.1919668889832
g1205	547.8070452845359	616.6161673754534	795.6288512543198	498.3600406362987	539.0423253590615	537.5037563143572
g1206	791.9384459004704	908.0196302865685	701.4895596936942	802.1412606257558	780.6253187364457	800.1586347149993
g1207	3868.391055288262	3640.128340563708	3716.9836409743793	3901.5039037861634	3804.521290262888	3889.498733574724
g1208	138.93656945622286	214.12519650374756	183.217330886809	176.70933711805014	131.473737892454	143.23110539165444
g1209	41.680970836866855	70.83841087342024	92.11479066684873	53.608450586374765	41.08554309139188	59.615108730580495
g121	488.26280123186893	515.1884427157836	549.651992660427	434.8240992005953	470.0186129655231	485.243758401186
g1210	962.6319455181156	1028.7669215480803	935.3194129249256	911.343659968371	1004.1306731536175	1017.5215149242262
g1211	158.78465080711183	181.92591883401107	333.0303970262992	101.26040666315232	187.35007649674696	105.87488466112835
g1212	154.81503453693404	164.216316115656	242.9401072532274	127.07188287140684	111.75267720858591	110.71377335679234
g1213	492.2324175020467	431.47032077446875	619.4972734957299	540.0555022034791	440.4370219397209	478.0822031316033
g1214	1069.811584812916	1015.8872104801857	993.0176883975671	1286.6028140729943	1423.2032126858146	1316.5648363162613
g1215	2881.94141214908	2678.9799021220747	2358.543541250083	2865.0738591162512	2744.5142785049775	2861.331663520037
g1216	166.72388334746742	152.94656893124824	179.16832909925523	178.69483528791588	157.76848547094482	163.36088236561667
g1217	2481.0101688611226	3411.513469108579	3435.578016739391	3569.925709418586	3117.5710097748156	3300.5092015385017
g1218	922.9357828163376	792.1022306755173	742.9918280161205	980.8360959136716	949.8977562729802	895.7750753413198
g1219	198.4808135088898	198.02555766887932	253.06261172211188	150.89786090979564	147.90795512901076	178.2646595482618
g122	4180.005932497219	4301.823496676793	3777.718667787686	4910.1369740779555	4747.8453596412455	4838.888695664001
g1220	1538.226304693896	1411.9383258179444	1303.7785755923205	1258.805839694874	1403.4821520019466	1265.4661716900496
g1221	1186.915264783161	1590.6443168849817	1319.9745827425356	1137.6904513330644	1179.9767975847749	1114.6863999331592
g1222	2338.103983134722	2113.8825790181995	1918.214596853608	1963.657689997209	1850.4928608362902	1900.521924108993
g1223	575.5943591757805	758.292989122294	647.8402860086064	546.0119967130763	517.6778429515376	573.3115326622708
g1224	1591.8161243412962	1919.0769491162937	1986.0353767951342	1336.2402683196376	1276.9386792804596	1392.825722159926
g1225	138.93656945622286	196.41559378539247	177.14382820547831	136.9993737207355	123.25662927417564	139.94066107860291
g1226	1851.825990037942	1337.8799871775504	1529.5104252484443	1544.7175761555395	1446.2111168169943	1495.6037180558294
g1227	275.8883307773568	516.7984065992704	596.2155132172957	405.0416266526093	420.71596125585285	392.14353989661066
g1228	783.9992133601147	980.4680050434756	1123.5979960461768	1191.2989019194392	1155.3254717299396	1140.2357322462651
g1229	1534.2566884237183	2155.741639988857	2117.6279348906323	1518.906099947285	1566.1809026438584	1552.509049116838
g123	265.96429010191235	169.04620776611648	269.2586188723271	174.7238389481844	248.15668027200695	187.55532584393669
g1230	762.1663238741369	767.9527724232149	846.2413735987421	869.6481984011906	718.17529323753	796.4810793062945
g1231	367.18950499144614	230.22483533861578	430.2064399275902	230.31778770442492	315.53697094188965	296.72065481811654
g1232	305.6604528036903	539.3379009680859	916.086654434045	355.404172405966	359.90935748059286	366.2070964878516
g1233	307.6452609387792	331.65255999828565	442.3534452902516	305.7667181593227	400.9949005719847	322.0764315833959
g1234	1099.5837068392495	999.7875716453175	971.7604290129096	1107.9079787850785	1074.7978072708115	1105.976400280964
g1235	220.31370299486767	304.2831739790097	270.2708693192155	204.50631149617038	195.56718511502535	195.49110330482563
g1236	25.802505756155675	45.078988737631065	37.45326653487256	25.811476208254515	31.22501274945783	32.71088758268865
g1237	61.52905218775584	72.44837475690707	103.24954558262165	75.44893045489782	100.24872514299618	81.68044118280834
g1238	174.66311588782304	218.95508815420803	278.3688728943231	260.10026025241086	239.93957165372856	237.2991016353626
g1239	2060.230844222276	2522.8134054238526	2666.267677104171	1580.4565432131226	1523.451937828811	1504.7008288036777
g124	942.7838641672265	877.4303165003189	832.069867342304	883.5466855902507	930.1766955891121	900.8075195848104
g1240	2479.025360726034	3530.650796486604	2932.4895446358328	3289.9704674675177	3214.5328914705005	3305.735201329819
g1241	315.5844934791348	268.8639685422996	483.85571361267796	266.0567547620081	277.7382712978091	304.07576563552584
g1242	2651.7036684787677	2489.0041638706293	2541.760872136892	2849.189873757325	2792.173508490992	2977.6585477637996
g1243	4997.746884153845	4042.619311435414	3806.061680300563	5277.454135503115	5127.4757778057065	5324.51956516084
g1244	1452.8795548850733	1331.440131643603	1196.480028222145	1719.4414151037238	1852.1362825599458	1804.5183723870193
g1245	2383.7545702417665	2722.448926976219	2422.315319404055	2934.566295061552	3150.4394442479293	3094.7596541988687
g1246	35.72654643160016	30.58931378624965	36.44101608798411	21.84047986852305	36.15527792042485	32.32377648703552
g1247	518.0349232582024	425.03046524052144	412.9981823304866	524.1715168445533	514.3909995042263	508.2768685925467
g1248	563.6855103652471	571.5371786378224	526.3702323819928	561.8959820720021	560.4068077665852	598.8608649753768
g1249	1438.985897939451	1566.4948586326793	1931.373852663158	1626.1230011200344	1431.420321304093	1454.7634974644252
g125	549.7918534196248	600.5165285405852	613.4237708143992	730.6633265105894	685.3068587644166	702.0259719669333
g1250	4183.975548767397	3960.511153377586	3541.864313662678	3210.5505406728885	3224.3934218124346	3069.7909885292424
g1251	730.4093937127145	753.4630974718335	689.3425543310328	641.3159088666314	644.2213156730247	664.8633067842337
g1252	599.4120567968472	634.3257700938085	478.7944613782357	524.1715168445533	455.22781745262205	519.3095348186606
g1253	1313.9429854288505	1672.7524749428098	1704.6297525601458	1921.9622284300285	2041.1297807803485	2017.8165860918884
g1254	18049.84518049844	18934.785233688533	16411.6164954024	22499.665260918475	23132.804182177282	23090.596189065134
g1255	936.8294397619599	784.0524112580831	727.8080713127938	726.6923301708579	869.3700918138521	757.576414193156
g1256	911.0269340058042	800.1520500929514	733.8815739941244	776.3297844175012	718.17529323753	782.9321909584354
g1257	1006.2977244900713	998.1776077618307	892.8048941556108	1475.2251402102388	1406.768995449258	1518.8303837950166
g1258	1307.9885610235838	1360.419481546366	1342.2440925740814	1679.7314517064092	1464.2887557772067	1641.5446011170557
g1259	2086.033349978432	2735.328638044113	2334.2495305247603	2700.277511017395	2828.328786411417	2615.5161177803056
g126	424.74894090902416	396.05111533775863	366.434661773618	434.8240992005953	420.71596125585285	423.4995386445134
g1260	186.57196469835642	127.18714679545907	153.86206792704402	133.02837738100405	149.55137685266644	151.16688285254338
g1261	1589.8313162062072	1476.3368811574173	1390.832114024727	1927.9187229396257	1801.19020912662	1810.5185943696426
g1262	3169.73859173697	3075.031017459833	2845.436006203426	3440.8683283773134	3663.1870220285	3441.0305292605844
g1263	2177.3345241925213	2128.372253969581	2006.2803857329031	2628.799576902229	2598.2497450996225	2641.6461167368916
g1264	162.75426707728963	146.50671339730096	154.87431837393248	129.05738104127258	212.0014023515821	150.00554956558403
g1265	1089.659666163805	883.8701720342661	809.8003575107581	661.1708905652887	553.8331208719625	600.7964204536423
g1266	93.28598234917821	98.20779689269624	69.33915561185866	47.651956076777566	65.736868946227	41.42088723488385
g1267	946.7534804374044	631.1058423268348	1896.4512122455064	750.5183082092467	639.2910505020576	743.059748106164
g1268	1417.1530084534731	1368.4693009638002	3063.0698522844423	1070.1835135576296	1133.9609893224158	1109.8475112374954
g1269	474.36914428624664	658.4752283461108	523.3334810413274	426.88210652113236	410.8554309139188	458.53309280112074
g127	351.31103991073496	481.37920116256026	456.52495154668986	452.6935827293869	447.01070883434363	511.76086845342473
g1270	212.37447045451208	175.4860633000638	194.35208580258194	198.5498169865732	170.91585926019022	177.10332626130244
g1271	593.4576323915805	341.3123432992066	399.8389265209368	428.8676046909981	465.08834779455606	471.11420340984716
g1272	478.3387605564244	354.1920543671012	424.13293724625953	395.11413580328065	494.66993882035825	416.72509447058377
g1273	1381.426462021873	1379.739048148208	1252.1538028010098	1596.3405285720485	1446.2111168169943	1461.925052734008
g1274	273.90352264226794	293.0134267946019	309.74863674786496	327.60719802784575	310.6067057709226	330.20576459211145
g1275	1641.4363277185187	1461.847206206036	1365.5258528525158	1739.2963968023812	1704.2283274309352	1677.933044108449
g1276	1887.552536469542	2503.4938388220107	2093.33392416531	2221.772452079754	2323.798317249125	2345.1190174666012
g1277	990.4192594093602	782.4424473745963	748.0530802505627	964.9521105547457	997.5569862589948	995.8432935676514
g1278	212.37447045451208	243.10454640651037	321.89564211052635	252.15826757294795	249.80010199566263	250.65443443539525
g1279	1127.3710207304941	891.9199914517003	931.2704111373718	1028.488051990449	1152.0386282826282	1072.6848460547958
g128	1788.3121297150972	1993.1352877566876	1767.3892802672294	2213.830459400291	2299.1469913942897	2104.723027066014
g1280	4584.906792055354	5167.984065992704	4274.733637209914	5535.568897585661	5599.137812494885	5480.525336709047
g1281	398.9464351528685	428.2503930074951	397.8144256271599	460.63557540884983	458.51466089993335	421.5639831662478
g1282	387.0375863423351	264.0340768918391	299.6261322789805	397.0996339731464	458.51466089993335	428.1448717923508
g1283	1153.1735264866497	861.3306776654507	974.797180353575	935.1696380067598	897.3082611159987	894.2266309587073
g1284	176.64792402291192	130.4070745624327	134.62930943616354	200.53531515643894	177.48954615481293	185.6197703656711
g1285	1597.770548746563	1585.8144252345212	1477.8856524571333	1270.7188287140684	1304.876848582606	1187.0761748202926
g1286	1730.752693797519	1787.0599106703742	1619.6007150215162	1489.123627399299	1426.490056133126	1517.4754949602307
g1287	2435.3595817540777	2524.4233693073393	2412.1928149351706	1675.7604553666777	1544.8164202363346	1620.8341574996139
g1288	577.5791673108694	301.063246212036	329.9936456856339	289.88273280039687	377.9869964408053	359.04554121826885
g1289	198.4808135088898	91.76794135874894	127.5435563079444	138.98487189060123	113.39609893224159	132.39199471336707
g129	613.3057137424695	639.155661744269	527.3824828288812	555.9394875624049	632.7173636074349	643.7657520711386
g1290	182.60234842817863	144.89674951381414	123.49455452039061	198.5498169865732	192.280341667714	196.45888104395843
g1291	250.08582502120115	309.11306562947016	359.34890864539886	289.88273280039687	287.59880163974316	325.7539869921005
g1292	1665.2540253395855	1790.279838437348	1558.8656882082093	1435.5151768129242	1521.8085161051551	1534.7019387167945
g1293	389.02239447742403	339.7023794157198	341.12840060140684	325.62169985798005	473.3054564128345	417.49931666189
g1294	154.81503453693404	164.216316115656	141.71506256438266	131.0428792111383	115.03952065589726	145.55377196557316
g1295	565.670318500336	441.1301040753897	397.8144256271599	561.8959820720021	594.9186639633544	563.4401997231163
g1296	1546.1655372342516	1073.8459102857114	1026.421953144886	1503.022114588359	1434.7071647514044	1492.700384838431
g1297	587.5032079863138	516.7984065992704	484.86796405956636	482.47605527737284	491.3830953730469	436.66131589671943
g1298	2167.4104835170765	2645.1706605688514	2194.5589688541545	1890.1942577121767	1742.0270270750157	1766.7750405608401
g1299	271.918714507179	281.74367961019414	370.4836635611718	297.8247254798598	422.3593829795085	335.0446532877754
g13	212.37447045451208	167.43624388262967	296.0832557148709	99.2749084932866	95.31845997202916	135.87599457424514
g130	889.1940445198263	924.1192691214368	791.579849466766	915.3146563081024	910.4556349052441	952.0997397588488
g1300	325.50853415457925	410.54079028914003	436.2799426089209	353.4186742361003	302.3895971526442	344.7224306791034
g1301	93.28598234917821	276.91378795973367	261.16061529721946	73.46343228503208	87.10135135375079	69.2928861219085
g1302	6670.940142033786	7558.780432970637	6696.03670616708	5900.900560840955	5834.147118977647	5872.862432153484
g1303	2080.078925573165	1840.1887188254395	1644.9069761937274	2618.8720860529006	2677.133987835095	2761.457000841532
g1304	1194.8544973235166	982.0779689269624	951.5154200751407	1215.124879957828	1091.2320245073684	1135.2032880027746
g1305	1256.3835495112723	1498.8763755262328	1210.6515344785832	1614.21001210084	1640.1348802083637	1545.1539382994288
g1306	674.8347659302253	643.9855533947294	694.4038065654751	599.620447299451	631.0739418837793	641.44308549722
g1307	2171.3800997872545	2764.3079879468764	2479.001344429808	2749.9149652640385	2902.2827639759225	3010.1758797986618
g1308	1085.6900498936272	1146.2942850426184	1140.8062536432803	1316.3852866209802	1275.295257556804	1374.437945116403
g1309	240.16178434575667	270.47393242578636	313.79763853541874	410.99812116220653	410.8554309139188	387.69176229659973
g131	1190.8848810533389	1362.0294454298528	1349.3298457023006	1356.095250018295	1388.6913564890456	1292.176837290115
g1310	1232.5658518902057	1788.669874553861	1344.2685934678584	1614.21001210084	1626.9875064191185	1593.9299363517218
g1311	2808.503511150791	3070.2011258093726	2653.108421294621	2781.6829359818903	2889.135390186677	2871.783663102671
g1312	1313.9429854288505	1131.804610091237	1041.6057098482127	1403.7472060950724	1395.2650433836682	1477.9901632036124
g1313	228.2529355352233	273.69386019276004	280.39337378809995	301.7957218195913	269.52116267953073	297.68843255724937
g1314	514.0653069880246	404.1009347551927	465.6352055686859	542.0410003733448	537.3989036354058	489.3084249055438
g1315	43.66577897195576	37.02916932019694	24.294010725322742	37.72446522744891	27.938169302146477	29.226887721810566
g1316	432.68817344937975	458.83970679374477	437.2921930558094	444.75159004992395	407.5685874666074	395.04687311400903
g1317	371.1591212616239	368.6817293184826	403.8879283084906	325.62169985798005	354.97909230962586	410.7248724879604
g1318	333.44776669493484	338.09241553223296	348.214153729626	351.4331760662346	330.3277664547907	376.6590960704858
g1319	27.787313891244573	72.44837475690707	70.85753128219133	41.695461567180374	52.589495156981606	40.646665043577606
g132	220.31370299486767	255.98425747440496	290.5158782569845	190.60782430711026	213.64482407523778	202.26554747875525
g1320	9632.273879586422	10376.21722907258	9024.21273401051	10342.459966830598	10775.916242010262	11101.572001140177
g1321	2536.5847966436118	2706.3492881413504	2368.6660457189673	2551.365148277466	2649.1958185329486	2562.4818976758283
g1322	1625.5578626378076	1787.0599106703742	1595.3067042961934	1830.6293126162047	1526.7387812761222	1628.189268317023
g1323	498.1868419073134	357.41198213407483	397.8144256271599	379.2301504443548	396.0646354010177	380.530207027017
g1324	617.2753300126473	666.525047763545	710.5998137156902	738.6053191900522	757.6174146052663	766.4799693931777
g1325	2022.519489655587	2084.9032291154367	1689.445995856819	2144.3380234549904	1889.9349822040265	2017.0423639005821
g1326	6355.355648554651	7119.260292778734	6218.254495235734	6204.681780830412	6006.706399961493	6053.256202727839
g1327	1550.1351535044294	1333.05009552709	1256.2028045885634	1717.4559169338581	1807.7638960212428	1632.8346014648605
g1328	966.6015617882933	706.7741448507156	730.8448226534591	629.402919847437	703.384497724629	698.9290832017083
g1329	581.5487835810471	557.047503686441	478.7944613782357	516.2295241650903	512.7475777805706	539.2457562447963
g133	273.90352264226794	373.5116209689431	279.38112334121155	472.5485644280442	420.71596125585285	438.4033158271585
g1330	127.02772064568947	99.81776077618306	93.12704111373718	61.55044326583769	62.45002549891566	56.32466441752897
g1331	1248.4443169709168	1167.2238155279472	971.7604290129096	980.8360959136716	815.1371749332149	898.0977419152385
g1332	412.8400920984908	597.2966007736115	542.5662395322079	540.0555022034791	453.58439572896634	497.0506468186062
g1333	385.0527782072462	333.2625238817725	472.72095869690503	351.4331760662346	386.20410505908364	368.14265196611717
g1334	557.7310859599803	457.2297429102579	510.1742252317776	645.2869052063629	668.8726415278597	619.1841974971655
g1335	212.37447045451208	165.82627999914283	221.68284786857	198.5498169865732	170.91585926019022	175.55488187868997
g1336	520.0197313932913	462.0596345607184	503.08847210355844	700.8808539626034	788.8424273547241	672.4119731494695
g1337	412.8400920984908	384.78136815335085	365.42241132672956	470.5630662581785	476.59229986014583	456.7910928706817
g1338	843.5434574127817	701.9442532002552	607.3502681330685	756.4748027188439	772.4082101181673	717.8975268887112
g1339	2350.012831945255	2402.066114162341	2044.745902714664	2521.5826757294794	2521.0089240878056	2369.507016492748
g134	785.9840214952036	888.7000636847266	748.0530802505627	750.5183082092467	889.0911524977203	848.5475216716392
g1340	319.5541097493126	350.9721266001276	296.5893809383151	355.404172405966	397.7080571246734	413.6282057053588
g1341	911.0269340058042	872.6004248498584	782.46959544477	990.7635867630003	879.2306221557863	995.6497380198249
g1342	398.9464351528685	413.76071805611366	536.4927368508772	355.404172405966	333.6146099021021	327.4959869225396
g1343	520.0197313932913	468.4994900946657	675.1710480745945	379.2301504443548	534.1120601880945	436.08064925323976
g1344	1002.3281082198935	933.7790524223577	867.4986329833996	1119.8209678042729	1273.6518358331482	1131.3321770462435
g1345	2387.7241865119445	2007.624962708069	1950.6066111540385	2338.9168441018323	2443.768103075989	2453.3165687016485
g1346	2262.681274001344	2426.2155724146432	2063.9786612055445	2223.7579502496196	2144.6653493706563	2197.2425789271097
g1347	2332.1495587294553	2447.145102899972	2267.4410010301226	2305.1633752141147	2540.729984771674	2400.0887930493445
g1348	1153.1735264866497	1360.419481546366	1162.063513027938	1620.1665066104372	1783.1125701664075	1660.9001558997118
g1349	448.566638530091	542.5578287350596	491.9537171877855	581.7509637706595	557.1199643192739	569.2468661579131
g135	738.34862625307	684.2346504819001	842.1923718111884	1038.4155428397778	831.5713921697717	883.3875202804201
g1350	375.12873753180173	276.91378795973367	300.63838272586895	367.3171614251604	327.04092300747936	296.52709927028997
g1351	1047.9786953269381	806.5919056268987	994.0299388444555	770.373289907904	588.3449770687317	752.737525497492
g1352	956.6775211128488	708.3841087342024	637.717781539722	601.6059454693168	616.2831463708782	632.5395302971982
g1353	4356.653856520131	5195.35345201198	5356.829364933665	5591.162846341901	5275.383732934717	5213.2251251605685
g1354	412.8400920984908	462.0596345607184	615.4482717081761	407.02712482247506	381.27383988811664	366.01354094002505
g1355	6152.905218775584	7848.573931998265	8168.8611063897715	7652.109946662531	7484.142529527945	8223.788116054882
g1356	250.08582502120115	247.93443805697083	317.8466403229725	204.50631149617038	197.21060683868103	160.45754914821828
g1357	1577.922467395674	1774.1801996024797	1890.8838347876201	1441.4716713225214	1474.1492861191407	1400.7614996208151
g1358	29.77212202633347	49.90888038809153	29.35526295976498	11.912989019194391	13.147373789245401	17.226443756563842
g1359	817.740951656626	767.9527724232149	875.5966365585072	800.15576245589	746.1134625396766	789.1259684888853
g136	841.5586492776928	1378.129084264721	1741.0707686481298	1215.124879957828	900.59510456331	1344.2432796554594
g1360	1746.6311588782303	2527.643297074313	2001.219133498461	2098.671565548079	2120.014023515821	2000.009475691845
g1361	783.9992133601147	738.973422520452	597.2277636641841	964.9521105547457	752.6871494342993	824.5466337411458
g1362	496.2020337722245	437.91017630841606	408.9491805429328	470.5630662581785	414.14227436123014	492.2117581229422
g1363	484.2931849616911	576.3670702882829	511.186475678666	476.51956076777566	481.52256503111283	517.9546459838747
g1364	877.2851957092929	1073.8459102857114	1037.5567080606588	1042.3865391795093	1007.4175166009289	914.5499634804962
g1365	535.8981964740025	577.9770341717697	518.2722288068852	675.0693777543488	632.7173636074349	633.8944191319841
g1366	398.9464351528685	294.62339067808875	285.45462602254224	293.85372914012834	302.3895971526442	288.0106551659213
g1367	172.67830775273413	77.27826640736754	83.0045366448527	67.50693777543489	73.95397756450538	70.06710831321473
g1368	557.7310859599803	505.5286594148626	467.6597064624628	603.5914436391826	591.631820516043	640.4753077580872
g1369	450.55144666517987	321.9927766973647	357.324407751622	289.88273280039687	266.2343192322194	235.16999060927046
g137	303.6756446686014	458.83970679374477	447.41469752469385	571.8234729213308	366.48304437521557	412.2733168705729
g1370	621.2449462828251	491.0389844634812	579.007255620192	466.592069918447	488.09625192573554	510.9866462621185
g1371	97.25559861935601	99.81776077618306	125.5190554141675	61.55044326583769	52.589495156981606	49.74377579142593
g1372	363.2198887212683	410.54079028914003	363.3979104329527	448.7225863896554	415.78569608488584	446.1455377402209
g1373	635.1386032284473	661.6951561130845	594.1910123235187	788.2427734366955	670.5160632515154	761.6410806975138
g1374	859.4219224934928	748.633205821373	682.2568012028137	732.648824680455	882.5174656030975	845.4506329064143
g1375	321.5389178844015	296.23335456157554	337.07939881385306	273.998747441471	297.4593319816772	306.20487666161796
g1376	1919.3094666309644	2356.98712542471	2064.990911652433	2694.321016507798	2770.8090260834683	2763.9732229632773
g1377	1216.6873868094945	1278.311323488538	1422.2118778782688	1272.704326883934	1281.8689444514266	1285.5959486640118
g1378	156.79984267202295	196.41559378539247	213.58484429346242	194.57882064684173	200.49745028599236	169.36110434824005
g1379	5279.589639336469	5507.686445408423	5051.129729973353	5849.277608424446	5755.262876242175	5796.214435214167
g138	789.9536377653815	1064.1861269847905	876.6088870053956	843.8367221929361	767.4779449472003	758.5441919322888
g1380	196.4960053738009	235.05472698907624	235.85435412500829	234.28878404415636	182.41981132577993	178.2646595482618
g1381	476.3539524213355	568.3172508708487	694.4038065654751	508.28753148562737	543.9725905300285	549.891311375257
g1382	514.0653069880246	354.1920543671012	433.24319126825554	627.4174216775713	580.1278684504533	511.5673129055982
g1383	297.7212202633347	241.49458252302355	347.20190328273753	266.0567547620081	264.5908975085637	240.39599040058758
g1384	1990.7625594941646	2347.327342123789	2082.1991692495367	2285.3083935154573	2212.0456400405387	2258.212576492476
g1385	234.20735994048997	230.22483533861578	324.9323934511917	260.10026025241086	241.58299337738424	216.78221356574724
g1386	1012.252148895338	914.4594858205159	810.8126079576465	941.126132516357	941.6806476547018	976.4877387849954
g1387	2268.6356984066106	1832.1388994080053	1841.2835628900862	2291.2648880250545	2103.579806279264	2159.112136005277
g1388	611.3209056073806	510.3585510653231	529.4069837226581	555.9394875624049	583.4147118977647	588.0217542970894
g1389	1351.6543399955397	1395.838686983076	1254.1783036947866	1812.7598290874132	1735.453340180393	1669.2230444562538
g139	1133.3254451357607	1059.35623533433	1003.1401928664516	1012.6040666315233	1043.5727945213537	972.8101833762908
g1390	742.3182425232478	727.7036753360443	797.6533521480967	649.2579015460943	591.631820516043	691.3804168364725
g1391	726.4397774425366	491.0389844634812	465.6352055686859	470.5630662581785	417.4291178085415	442.2744267836897
g1392	448.566638530091	407.3208625221664	621.5217743895068	466.592069918447	438.7936002160653	492.40531367076875
g1393	309.63006907386807	281.74367961019414	378.07554191283515	162.81084992899002	146.26453340535508	148.45710518297156
g1394	3781.059497344351	4251.914616288701	5021.774467013588	6141.145839394709	5260.592937421816	5591.626221161493
g1395	267.94909823700124	264.0340768918391	249.0136099345581	133.02837738100405	159.4119071946005	147.10221634818564
g1396	766.1359401443146	629.495878443348	676.6894237449272	472.5485644280442	558.7633860429296	554.9237556187477
g1397	65.49866845793363	132.01703844591955	237.87885501878517	93.3184139836894	85.45792963009511	77.22866358279745
g1398	2399.6330353224776	2318.3479922210263	2217.8407291325884	2753.8859616037703	2706.715578860897	2604.6770071020183
g1399	1665.2540253395855	3073.4210535763464	2460.780836385816	1733.339902292784	1692.7243753653454	1683.1590438997662
g14	518.0349232582024	470.1094539781525	779.4328441041047	395.11413580328065	356.6225140332815	391.562873253131
g140	2141.607977760921	1967.3758656208986	1763.3402784796756	2722.1179908859185	2544.016828218985	2561.707675484522
g1400	252.07063315629006	230.22483533861578	296.5893809383151	270.02775110173957	238.29614993007291	253.17065655714055
g1401	210.3896623194232	144.89674951381414	157.91106971459783	234.28878404415636	287.59880163974316	219.68554678314564
g1402	464.44510361080216	354.1920543671012	368.45916266739493	452.6935827293869	368.1264660988712	442.0808712358631
g1403	1716.8590368518967	2083.2932652319496	1741.0707686481298	2535.4811629185397	2672.203722664128	2536.5454542670695
g1404	2600.0986569664565	3234.417441925029	3597.5380882415425	2759.8424561133675	2951.5854156855926	2986.755658511648
g1405	1347.6847237253617	1236.4522625178806	1173.1982679437108	1201.226392768768	1313.0939572008845	1266.2403938813559
g1406	1248.4443169709168	1300.8508178573536	1045.6547116357663	1691.6444407256035	1771.608618100818	1888.1343690480933
g1407	603.381673067025	621.4460590259139	657.9627904774909	776.3297844175012	709.9581846192517	788.5453018454056
g1408	182.60234842817863	140.06685786335365	132.60480854238662	142.9558682303327	128.18689444514266	155.0379938090746
g1409	434.6729815844687	371.9016570854563	523.3334810413274	405.0416266526093	387.84752678273935	415.17665008797127
g141	460.47548734062434	349.36216271664074	459.5617028873552	385.186644953952	361.55277920424857	412.0797613227463
g1410	1034.0850383813158	1196.20316543071	1194.4555273283681	1072.1690117274952	1009.0609383245845	986.1655161763234
g1411	148.86061013166736	173.87609941657695	214.59709474035088	176.70933711805014	174.20270270750157	156.19932709603395
g1412	956.6775211128488	961.1484384416337	882.6823896867263	915.3146563081024	1027.138577284797	974.1650722110767
g1413	53.58981964740025	75.66830252388071	109.32304826395234	65.52143960556916	73.95397756450538	53.61488674795713
g1414	71.45309286320033	93.37790524223577	63.7717781539722	53.608450586374765	47.65922998601458	48.19533140881345
g1415	2580.2505756155674	2669.3201188211538	2260.3552479019036	3311.810947336041	3311.4947731661855	3197.537650094772
g1416	1020.1913814356936	798.5420862094645	754.1265829318935	1215.124879957828	1216.1320755051997	1137.1388434810403
g1417	454.52106293535763	452.39985125979746	468.67195690935125	405.0416266526093	519.3212646751933	461.6299815663457
g1418	214.359278589601	189.9757382514452	273.30762065988085	176.70933711805014	170.91585926019022	192.39421453960068
g1419	345.35661550546826	320.38281281387793	409.9614309898213	428.8676046909981	368.1264660988712	380.3366514791905
g142	1115.4621719199606	1289.5810706729458	1123.5979960461768	1177.400414730379	1122.4570372568262	1248.0461723856592
g1420	293.7516039931569	281.74367961019414	289.503627810096	327.60719802784575	445.367287110688	395.8210953053153
g1421	754.2270913337812	1003.0074994122912	1017.3116991228898	726.6923301708579	749.4003059869879	731.639970784397
g1422	1925.2638910362311	2012.4548543585295	1681.3479922817114	2386.5688001786098	2149.595614541623	2023.0425858832054
g1423	577.5791673108694	420.20057359006097	385.6674202644985	641.3159088666314	655.7252677386144	665.63752897554
g1424	1786.3273215800082	1684.0222221272174	1581.135198039755	1721.4269132735897	1735.453340180393	1638.4477123518307
g1425	758.196707603959	653.6453366956504	619.4972734957299	613.5189344885111	887.4477307740646	775.577080141026
g1426	1824.0386761466973	1460.237242322549	1564.93919088954	1395.8052134156096	1479.0795512901077	1464.6348304035798
g1427	267.94909823700124	239.8846186395367	304.6873845134227	424.89660835126665	356.6225140332815	358.85198567044233
g1428	1554.1047697746071	1577.7646058170872	1302.7663251454321	1765.1078730106358	1811.050739468554	1764.8394850825744
g1429	182.60234842817863	160.99638834868236	209.53584250590865	117.14439202207818	179.1329678784686	173.61932640042437
g143	843.5434574127817	908.0196302865685	749.0653306974513	677.0548759242146	746.1134625396766	640.4753077580872
g1430	180.61754029308972	186.75581048447154	195.36433624947037	206.49180966603612	195.56718511502535	203.81399186136773
g1431	1389.3656945622286	1065.7960908682774	1140.8062536432803	1449.4136640019842	1447.8545385406499	1518.8303837950166
g1432	512.0804988529356	444.3500318423633	459.5617028873552	472.5485644280442	494.66993882035825	491.2439803838094
g1433	351.31103991073496	239.8846186395367	286.46687646943064	293.85372914012834	313.89354921823394	311.043765357282
g1434	516.0501151231135	756.6830252388071	811.824858404535	681.0258722639461	581.771290174109	615.3130865406343
g1435	506.126074447669	581.1969619387434	498.0272198691162	452.6935827293869	540.6857470827172	537.1166452187041
g1436	3016.908365335125	2637.120841151417	2453.6950832575967	1773.0498656900986	1730.523075009426	1756.1294854303792
g1437	529.9437720687358	985.2978966939361	671.1220462870407	472.5485644280442	455.22781745262205	536.7295341230509
g1438	998.3584919497157	1257.3817930032092	1083.107978170639	1318.370784790846	1247.3570882546574	1231.2068397247485
g1439	2645.749244073501	3546.7504353214727	4368.87292877054	2051.019609471301	1894.8652473749935	2144.5954699182853
g144	1069.811584812916	790.4922667920304	735.9060748879014	849.7932167025333	869.3700918138521	906.8077415674338
g1440	881.2548119794707	1070.6259825187378	1533.0533018125539	635.3594143570342	594.9186639633544	606.6030868884392
g1441	394.97681888269074	429.8603568909819	606.3380176861801	561.8959820720021	522.6081081225047	488.92131380989065
g1442	658.9563008495142	785.6623751415699	1169.6553913796013	490.4180479568358	478.2357215838015	443.43576007064905
g1443	51.60501151231135	43.46902485414424	111.34754915772923	63.53594143570342	54.23291688063728	59.42155318275393
g1444	664.9107252547808	624.6659867928876	701.9956849171384	667.127385074886	749.4003059869879	671.0570843146836
g1445	3479.3686608108383	3453.3725300792366	3234.14017780859	3377.33238694161	3520.209332070456	3585.8100790348512
g1446	813.7713353864482	830.741363879201	839.155620470523	778.3152825873669	598.2055074106657	686.9286392364615
g1447	3276.9182310317706	3197.388272604832	5402.380635043644	4693.71767356259	4116.771417757466	4817.597585403079
g1448	6607.426281710941	8323.513277626878	6589.750409243794	10884.500967203943	9045.393167000837	10139.407372894348
g1449	1042.0242709216714	1550.3952197978113	1812.9405503772095	1153.5744366919903	1127.3873024277932	1254.0463943682826
g145	389.02239447742403	315.5529211634174	274.3198711067693	323.6362016881143	417.4291178085415	369.11042970525
g1450	2159.471250976721	2637.120841151417	2696.6351905108245	2360.757323970355	2322.154895525469	2389.249682371057
g1451	694.6828472811143	1052.9163798003826	1112.463241130404	800.15576245589	696.8108108300063	772.093080280148
g1452	579.5639754459582	635.9357339772954	709.5875632688018	464.6065717485813	442.0804436633766	456.210426227202
g1453	847.5130736829594	1146.2942850426184	947.466418287587	951.0536233656856	871.0135135375078	861.9028544716718
g1454	3070.4981849825253	2783.6275545487183	2863.6565142474183	2531.5101665788084	2465.1325854835127	2556.868786788858
g1455	694.6828472811143	869.3804970828847	783.4818458916584	841.8512240230704	821.7108618278376	820.2884116889614
g1456	2514.751907157634	2329.617739405434	2211.767226451258	2023.2226350931808	2290.9298827760113	2076.463917083336
g1457	708.5765042267366	840.4011471801219	721.7345686314632	955.0246197054171	990.9832993643721	1019.4570704024917
g1458	4011.297241014663	3955.6812617271257	3457.847526570937	3639.4181453638867	3521.852753794112	3628.0051884610416
g1459	4009.312432879574	3954.071297843639	3454.8107752302717	3635.4471490241554	3520.209332070456	3626.0696329827756
g146	3703.651980075884	3487.18177163246	3098.498617925538	3331.6659290346984	3288.486869035006	3494.2583049128884
g1460	434.6729815844687	326.8226683478252	336.0671483669646	285.9117364606654	317.1803926655453	300.01109913116807
g1461	1448.9099386148955	1632.5033778556392	1386.783112237173	1594.3550304021828	1723.9493881148032	1647.7383786475057
g1462	37.71135456668906	41.85906097065742	25.30626117221119	45.66645790691184	9.860530341934052	25.742887860932484
g1463	238.17697621066776	178.70599106703742	154.87431837393248	214.43380234549906	202.14087200964804	218.5242134961863
g1464	4545.210629353576	4483.749415510804	3836.429193707216	4304.560032268907	4236.741203584331	4220.6722759059685
g1465	331.46295855984596	201.24548543585297	285.45462602254224	244.21627489348504	236.65272820641724	214.84665808748164
g1466	1327.8366423744728	1275.0913957215644	1089.1814808519696	1282.6318177332628	1322.9544875428185	1293.9188372205538
g1467	2230.924343839921	2402.066114162341	2059.929659417991	1608.2535175912428	1779.825726719096	1752.4519300216746
g1468	2173.3649079223433	2368.2568726091176	2072.076664780652	2299.2068807045175	2407.612825155564	2193.565023518405
g1469	952.707904842671	1155.9540683435393	890.7803932618339	1016.5750629712547	917.0293217998667	954.6159618805941
g147	416.80970836866857	465.279562327692	430.2064399275902	464.6065717485813	369.7698878225269	378.5946515487514
g1470	660.941108984603	444.3500318423633	477.78221093134727	434.8240992005953	456.8712391762777	435.112871514107
g1471	557.7310859599803	656.865264462624	620.5095239426183	722.7213338311265	719.8187149611857	662.540640210315
g1472	4314.972885683264	5050.456702498166	4396.203690836528	4278.748556060652	4266.322794610132	4271.1902738887
g1473	1599.7553568816518	1323.390312226169	1376.6606077682886	1385.877722566281	1454.4282254352725	1498.3134957254013
g1474	1464.7884036956068	1619.6236667877447	1488.008156926018	1636.050491969363	1820.9112698104882	1805.099039030499
g1475	97.25559861935601	93.37790524223577	138.67831122371732	89.34741764395794	131.473737892454	145.55377196557316
g1476	392.9920107476018	363.85183766802214	548.6397422135386	444.75159004992395	391.1343702300507	433.1773160358414
g1477	1726.7830775273412	1737.1510302822828	1532.5471765891095	2102.64256188781	1719.0191229438362	1902.8445906829118
g1478	867.3611550338485	689.0645421323605	818.910611532754	855.7497112121305	872.6569352611635	815.2559674454709
g1479	1792.281745985275	2060.7537708631344	1720.825759710361	2579.162122655586	2484.8536461673807	2486.2210118321636
g148	313.5996853440459	296.23335456157554	358.33665819851046	323.6362016881143	312.2501274945783	384.5948735313748
g1480	1810.145019201075	1883.6577436795837	1551.77993507999	2352.8153312908926	2348.4496431039597	2370.474794231881
g1481	261.99467383173453	321.9927766973647	325.94464389808013	339.52018704704017	290.8856450870545	303.107987896393
g1482	297.7212202633347	341.3123432992066	348.214153729626	277.96974378120245	318.823814389201	298.8497658442087
g1483	1500.514950127207	1630.8934139721523	1434.3588832409303	1465.29764936091	1419.9163692385034	1479.9257186818782
g1484	702.6220798214699	595.6866368901248	551.676493554204	609.5479381487797	562.0502294902409	565.9564218448616
g1485	581.5487835810471	518.4083704827572	505.11297299733536	555.9394875624049	570.2673381085193	597.1188650449377
g1486	4219.702095198997	4408.0811129869235	3763.547161531248	4659.964204674873	4601.5808262358905	4655.398036324422
g1487	762.1663238741369	721.263819802097	794.6166008074314	788.2427734366955	714.8884497902187	708.6068605930363
g1488	299.7060283984236	267.25400465881273	262.1728657441079	164.79634809885576	172.5592809838459	205.16888069615365
g1489	551.7766615547137	726.0937114525575	551.676493554204	333.563692537443	276.09484957415344	334.46398664429574
g149	1242.4898925656503	1186.543382129789	1076.0222250424197	1538.7610816459423	1502.0874554212871	1547.283049325521
g1490	1804.1905947958082	1687.2421498941912	1901.0063392565046	1518.906099947285	1562.894059196547	1517.4754949602307
g1491	220.31370299486767	123.96721902848542	134.62930943616354	248.1872712332165	197.21060683868103	227.42776869620806
g1492	218.32889485977879	156.1664966982219	177.14382820547831	226.34679136469344	294.17248853436587	251.4286566267015
g1493	512.0804988529356	510.3585510653231	514.2232270193314	609.5479381487797	512.7475777805706	624.0230861928296
g1494	1288.140479672695	1228.4024431004464	1117.5244933648462	1282.6318177332628	1189.837327926709	1300.499725846657
g1495	345.35661550546826	476.5493095120998	397.8144256271599	498.3600406362987	529.1817950171275	512.3415350969044
g1496	178.63273215800083	217.3451242707212	226.74410010301224	212.44830417563333	147.90795512901076	188.3295480352429
g1497	254.05544129137894	175.4860633000638	186.25408222747436	150.89786090979564	164.3421723655675	176.71621516564932
g1498	903.0877014654486	774.3926279571622	739.9550766754552	1046.3575355192406	1092.875446231024	1069.7815128373973
g1499	2363.9064888908774	2442.3152112495113	2156.0934518723934	2533.495664748674	2402.682559984597	2348.409461779653
g15	577.5791673108694	521.6282982497308	867.4986329833996	438.79509554032677	397.7080571246734	438.4033158271585
g150	1307.9885610235838	1296.0209262068931	1218.749538053691	1280.6463195633971	1372.2571392524887	1346.5659462293781
g1500	367.18950499144614	326.8226683478252	385.6674202644985	532.1135095240162	514.3909995042263	522.7935346795387
g1501	291.766795858068	342.92230718269343	325.94464389808013	162.81084992899002	177.48954615481293	168.78043770476035
g1502	158.78465080711183	186.75581048447154	230.79310189056605	95.30391215355513	96.96188169568484	94.26155179153474
g1503	2524.675947833078	3179.6786698864767	2589.336643140649	2865.0738591162512	2898.995920528611	2751.5856679023777
g1504	152.83022640184515	201.24548543585297	216.62159563412777	182.66583162764735	203.7842937333037	194.91043666134595
g1505	194.51119723871201	730.923603103018	606.3380176861801	270.02775110173957	259.66063233759667	268.65510038326534
g1506	323.52372601949037	238.2746547560499	233.8298532312314	277.96974378120245	225.1487761408275	239.8153237571079
g1507	831.6346086022482	719.6538559186101	712.6243146094671	667.127385074886	655.7252677386144	704.9293051843317
g1508	400.9312432879574	315.5529211634174	410.97368143670974	375.25915410462335	450.297552281655	376.4655405226593
g1509	593.4576323915805	643.9855533947294	593.1787618766302	573.8089710911966	581.771290174109	570.4081994448725
g151	345.35661550546826	370.29169320196945	320.8833916636379	385.186644953952	328.684344731135	345.8837639660628
g1510	410.8552839634019	434.6902485414424	531.431484616435	546.0119967130763	488.09625192573554	540.6006450795823
g1511	335.4325748300238	265.6440407753259	296.5893809383151	347.4621797265031	335.2580316257577	321.8828760355693
g1512	819.7257597917148	1048.0864881499222	857.3761285145151	1026.5025538205834	1002.4872514299618	1003.5855154807139
g1513	1913.3550422256976	2047.8740597952396	1847.3570655714168	1858.4262869943252	2208.7587965932275	2128.336803900854
g1514	2153.516826571454	2744.988421345034	2712.8311976610394	3006.044229176718	3194.8118307866325	3007.272546581263
g1515	182.60234842817863	143.2867856303273	157.91106971459783	196.56431881670747	128.18689444514266	141.68266100904194
g1516	1175.0064159726276	988.5178244609098	1305.8030764860973	1183.3569092399762	931.8201173127678	1044.6192916199445
g1517	81.37713353864481	40.24909708717059	109.32304826395234	49.6374542466433	52.589495156981606	69.67999721756162
g1518	885.2244282496486	540.9478648515727	635.693280645945	772.3587880777698	721.4621366848414	776.1577467845058
g1519	182.60234842817863	154.55653281473508	214.59709474035088	125.0863847015411	118.32636410320862	94.26155179153474
g152	420.7793246388464	507.13862329834944	400.85117696782527	466.592069918447	558.7633860429296	528.7937566621621
g1520	732.3942018478034	553.8275759194673	587.1052591952996	573.8089710911966	550.5462774246512	550.6655335665633
g1521	1367.5328050762507	1339.4899510610373	1148.904257218388	1826.6583162764734	1740.38360535136	1801.6150391696208
g1522	531.9285802038247	569.9272147543355	566.8602502575307	458.65007723898407	476.59229986014583	518.5353126273543
g1523	450.55144666517987	265.6440407753259	280.39337378809995	309.73771449905416	359.90935748059286	345.49665287040966
g1524	144.89099386148956	114.30743572756448	136.65381032994043	115.15889385221246	119.96978582686428	145.16666086992004
g1525	3834.649316991751	4945.8090500715225	3909.3112258831848	3154.956591916648	2848.0498470952853	2981.916769815984
g1526	911.0269340058042	1128.5846823242634	983.907434375571	1046.3575355192406	981.1227690224381	1005.714626506806
g1527	589.4880161214027	738.973422520452	833.0821177891924	873.619194740922	790.4858490783797	803.4490790280507
g1528	246.11620875102335	247.93443805697083	296.5893809383151	246.20177306335077	218.5750892462048	251.62221217452804
g1529	539.8678127441802	455.6197790267711	402.8756778616021	500.3455388061644	557.1199643192739	475.37242546203146
g153	353.29584804582385	388.0012959203245	399.8389265209368	409.01262299234077	470.0186129655231	416.5315389227572
g1530	158.78465080711183	120.74729126151178	94.13929156062562	115.15889385221246	149.55137685266644	112.64932883505794
g1531	1036.0698465164048	908.0196302865685	795.6288512543198	953.0391215355513	925.2464304181451	863.0641877586312
g1532	293.7516039931569	347.7521988331539	304.6873845134227	218.4047986852305	287.59880163974316	290.5268772876666
g1533	265.96429010191235	310.72302951295694	281.4056242349884	287.89723463053116	292.52906681071016	296.9142103659431
g1534	127.02772064568947	117.52736349453812	133.61705898927508	150.89786090979564	134.76058133976537	125.81110608726402
g1535	668.8803415249587	672.9649032974922	528.3947332757697	782.2862789270984	723.1055584084971	772.6737469236277
g1536	200.4656216439787	141.6768217468405	155.88656882082094	198.5498169865732	161.05532891825618	211.94332487008325
g1537	1002.3281082198935	1020.7171021306463	839.155620470523	964.9521105547457	1004.1306731536175	1026.812181219901
g1538	3532.9584804582387	4380.711726967647	3660.2976159486266	4113.952207961796	4386.292580436997	4049.7627271751157
g1539	1748.6159670133193	1928.7367324172149	1690.4582463037075	2009.3241479041208	1875.1441866911255	1972.5245879004733
g154	5370.890813550558	5741.131208514013	5435.784899790963	5424.38100007318	5668.161524888424	5568.980222065786
g1540	821.7105679268038	1017.4971743636726	848.2658744925191	960.9811142150143	774.051631841823	880.8712981586748
g1541	1206.76334613405	1267.0415763041303	1184.3330228594837	1183.3569092399762	1055.0767465869435	1095.911511793983
g1542	2377.8001458364997	2706.3492881413504	2295.784013542999	3004.058731006852	3018.9657063554755	3106.7600981641153
g1543	303.6756446686014	260.8141491248654	284.4423755756538	369.3026595950261	262.947475784908	324.39909815731465
g1544	482.3083768266022	563.4873592203883	492.965967634674	534.0990076938818	527.5383732934718	561.5046442448506
g1545	579.5639754459582	684.2346504819001	632.6565293052797	970.908605064343	805.2766445912808	972.6166278284642
g1546	462.4602954757132	500.69876776440213	371.49591400806025	559.9104839021364	493.02651709670255	546.7944226100321
g1547	1079.7356254883605	1054.5263436838695	894.8293950493877	1201.226392768768	1155.3254717299396	1147.0101764201947
g1548	762.1663238741369	693.894433782821	724.7713199721285	750.5183082092467	698.454232553662	718.0910824365377
g1549	813.7713353864482	893.5299553351871	1185.345273306372	1510.964107267822	1446.2111168169943	1368.244167585953
g155	1296.0797122130505	1415.158253584918	1115.4999924710692	692.9388612831405	598.2055074106657	669.5086399320712
g1550	569.6399347705137	590.8567452396643	681.2445507559253	1185.342407409842	1060.0070117579105	1137.9130656723464
g1552	29710.592974145715	32089.80012565937	30702.062179350058	35977.226837967064	33517.58605395749	33006.64045976763
g1554	396.9616270177796	354.1920543671012	496.0027189753393	502.3310369760302	354.97909230962586	349.94843047042053
g1555	2284.5141634873216	2218.530231444843	3440.133143750389	1792.904847388756	1590.8322284986937	1615.2210466126435
g1556	645.0626439038919	560.2674314534146	760.2000856132241	514.2440259952245	603.1357725816328	618.7970864015125
g1557	803.8472947110037	747.0232419378862	898.8783968369414	887.5176819299821	926.8898521418008	911.6466302630978
g1558	265.96429010191235	220.56505203769484	371.49591400806025	279.9552419510682	269.52116267953073	325.9475425399271
g1559	246.11620875102335	257.5942213578918	365.42241132672956	206.49180966603612	267.877740955875	227.23421314838149
g156	325.50853415457925	301.063246212036	356.31215730473355	246.20177306335077	220.21851096986046	261.1064340180295
g1560	956.6775211128488	864.5506054324243	1235.4516704273503	1032.4590483301806	1035.3556859030753	1026.2315145764214
g1561	81.37713353864481	46.688952621117885	77.94328441041047	45.66645790691184	77.24082101181673	56.32466441752897
g1562	224.2833192650455	202.85544931933978	199.41333803702418	192.593322476976	254.73036716662966	208.2657694613786
g1563	244.13140061593447	201.24548543585297	408.4430553194886	279.9552419510682	281.02511474512045	251.62221217452804
g1564	305.6604528036903	235.05472698907624	256.6054882862215	248.1872712332165	244.8698368246956	264.9775449745607
g1565	561.7007022301582	333.2625238817725	373.52041490183717	389.15764129368347	428.9330698741312	436.27420480106633
g1566	109.16444742988939	146.50671339730096	194.35208580258194	99.2749084932866	141.33426823438808	122.71421732203906
g1567	404.9008595581352	249.54440194045767	853.8332519504055	222.37579502496197	295.8159102580215	237.49265718318918
g1568	111.14925556497829	101.42772465966989	109.32304826395234	138.98487189060123	113.39609893224159	126.39177273074371
g1569	35.72654643160016	37.02916932019694	33.91038997076299	15.883985358925855	23.00790413117945	23.420221287013764
g157	787.9688296302925	911.2395580535422	823.9718637671963	893.4741764395794	816.7805966568706	812.546189775899
g1570	4189.929973172664	4815.401975509089	8294.38016180394	3424.984343018388	3477.4803672554085	3594.9071897827
g1571	15.878465080711184	19.319566601841885	17.714382820547833	31.76797071785171	6.573686894622701	15.677999373951364
g1572	83.36194167373371	72.44837475690707	89.07803932618339	57.57944692610623	49.30265170967026	64.84110852189761
g1573	79.39232540355592	54.73877203855201	379.0877923597236	67.50693777543489	44.37238653870323	51.48577572186497
g1575	23.817697621066777	8.049819417434119	22.77563505499007	15.883985358925855	9.860530341934052	17.613554852216964
g1576	73.43790099828922	67.61848310644659	172.5887011944803	97.28941032342087	73.95397756450538	74.13177481757249
g1577	61.52905218775584	49.90888038809153	56.68602502575306	83.39092313436075	44.37238653870323	48.58244250446657
g158	2119.7750882749433	2596.8717440642467	2846.4482566503148	3103.333639500139	2986.097271882362	3086.630321190153
g1584	111.14925556497829	49.90888038809153	332.0181465794108	59.56494509597196	64.09344722257133	61.93777530449921
g1585	317.56930161422366	339.7023794157198	1240.0067974383483	299.8102236497255	251.4435237193183	267.10665600065283
g1586	19.84808135088898	9.659783300920942	12.147005362661371	11.912989019194391	3.2868434473113504	7.5486663652358414
g159	708.5765042267366	743.8033141709126	706.5508119281365	990.7635867630003	941.6806476547018	911.2595191674446
g1591	13.893656945622286	14.489674951381414	25.812386395655412	11.912989019194391	19.721060683868103	19.355554782656004
g1592	261.99467383173453	272.0838963092732	897.866146390053	228.33228953455918	197.21060683868103	229.75043527012676
g1597	13.893656945622286	19.319566601841885	32.392014300430326	45.66645790691184	3.2868434473113504	18.387777043523204
g16	2552.463261724323	2971.9933289166765	5597.238846069671	2370.684814819684	2438.837837905022	2434.735236110299
g160	2103.896623194232	2506.7137665889845	2568.585508979436	3152.971093746782	2897.3524988049553	2886.880995833143
g1608	17.86327321580008	28.979349902762827	6.5796279047749096	3.970996339731464	13.147373789245401	7.5486663652358414
g161	484.2931849616911	360.6319099010485	601.2767654517379	645.2869052063629	642.577893949369	707.6390828539035
g1610	97.25559861935601	112.69747184407765	388.1980463817196	85.37642130422647	92.0316165247178	78.58355241758338
g1611	7.939232540355592	3.2199277669736475	16.196007150215163	5.956494509597196	14.790795512901077	11.613332869593602
g162	311.614877208957	352.58209048361437	332.0181465794108	196.56431881670747	213.64482407523778	194.7168811135194
g1623	29.77212202633347	14.489674951381414	101.73116991228898	13.898487189060123	11.503952065589726	10.839110678287362
g1626	25.802505756155675	25.75942213578918	90.59641499651606	31.76797071785171	21.364482407523777	20.903999165268484
g1627	17.86327321580008	24.149458252302356	20.751134161213177	13.898487189060123	24.65132585483513	15.677999373951364
g1628	25.802505756155675	20.92953048532871	166.0090732897054	7.941992679462928	8.217108618278376	16.645777113084165
g1629	43.66577897195576	75.66830252388071	224.71959920923535	59.56494509597196	49.30265170967026	50.905109078385294
g163	466.42991174589105	883.8701720342661	829.0331160016385	329.5926961977115	335.2580316257577	346.07731951388934
g1634	15.878465080711184	16.099638834868237	15.689881926770937	11.912989019194391	21.364482407523777	15.484443826124803
g1637	1129.355828865583	1143.0743572756448	2182.9180887149373	871.6336965710564	940.0372259310462	942.2284068196943
g1638	15.878465080711184	19.319566601841885	78.44940963385469	19.85498169865732	8.217108618278376	11.226221773940482
g164	5511.81219114187	7452.522816660507	6259.75676355816	4924.035461267015	5212.933707435802	5045.606020742767
g1648	23.817697621066777	14.489674951381414	113.87817527495035	27.796974378120247	8.217108618278376	17.226443756563842
g165	1171.0367997024498	1310.5106011582745	1124.6102464930652	1171.4439202207818	1235.8531361890678	1192.689285707263
g1651	649.0322601740696	511.9685149488099	534.4682359571003	530.1280113541504	420.71596125585285	426.98353850539144
g1652	206.4200460492454	135.23696621289318	224.71959920923535	103.24590483301806	77.24082101181673	98.90688493937218
g1653	1377.4568457516953	1101.2152963049873	1603.404707871301	1066.212517217898	1193.12417137402	1125.1383995157935
g1654	206.4200460492454	231.83479922210262	179.16832909925523	113.17339568234672	106.82241203761889	115.93977314810947
g1655	144.89099386148956	157.7764605817087	281.91174945843267	109.20239934261525	118.32636410320862	97.74555165241281
g1656	335.4325748300238	350.9721266001276	274.3198711067693	305.7667181593227	277.7382712978091	274.8488779137153
g1657	97.25559861935601	164.216316115656	168.0335741834823	93.3184139836894	83.81450790643943	87.48710761760513
g1658	1466.7732118306956	1614.7937751372842	1546.2125576221038	1475.2251402102388	1459.3584906062395	1468.118830264458
g1659	69.46828472811143	120.74729126151178	101.73116991228898	85.37642130422647	92.0316165247178	84.58377440020674
g166	674.8347659302253	872.6004248498584	795.6288512543198	921.2711508176997	917.0293217998667	848.5475216716392
g1660	210.3896623194232	178.70599106703742	301.65063317275735	148.9123627399299	139.6908465107324	127.35955046987651
g1661	2004.656216439787	1555.2251114482717	2078.150167461983	1505.007612758225	1546.4598419599904	1449.150386577455
g1662	6940.874048405876	7006.562820934657	7090.814380453575	5313.193102560699	5290.174528447618	5364.972674656591
g1663	1534.2566884237183	2326.39781163846	1820.0263035054288	1570.5290523637939	1592.4756502223493	1601.4786027169578
g1664	16731.93257879941	16593.89774709869	14350.674585537521	17978.685928134204	16241.936894889037	17275.413310163964
g1665	261.99467383173453	389.6112598038113	560.2806223527557	196.56431881670747	192.280341667714	193.7491033743866
g1666	2818.4275518262352	3477.521988331539	3239.2014300430324	3059.652679763093	2874.344594673776	3034.176767729155
g1667	1335.7758749148284	1141.464393392158	1101.3284862146309	1205.1973891084992	1291.7294747933606	1217.4643958290626
g1668	194.51119723871201	189.9757382514452	229.7808514436776	160.8253517591243	195.56718511502535	174.19999304390404
g1669	315.5844934791348	231.83479922210262	251.038110828335	295.83922730999404	266.2343192322194	306.9790988529242
g167	817.740951656626	813.0317611608459	694.4038065654751	621.4609271679741	705.0279194482847	692.928861219085
g1670	15610.515982474182	18517.804587865445	17961.371929588615	18842.377632025797	16695.521290618006	18381.1961548971
g1671	2024.504297790676	2094.5630124163577	1898.9818383627276	1959.6866936574775	1968.8192249394988	2002.138586717937
g1672	2082.063733708254	1954.4961545530039	1778.5240351830023	1640.0214883090946	1653.2822539976091	1676.1910441780099
g1673	379.0983538019795	402.49097087170594	469.68420735623965	403.0561284827436	417.4291178085415	389.8208733226919
g1674	208.40485418433428	180.31595495052426	148.8008156926018	138.98487189060123	165.98559408922318	130.2628836872749
g1675	154.81503453693404	112.69747184407765	118.43330228594837	87.3619194740922	110.10925548493023	102.1973292524237
g1676	1089.659666163805	1106.0451879554478	923.1724075622642	1360.0662463580263	1434.7071647514044	1430.762609533932
g1677	686.7436147407587	547.3877203855201	430.2064399275902	796.1847661161585	688.5937022117279	766.8670804888309
g1678	696.6676554162032	447.569959609337	482.8434631657895	619.4754289981083	438.7936002160653	497.63131346208587
g1679	1073.781201083094	1051.306415916896	926.2091589029295	1038.4155428397778	1132.3175675987602	1044.2321805242914
g168	97.25559861935601	136.84693009638002	178.15607865236677	117.14439202207818	108.46583376127457	118.84310636550786
g1680	23.817697621066777	25.75942213578918	27.330762065988086	45.66645790691184	21.364482407523777	31.549554295729287
g1681	295.73641212824583	362.2418737845353	442.3534452902516	555.9394875624049	504.53046916229226	522.0193124882325
g1682	448.566638530091	515.1884427157836	586.0930087484112	343.49118338677164	386.20410505908364	376.2719849748327
g1683	613.3057137424695	502.308731647889	512.1987261255545	573.8089710911966	599.8489291343215	570.4081994448725
g1684	2528.645564103256	2653.220479986285	2624.7654087817446	2745.9439689243072	2703.428735413586	2793.587221780741
g1685	1573.9528511254962	1463.4571700895226	1518.3756703326715	1713.4849205941266	1595.7624936696607	1623.9310462648386
g1686	87.33155794391152	69.22844698993342	93.12704111373718	105.2314030028838	73.95397756450538	90.00332973935042
g1687	946.7534804374044	729.3136392195311	641.7667833272758	776.3297844175012	772.4082101181673	770.9317469931887
g1688	1087.674858028716	969.1982578590679	900.9028977307183	1107.9079787850785	1102.735976572958	1070.5557350287036
g1689	1087.674858028716	970.8082217425547	903.9396490713837	1109.8934769549442	1102.735976572958	1071.3299572200099
g169	138.93656945622286	188.36577436795838	207.51134161213176	170.75284260845294	200.49745028599236	212.52399151356292
g1690	5749.989167352537	6301.398639967428	5378.086624318322	7912.210206914941	8378.163947196632	8307.984779359436
g1691	2135.6535533556544	2624.2411300835224	2269.4655019238994	2624.828580562498	2550.590515113608	2456.8005685625267
g1692	3890.22394477424	4552.9778625007375	3744.314403040368	5068.976827667214	4984.498087847663	5014.443577542691
g1693	674.8347659302253	840.4011471801219	820.935112426531	897.4451727793108	769.121366670856	905.0657416369947
g1694	383.0679700721573	368.6817293184826	424.13293724625953	416.9546156718037	387.84752678273935	369.88465189655625
g1695	1758.5400076887636	1399.0586147500499	1298.7173233578783	1532.8045871363452	1641.7783019320195	1706.1921540911267
g1696	547.8070452845359	462.0596345607184	506.12522344422376	414.969117501938	415.78569608488584	424.2737608358196
g1697	430.70336531429086	362.2418737845353	315.82213942919566	409.01262299234077	399.35147884832907	445.56487109674123
g1698	2012.5954489801427	2001.1851071741219	1702.6052516663688	2156.251012474185	2159.456144883557	2086.91591666597
g1699	1057.9027360023827	936.9989801893314	885.7191410273916	877.5901910806535	925.2464304181451	840.0310775672706
g17	964.6167536532045	967.588293975581	976.8216812473519	899.4306709491766	999.2004079826505	1009.9728485589903
g170	1373.4872294815175	1535.9055448464298	1187.369774200149	1411.6891987745355	1336.101861332064	1423.6010542643492
g1700	2373.830529566322	2585.6019968798387	2195.5712193010427	2575.1911263158545	2359.9535951695498	2414.0247924928567
g1701	1925.2638910362311	1719.4414275639276	1985.0231263482458	1870.3392760135196	1691.0809536416898	1843.4230375001578
g1702	1466.7732118306956	1157.5640322270262	1174.2105183905992	1054.2995281987037	1071.5109638235	966.6164058458409
g1703	210.3896623194232	283.353643493681	249.0136099345581	260.10026025241086	295.8159102580215	295.9464326268103
g1704	140.92137759131177	210.9052687367739	144.751813905048	204.50631149617038	233.36588475910588	183.87777043523204
g1705	1113.4773637848718	957.9285106746601	910.0131517527144	901.4161691190423	1097.805711401991	1027.0057367677275
g1706	569.6399347705137	726.0937114525575	577.9950051733035	528.1425131842847	504.53046916229226	541.568422818715
g1707	468.41471988097993	486.20909281302073	509.16197478488914	450.7080845595211	369.7698878225269	327.4959869225396
g1708	559.7158940950692	341.3123432992066	373.52041490183717	307.75221632918846	318.823814389201	305.81776556596486
g1709	3882.2847122338844	3963.73108114456	3379.9042421605263	3683.099105100933	3725.6370475274157	3666.1356313828737
g171	791.9384459004704	821.0815805782801	834.0943682360808	1032.4590483301806	1063.293855205222	997.9724045937436
g1710	907.0573177356264	1051.306415916896	905.9641499651606	899.4306709491766	877.5872004321305	880.0970759673685
g1711	89.31636607900042	98.20779689269624	100.21279424195632	63.53594143570342	80.52766445912809	70.06710831321473
g1712	589.4880161214027	471.71941786163933	472.72095869690503	599.620447299451	496.3133605440139	501.69597996644364
g1713	480.32356869151334	457.2297429102579	395.789924733383	526.157015014419	529.1817950171275	537.1166452187041
g1714	343.3718073703794	259.2041852413786	259.1361144034426	220.39029685509624	221.86193269351614	261.4935451136826
g1715	1248.4443169709168	1041.6466326159748	1088.1692304050812	1252.849345185277	1252.2873534256246	1300.6932813944834
g1716	680.789190335492	627.8859145598612	540.541738638431	573.8089710911966	520.964686398849	575.6341992361896
g1717	565.670318500336	420.20057359006097	455.5127010998014	315.6942090086514	376.34357471714964	373.3686517574343
g1718	172.67830775273413	141.6768217468405	197.3888371432473	121.11538836180965	129.83031616879833	105.87488466112835
g1719	801.8624865759148	909.6295941700554	1124.6102464930652	595.6494509597196	608.0660377525999	570.9888660883521
g172	369.174313126535	373.5116209689431	348.214153729626	482.47605527737284	553.8331208719625	481.17909189682825
g1720	708.5765042267366	566.707286987362	551.676493554204	409.01262299234077	435.5067567687539	393.4984287313966
g1721	244.13140061593447	275.3038240762468	261.16061529721946	242.2307767236193	276.09484957415344	262.84843394846854
g1722	319.5541097493126	341.3123432992066	362.38565998606424	272.0132492716053	223.50535441717182	264.9775449745607
g1723	297.7212202633347	223.7849798046685	219.65834697479312	196.56431881670747	210.35798062792642	197.6202143309178
g1724	930.8750153566932	1062.5761631013036	1036.5444576137704	1284.6173159031287	1221.0623406761667	1244.3686169769544
g1725	7258.4433500201	6309.448459384862	6409.56982969765	7137.865920667306	7096.295002745205	7271.688376296034
g1726	394.97681888269074	341.3123432992066	392.75317339271766	512.2585278253589	447.01070883434363	443.43576007064905
g1727	466.42991174589105	455.6197790267711	618.4850230488414	327.60719802784575	358.2659357569372	404.14398386185735
g1728	603.381673067025	592.4667091231511	542.5662395322079	542.0410003733448	534.1120601880945	546.6008670622056
g1729	1262.337973916539	1993.1352877566876	2006.2803857329031	2049.0341113014356	1889.9349822040265	1849.4232594827813
g173	170.69349961764524	173.87609941657695	235.85435412500829	248.1872712332165	202.14087200964804	240.00887930493445
g1730	962.6319455181156	1040.0366687324881	850.290375386296	814.0542496449501	857.8661397482624	797.4488570454274
g1731	934.844631626871	1006.2274271792647	828.0208655547501	1082.096502576824	1060.0070117579105	1061.2650687330288
g1732	369.174313126535	534.5080093176255	472.72095869690503	536.0845058637476	486.45283020207984	526.6646456360698
g1733	2080.078925573165	2930.134267946019	2324.127026055876	1566.5580560240626	1465.9321775008623	1596.2526029256408
g1734	228.2529355352233	199.63552155236613	185.2418317805859	160.8253517591243	159.4119071946005	168.19977106128067
g1735	656.9714927144253	553.8275759194673	760.2000856132241	583.7364619405251	612.9963029235669	669.7021954798978
g1736	470.3995280160688	536.1179732011122	730.8448226534591	377.24465227448906	396.0646354010177	348.7870971834612
g1737	1718.8438449869857	1434.4778201867598	1309.8520782736512	1467.283147530776	1493.8703468030087	1491.5390515514716
g1738	109.16444742988939	130.4070745624327	183.217330886809	150.89786090979564	126.54347272148699	137.81155005251074
g1739	1536.241496558807	1436.0877840702467	1268.3498099512249	1667.8184626872148	1500.4440336976315	1493.8617181253903
g174	359.25027245109055	307.5031017459833	331.00589613252237	452.6935827293869	455.22781745262205	442.8550934271694
g1740	1115.4621719199606	1051.306415916896	1029.4587044855512	1213.1393817879623	1270.364992385837	1208.7543961768674
g1741	512.0804988529356	492.64894834696804	546.6152413197617	389.15764129368347	453.58439572896634	430.46753836626954
g1742	1115.4621719199606	870.9904609663716	874.5843861116188	974.8796014040744	1010.7043600482402	1058.7488466112834
g1743	1115.4621719199606	870.9904609663716	874.5843861116188	974.8796014040744	1010.7043600482402	1058.7488466112834
g1744	621.2449462828251	798.5420862094645	711.6120641625787	810.0832533052186	797.0595359730024	755.6408587148904
g1745	315.5844934791348	254.37429359091814	407.93693009604436	385.186644953952	317.1803926655453	357.8842079313095
g1746	319.5541097493126	164.216316115656	230.79310189056605	222.37579502496197	281.02511474512045	285.10732194852295
g1747	113.13406370006719	373.5116209689431	293.5526295976498	148.9123627399299	105.17899031396321	135.87599457424514
g1748	25.802505756155675	151.33660504776142	162.97232194904007	67.50693777543489	16.43421723655675	36.969109634872964
g1749	1081.7204336234495	1051.306415916896	1018.3239495697783	738.6053191900522	915.3859000762111	878.548631584756
g175	432.68817344937975	481.37920116256026	524.3457314882158	625.4319235077056	599.8489291343215	611.8290866797563
g1750	2246.8028089206327	2017.28474600899	1942.5086075789309	2150.2945179645876	2003.331081136268	1991.4930315874763
g1751	267.94909823700124	365.461801551509	469.68420735623965	222.37579502496197	295.8159102580215	224.91154657446276
g1752	460.47548734062434	416.98064582308734	438.3044435026978	258.11476208254516	338.5448750730691	336.20598657473477
g1753	581.5487835810471	565.097323103875	465.6352055686859	692.9388612831405	724.7489801321527	680.9284172538382
g1754	383.0679700721573	503.9186955313758	425.145187693148	448.7225863896554	534.1120601880945	489.8890915490235
g1755	599.4120567968472	462.0596345607184	482.8434631657895	597.6349491295853	519.3212646751933	516.5997571490888
g1756	1980.8385188187203	2004.4050349410954	1771.4382820547833	1763.12237484077	1557.96379402558	1539.9279385081118
g1757	412.8400920984908	542.5578287350596	522.3212305944389	401.0706303128779	341.83171852038043	422.91887200103366
g1758	154.81503453693404	317.16288504690425	262.1728657441079	99.2749084932866	105.17899031396321	138.585772243817
g1759	748.2726669285146	714.8239642681497	669.0975453932639	825.9672386641445	815.1371749332149	836.1599666107394
g176	619.2601381477361	592.4667091231511	551.676493554204	681.0258722639461	680.3765935934496	630.7975303667591
g1760	922.9357828163376	996.5676438783438	928.2336597967064	820.0107441545473	982.7661907460938	812.3526342280725
g1761	379.0983538019795	468.4994900946657	417.0471841180404	542.0410003733448	547.2594339773399	530.148645496948
g1762	1915.3398503607866	2310.298172803592	1891.8960852345085	1912.0347375806998	2090.432432490019	1988.589698370078
g1763	182.60234842817863	148.11667728078777	184.22958133369747	115.15889385221246	124.90005099783131	115.93977314810947
g1764	776.0599808197592	824.3015083452538	2521.0097379756785	573.8089710911966	714.8884497902187	646.8626408363637
g1765	1393.3353108324063	1828.9189716410317	1419.1751265376035	1161.5164293714531	1313.0939572008845	1267.4017271683151
g1766	946.7534804374044	1587.424389118008	1148.904257218388	1026.5025538205834	921.9595869708338	1073.6526237939286
g1767	797.892870305737	938.6089440728182	802.7146043825389	825.9672386641445	655.7252677386144	680.3477506103585
g1768	293.7516039931569	267.25400465881273	446.9085723012496	172.73834077831867	192.280341667714	175.94199297434307
g1769	1045.9938871918494	1202.6430209646574	924.6907832325969	921.2711508176997	808.5634880385921	873.9032984369186
g177	337.41738296511267	305.8931378624965	295.5771304914267	186.6368279673788	195.56718511502535	200.13643645266308
g1770	523.9893476634691	552.2176120359806	491.9537171877855	409.01262299234077	463.4449260709004	470.727092314194
g1771	2137.638361490743	2233.0199063962245	2950.2039274563804	2728.0744853955157	2614.6839623361793	2558.804342267124
g1772	1323.867026104295	1666.3126194088625	1887.3409582235106	2209.85946306056	2197.2548445276375	2134.530581431304
g1773	2024.504297790676	2451.9749945504323	2370.690546612744	3514.3317606623455	3398.5961245199364	3348.317421851662
g1774	261.99467383173453	262.42411300835226	224.71959920923535	170.75284260845294	149.55137685266644	162.19954907865733
g1775	688.7284228758476	692.2844698993342	806.7636061700928	756.4748027188439	647.508159120336	632.7330858450248
g1776	914.996550275982	1126.9747184407765	1276.4478135263323	816.0397478148159	752.6871494342993	740.7370815322453
g1777	178.63273215800083	164.216316115656	154.87431837393248	236.2742822140221	169.27243753653454	197.81376987874435
g1778	444.59702225991316	309.11306562947016	437.2921930558094	273.998747441471	308.96328404726694	267.493767096306
g1779	355.28065618091273	439.52014019190284	503.08847210355844	349.4476778963688	351.6922488623145	318.0117650790381
g178	319.5541097493126	296.23335456157554	280.39337378809995	180.68033345778161	182.41981132577993	192.97488118308036
g1780	718.5005449021811	524.8482260167045	630.6320284115028	544.0264985432106	678.7331718697939	629.6361970797998
g1781	3951.752996961996	4736.513745218235	4351.664671173437	2964.348767609538	2765.878760912501	2821.6527762155924
g1782	216.34408672468987	336.4824516487461	302.6628836196458	158.83985358925855	182.41981132577993	168.97399325258692
g1783	281.84275518262353	420.20057359006097	314.8098889823072	208.47730783590185	276.09484957415344	228.39554643534086
g1784	2693.3846393156346	2878.6154236744405	3269.568943449686	1788.9338510490245	1804.4770525739314	1665.158377951896
g1785	3270.963806626504	3050.8815592075307	2667.2799275510592	3015.971720026047	3268.765808351138	3141.212985677243
g1786	974.540794328649	772.7826640736754	736.9183253347899	1050.3285318589722	972.9056604041597	943.7768512023067
g1787	1139.2798695410274	832.3513277626878	864.4618816427343	1187.3279055797077	1216.1320755051997	1130.3643993071107
g1788	230.23774367031217	309.11306562947016	478.7944613782357	450.7080845595211	397.7080571246734	355.36798580956423
g1789	7.939232540355592	24.149458252302356	31.379763853541874	3.970996339731464	16.43421723655675	14.129554991338884
g179	186.57196469835642	265.6440407753259	424.13293724625953	315.6942090086514	281.02511474512045	359.432652313922
g1790	351.31103991073496	231.83479922210262	363.3979104329527	389.15764129368347	391.1343702300507	342.0126530095316
g1791	922.9357828163376	1146.2942850426184	1086.1447295113041	1236.965359826351	1263.7913054912142	1223.6581733595126
g1792	297.7212202633347	359.0219460175617	291.5281287038729	357.38967057583176	451.9409740053107	388.85309558355914
g1793	950.7230967075822	1502.0963032932066	1263.2885577167826	984.8070922534031	1025.4951555611412	1048.1032914808227
g1794	345.35661550546826	312.3329933964438	461.5862037811321	220.39029685509624	215.28824579889346	233.23443513100486
g1795	2034.4283384661205	2154.13167610537	1831.1610584212017	1838.5713052956678	1676.2901581287888	1837.229259969708
g1796	641.0930276337141	804.9819417434119	778.4205936572162	613.5189344885111	708.314762895596	718.865304627844
g1797	3368.21940524586	3793.0749094949565	3276.654696577905	3105.3191376700047	3355.8671597048888	3246.5072036948914
g1798	3368.21940524586	3793.0749094949565	3276.654696577905	3105.3191376700047	3355.8671597048888	3246.5072036948914
g1799	1621.5882463676296	1471.5069895069569	1506.22866497001	1838.5713052956678	1891.578403927682	1819.4221495696645
g18	514.0653069880246	254.37429359091814	326.9568943449686	478.5050589376414	460.15808262358905	394.07909537487626
g180	2903.774301635058	2582.3820691128653	2369.678296165856	2722.1179908859185	2925.2906681071017	2901.397661920135
g1800	1395.3201189674953	1653.432908340968	1603.404707871301	1080.1110044069583	1206.2715451632655	1073.846179341755
g1801	502.1564581774912	996.5676438783438	843.2046222580768	438.79509554032677	476.59229986014583	462.01709266199884
g1802	414.8249002335797	561.8773953369015	479.8067118251241	428.8676046909981	484.8094084784242	502.6637577055764
g1803	430.70336531429086	608.5663479580194	531.431484616435	436.809597370461	458.51466089993335	480.404869705522
g1804	984.4648350040934	1093.1654768875533	1080.0712268299735	1010.6185684616576	910.4556349052441	954.4224063327675
g1805	2715.2175288016124	2891.4951347423353	2618.6919061004137	2203.9029685509627	2179.177205567425	2131.2401371182527
g1806	293.7516039931569	330.04259611479887	557.7499962355346	180.68033345778161	202.14087200964804	184.26488153088516
g1807	250.08582502120115	323.60274058085156	239.90335591256206	256.12926391267945	259.66063233759667	272.7197668876231
g1808	369.174313126535	404.1009347551927	463.610704674909	291.8682309702626	295.8159102580215	324.5926537051412
g1809	1492.5757175868514	1556.8350753317584	1345.2808439147468	1425.5876859635955	1456.0716471589283	1551.154160282052
g181	1335.7758749148284	1566.4948586326793	1366.5381032994042	1826.6583162764734	1871.857343243814	1838.971259900147
g1810	724.4549693074478	629.495878443348	684.2813020965906	724.7068320009921	640.9344722257133	675.315306366868
g1811	287.79717958789024	268.8639685422996	376.5571662425025	319.66520534838287	330.3277664547907	322.0764315833959
g1812	589.4880161214027	658.4752283461108	680.2323003090368	790.2282716065613	700.0976542773176	800.3521902628257
g1813	422.7641327739353	571.5371786378224	514.2232270193314	399.0851321430121	359.90935748059286	387.11109565312006
g1814	1101.5685149743383	1072.2359464022245	1025.4097026979973	1103.936982445347	1015.6346252192072	977.0684054284751
g1815	1222.6418112147612	1196.20316543071	1199.5167795628104	1280.6463195633971	1168.472845519185	1159.204175933268
g1816	261.99467383173453	222.17501592118165	248.00135948766965	337.5346888771744	279.3816930214648	343.75465293997064
g1817	315.5844934791348	394.4411514542718	353.2754059640682	315.6942090086514	290.8856450870545	304.8499878268321
g1818	3052.634911766725	3282.7163584296336	2760.4069686647968	4056.3727610356905	3919.560810918785	3986.8571741314836
g1819	758.196707603959	875.8203526168321	926.2091589029295	589.6929564501224	774.051631841823	717.1233046974049
g182	373.14392939671285	304.2831739790097	374.53266534872563	428.8676046909981	437.1501784924096	428.33842734017736
g1820	1105.5381312445163	1125.3647545572896	1129.6714987275075	1171.4439202207818	1306.5202703062619	1174.8821753072195
g1821	522.0045395283802	663.3051199965713	675.1710480745945	524.1715168445533	553.8331208719625	484.4695362098798
g1822	6349.401224149385	6109.812937832496	5730.349779835502	6687.157836107785	6585.190846688291	6688.699066242435
g1823	498.1868419073134	571.5371786378224	476.7699604844588	621.4609271679741	677.0897501461382	612.9904199667156
g1824	246.11620875102335	307.5031017459833	238.89110546567363	422.9111101814009	412.4988526375745	378.5946515487514
g1825	520.0197313932913	505.5286594148626	463.610704674909	508.28753148562737	442.0804436633766	511.37375735777164
g1826	464.44510361080216	491.0389844634812	396.80217518027143	416.9546156718037	386.20410505908364	426.40287186191176
g1827	279.8579470475346	181.92591883401107	178.15607865236677	315.6942090086514	279.3816930214648	289.1719884528807
g1828	25.802505756155675	14.489674951381414	8.098003575107581	5.956494509597196	1.6434217236556752	13.548888347859203
g1829	1178.9760322428053	1281.5312512555117	1122.5857455992884	1121.8064659741385	1145.4649413880056	1158.4299537419618
g183	782.0144052250258	714.8239642681497	760.2000856132241	841.8512240230704	815.1371749332149	866.1610765238562
g1830	1500.514950127207	1535.9055448464298	1359.4523501711851	1669.8039608570805	1612.1967109062173	1655.2870450127414
g1831	8933.62141603513	9778.920628298967	8623.361557042685	8136.57150010977	8263.124426540735	8095.6543433937
g1832	1587.8465080711185	1384.5689397986685	1603.404707871301	1493.0946237390303	1418.2729475148476	1436.9563870643817
g1833	470.3995280160688	349.36216271664074	482.8434631657895	361.36066691556323	373.0567312698383	382.6593180531092
g1834	817.740951656626	1155.9540683435393	1685.3969940692652	623.4464253378399	785.5555839074127	783.8999686975682
g1835	2455.2076631049667	2880.2253875579277	2394.984557338067	2467.974225143105	2414.186512050187	2448.671235553811
g1836	230.23774367031217	241.49458252302355	278.3688728943231	236.2742822140221	208.71455890427075	197.03954768743813
g1837	666.8955333898697	581.1969619387434	658.9750409243794	637.3449125269	682.0200153171052	745.9630813235624
g1838	988.4344512742712	867.770533199398	914.0621535402681	1205.1973891084992	1114.2399286385478	1097.8470672722485
g1839	603.381673067025	795.3221584424908	617.472772601953	575.7944692610623	624.5002549891566	614.3453088015016
g184	541.8526208792691	664.9150838800582	603.3012663455147	561.8959820720021	667.2292198042041	575.2470881405364
g1840	1962.9752456029203	1922.2968768832675	2715.3618237782607	887.5176819299821	941.6806476547018	840.0310775672706
g1841	1137.2950614059387	994.957679994857	1499.649037065235	740.590817359918	565.3370729375523	610.8613089406235
g1842	3302.7207367879264	3958.9011894940995	3275.642446131016	3468.665302755434	3369.014533494134	3360.317865816909
g1843	323.52372601949037	310.72302951295694	265.20961708477324	232.30328587429065	220.21851096986046	272.9133224354497
g1844	365.20469685635726	363.85183766802214	458.5494524404667	339.52018704704017	300.7461754289886	339.30287533995977
g1845	958.6623292479378	928.9491607718973	814.8616097452003	966.9376087246114	913.7424783525554	856.4832991325281
g1846	694.6828472811143	767.9527724232149	672.1342967339292	901.4161691190423	869.3700918138521	910.2917414283119
g1847	89.31636607900042	78.88823029085435	124.50680496727905	81.40542496449501	73.95397756450538	94.26155179153474
g1848	476.3539524213355	626.2759506763744	436.2799426089209	609.5479381487797	667.2292198042041	669.7021954798978
g1849	265.96429010191235	210.9052687367739	252.05036127522345	301.7957218195913	284.3119581924318	288.0106551659213
g185	4461.848687679842	4280.893966191464	4146.177830455082	5059.049336817885	5012.4362571498095	5169.4815713517655
g1850	998.3584919497157	962.7584023251205	1013.262697335336	1389.8487189060124	1377.1874044234557	1285.0152820205321
g1851	472.38433615115775	426.6404291240083	367.4469122205065	488.43254978697007	461.8015043472447	449.8230931489255
g1852	396.9616270177796	413.76071805611366	407.93693009604436	422.9111101814009	336.90145334941343	355.5615413573908
g1853	1010.2673407602491	885.480135917753	893.8171446024992	937.1551361766254	972.9056604041597	981.5201830284859
g1854	690.7132310109365	962.7584023251205	718.6978172907977	915.3146563081024	877.5872004321305	861.7092989238453
g1855	2727.126377612146	3078.250945226807	2756.3579668772427	2682.4080274886037	2619.614227507146	2688.8736704065723
g1856	1504.4845663973847	1313.730528925248	1146.8797563246112	1252.849345185277	1158.612315177251	1232.1746174638813
g1857	329.4781504247571	338.09241553223296	359.34890864539886	313.70871083878563	295.8159102580215	285.10732194852295
g1858	2280.5445472171436	2440.7052473660247	2155.081201425505	2277.3664008359947	2530.8694544297396	2277.1810201794788
g1859	506.126074447669	658.4752283461108	619.4972734957299	444.75159004992395	460.15808262358905	446.3390932880475
g186	2131.6839370854764	2445.535139016485	2216.8284786857002	2505.698690370554	2731.3669047157323	2546.803898301877
g1860	1081.7204336234495	972.4181856260415	1022.372951357332	1415.6601951142668	1373.9005609761443	1259.8530608030794
g1861	2770.7921565841016	2437.485319599051	2251.2449938799073	2801.5379176805477	2741.2274350576663	2595.773451901997
g1862	968.5863699233822	882.2602081507794	904.9518995182722	931.1986416670283	895.664839392343	864.9997432368968
g1863	89.31636607900042	85.32808582480165	60.73502681330685	65.52143960556916	39.442121367736206	71.80910824365378
g1864	63.513860322844735	72.44837475690707	42.5145187693148	43.6809597370461	37.79869964408053	46.45333147837441
g1865	12802.012471323393	34277.74104331796	23974.139584105993	20200.458380213957	20038.241076533646	20132.486751631815
g1866	1593.800932476385	7301.186211612745	5005.578459863374	1487.1381292294332	1355.822922015932	1370.3732786120452
g1867	867.3611550338485	927.3391968884105	822.9596133203079	605.5769418090482	619.5699898181896	689.0577502625538
g1868	674.8347659302253	819.4716166947933	699.4650587999173	440.7805937101925	558.7633860429296	478.662869775083
g1869	611.3209056073806	563.4873592203883	538.5172377446542	478.5050589376414	455.22781745262205	494.5344246968609
g187	71.45309286320033	82.108158057828	110.33529871084079	75.44893045489782	88.74477307740646	85.16444104368642
g1870	698.6524635512922	539.3379009680859	538.5172377446542	615.5044326583769	619.5699898181896	602.3448648362548
g1871	2481.0101688611226	2382.746547560499	2156.0934518723934	1782.9773565394273	2004.9745028599236	1895.1023687698494
g1872	641.0930276337141	465.279562327692	511.186475678666	575.7944692610623	460.15808262358905	503.63153544470924
g1873	3223.3284113843706	3558.0201825058803	3970.0462526964916	3728.765563007845	3559.651453438192	3578.454968217442
g1874	1966.944861873098	2117.1025067851733	1864.5653231685205	2426.2787635759246	2330.3720041437473	2485.253234093031
g1875	148.86061013166736	209.29530485328706	248.00135948766965	174.7238389481844	162.69875064191183	181.36154831348676
g1876	768.1207482794035	764.7328446562412	855.3516276207382	736.6198210201866	801.9898011439694	798.9973014280398
g1877	154.81503453693404	82.108158057828	136.65381032994043	123.10088653167539	83.81450790643943	96.19710726980034
g1878	345.35661550546826	334.87248776525934	296.5893809383151	258.11476208254516	300.7461754289886	275.42954455719496
g1879	226.26812740013438	215.73516038723437	212.572593846574	170.75284260845294	108.46583376127457	133.16621690467332
g188	442.6122141248243	655.2553005791373	611.3992699206224	450.7080845595211	527.5383732934718	425.8222052184321
g1880	7103.628315483166	8909.540131216083	7533.167825743827	9343.754387388135	9158.789265933077	9397.896069170796
g1881	5075.154401422312	6319.108242685783	5218.1510537099475	6615.679901992618	6305.809153666825	6628.3097353205485
g1882	1119.4317881901384	1180.1035265958417	964.6746758846905	1296.530304922323	1362.3966089105547	1277.4666156552962
g1883	1478.682060641229	1915.8570213493201	1962.7536165166998	1731.3544041229184	1766.678352929851	1688.1914881432567
g1884	1343.715107455184	2022.1146376594504	2002.2313839453493	1514.9351036075534	1502.0874554212871	1513.0237173602197
g1885	21300.960905774053	27894.234245292708	21816.021631339823	32119.403893917945	30804.296788201977	32261.06448953972
g1886	166.72388334746742	169.04620776611648	176.13157775858988	186.6368279673788	167.62901581287886	140.32777217425604
g1887	224.2833192650455	289.7934990276283	599.7583897814052	168.7673444385872	152.8382202999778	172.65154866129154
g1888	2981.181818903525	4079.648480755611	3340.932599955321	2938.5372914012833	2907.2130291468893	2924.0436610158426
g1889	819.7257597917148	985.2978966939361	867.4986329833996	514.2440259952245	566.9804946612079	569.0533106100866
g189	3798.9227705601506	3962.121117261073	3737.2286499121483	3693.0265959502613	3839.033146459657	3641.9411879045538
g1890	565.670318500336	716.4339281516366	706.5508119281365	688.967864943409	732.9660887504311	635.4428635145966
g1891	1071.796392948005	761.5129168892676	787.5308476792122	933.184139836894	928.5332738654565	906.4206304717807
g1892	2207.1066462188546	2295.8084978522106	2018.4273910955644	2116.5410490768704	2143.021927647	1985.2992540570262
g1893	1053.933119732205	967.588293975581	867.4986329833996	841.8512240230704	820.0674401041819	861.7092989238453
g1894	95.27079048426711	78.88823029085435	75.91878351663357	61.55044326583769	100.24872514299618	65.61533071320386
g1895	134.96695318604506	114.30743572756448	180.18057954614366	111.18789751248099	108.46583376127457	108.77821787852675
g1896	603.381673067025	1028.7669215480803	903.9396490713837	587.7074582802567	624.5002549891566	553.3753112361352
g1897	1415.1682003183844	1173.6636710618945	1041.6057098482127	1177.400414730379	1350.892656844965	1234.3037284899733
g1898	214.359278589601	170.6561716496033	191.3153344619166	260.10026025241086	223.50535441717182	223.16954664402374
g1899	474.36914428624664	460.44967067723155	465.6352055686859	492.40354612670154	468.3751912418674	504.7928687316686
g19	89.31636607900042	82.108158057828	72.88203217596822	43.6809597370461	54.23291688063728	69.2928861219085
g190	3034.771638550925	3715.796643087589	3023.592084855793	3017.9572181959124	3120.8578532221272	3152.8263185468363
g1900	144.89099386148956	260.8141491248654	329.9936456856339	208.47730783590185	157.76848547094482	192.00710344394756
g1901	436.65778971955757	426.6404291240083	534.4682359571003	424.89660835126665	558.7633860429296	494.14731360120777
g1902	573.6095510406915	1027.1569576645934	893.8171446024992	391.1431394635492	392.77779195370636	351.6904304008596
g1903	6139.0115618299615	6877.7657102557105	5583.573465036677	5174.208230670098	4284.400433570345	4797.467808429117
g1904	2101.911815059143	1878.8278520291233	1657.0539815563886	2315.0908660634436	2197.2548445276375	2232.0825775358903
g1905	188.5567728334453	334.87248776525934	307.72413585408805	156.85435541939282	124.90005099783131	157.3606603829933
g1906	7181.035832751633	7497.601805398138	6951.1238187829695	7955.891166651988	7668.2057625773805	7906.550573167151
g1907	1518.378223343007	2176.6711704741856	2009.3171370735683	2303.1778770442493	2172.6035186728027	2248.534799101148
g1908	1341.7302993200951	1495.6564477592592	1185.345273306372	1354.1097518484291	1446.2111168169943	1366.889278751167
g1909	537.8830046090914	426.6404291240083	541.5539890853195	426.88210652113236	397.7080571246734	372.7879851139546
g191	1105.5381312445163	809.8118333938723	869.5231338771765	927.2276453272968	892.3779959450317	947.2608510631849
g1910	555.7462778248914	388.0012959203245	344.16515194207216	377.24465227448906	414.14227436123014	395.4339842096622
g1911	909.0421258707153	1004.617463295778	855.3516276207382	841.8512240230704	838.1450790643944	760.4797474105544
g1912	561.7007022301582	701.9442532002552	594.1910123235187	547.997494882942	562.0502294902409	593.4413096362331
g1913	2272.605314676788	2249.1195452310926	2040.6969009271104	2158.2365106440507	2210.402218316883	2270.213020457723
g1914	428.718557179202	867.770533199398	604.3135167924032	518.2150223349561	571.910759832175	533.4390898099995
g1915	1349.6695318604507	1400.6685786335365	1215.7127867130255	1229.0233671468882	1207.9149668869213	1209.915729463827
g1916	728.4245855776256	701.9442532002552	606.3380176861801	978.8505977438059	977.8359255751267	912.2272969065775
g1917	3640.138119753039	4330.802846579556	3594.5013369008775	3123.188621198796	3258.905278009204	3202.376538790436
g1918	3513.1103991073496	2980.043148334111	2773.566224474346	2168.164001493379	2292.573304499667	2350.538572805745
g1919	200.4656216439787	259.2041852413786	420.08393545870575	238.25978038388783	279.3816930214648	263.8162116876013
g192	156.79984267202295	151.33660504776142	146.7763147988249	79.41992679462928	96.96188169568484	103.93932918286274
g1920	49.62020337722245	49.90888038809153	52.637023238199276	23.825978038388783	34.51185619676918	37.549776278352645
g1921	25.802505756155675	83.71812194131483	103.24954558262165	81.40542496449501	59.16318205160431	66.19599735668353
g1922	754.2270913337812	735.7534947534784	644.8035346679411	780.3007807572327	785.5555839074127	752.5439699496654
g1923	168.70869148255633	132.01703844591955	139.69056167060577	208.47730783590185	208.71455890427075	210.39488048747077
g1924	73.43790099828922	67.61848310644659	57.69827547264151	59.56494509597196	54.23291688063728	75.09955255670529
g1925	234.20735994048997	207.68534096980025	213.58484429346242	258.11476208254516	287.59880163974316	280.0748777050324
g1926	285.8123714528013	301.063246212036	252.05036127522345	279.9552419510682	297.4593319816772	293.6237660528916
g1927	583.533591716136	738.973422520452	615.4482717081761	546.0119967130763	585.0581336214203	591.312198610141
g1928	148.86061013166736	201.24548543585297	234.84210367811983	248.1872712332165	174.20270270750157	226.07287986142214
g1929	389.02239447742403	415.3706819396005	411.98593188359814	428.8676046909981	468.3751912418674	390.59509551399816
g193	5829.381492756093	5232.382621332177	4659.388807027524	5372.758047656671	5272.096889487406	5178.385126551787
g1930	1877.6284957940975	2371.4768003760914	2196.5834697479313	2054.9906058110328	1827.4849567051108	1939.0394781264786
g1931	1478.682060641229	1537.5155087299165	1409.052622068719	1175.4149165605133	1270.364992385837	1184.9470637942006
g1932	1171.0367997024498	991.7377522278833	926.2091589029295	1278.6608213935315	1388.6913564890456	1224.0452844551658
g1933	783.9992133601147	698.7243254332815	678.2077994152598	897.4451727793108	898.9516828396543	947.6479621588379
g1934	325.50853415457925	267.25400465881273	301.65063317275735	287.89723463053116	354.97909230962586	321.6893204877428
g1935	488.26280123186893	447.569959609337	519.2844792537736	311.7232126689199	359.90935748059286	378.01398490527174
g1936	315.5844934791348	333.2625238817725	480.8189622720126	617.4899308282427	626.1436767128123	597.1188650449377
g1937	134.96695318604506	138.45689397986683	166.0090732897054	83.39092313436075	69.02371239353836	85.55155213933953
g1938	394.97681888269074	280.1337157267073	293.5526295976498	333.563692537443	225.1487761408275	288.2042107137479
g1939	186.57196469835642	162.6063522321692	152.8498174801556	97.28941032342087	188.99349822040264	146.52154970470596
g194	2459.1772793751447	3145.8694283332534	2810.0072405623305	2366.7138184799524	2450.341789970612	2329.44101809265
g1940	1311.9581772937615	1218.7426597995254	1146.8797563246112	1139.67594950293	1322.9544875428185	1242.820172594342
g1941	420.7793246388464	563.4873592203883	505.11297299733536	561.8959820720021	545.6160122536842	606.0224202449594
g1942	1159.1279508919165	1028.7669215480803	982.8951839286826	1362.0517445278922	1364.0400306342103	1429.6012762469725
g1943	130.99733691586727	93.37790524223577	86.04128798551804	115.15889385221246	80.52766445912809	104.51999582634242
g1944	579.5639754459582	629.495878443348	633.6687797521682	706.8373484722006	632.7173636074349	610.8613089406235
g1945	89.31636607900042	54.73877203855201	50.61252234442238	29.78247254798598	19.721060683868103	34.06577641747457
g1946	674.8347659302253	904.7997025195949	794.6166008074314	726.6923301708579	629.4305201601236	678.0250840364398
g1947	575.5943591757805	536.1179732011122	470.6964578031281	530.1280113541504	583.4147118977647	585.5055321753441
g1948	1010.2673407602491	1065.7960908682774	1076.0222250424197	917.3001544779681	900.59510456331	925.0019630631305
g1949	643.077835768803	864.5506054324243	1147.8920067714996	1056.2850263685693	902.2385262869657	1058.94240215911
g195	875.300387574204	813.0317611608459	646.828035561718	782.2862789270984	660.6555329095814	663.5084179494478
g1950	293.7516039931569	429.8603568909819	368.45916266739493	391.1431394635492	300.7461754289886	363.1102077226266
g1951	8105.95642370306	9941.526980531136	8498.854752075405	6577.95543676517	6856.355431091477	6627.922624224895
g1952	746.2878587934257	713.2140003846629	603.3012663455147	641.3159088666314	685.3068587644166	653.0564183668135
g1953	746.2878587934257	713.2140003846629	603.3012663455147	641.3159088666314	685.3068587644166	653.0564183668135
g1954	1498.530141992118	1770.960271835506	1459.6651444131414	1344.1822609991004	1362.3966089105547	1424.1817209078288
g1955	387.0375863423351	442.7400679588765	415.0226832242635	555.9394875624049	570.2673381085193	551.6333113056961
g1956	1238.5202762954723	1035.2067770820277	920.1356562215989	978.8505977438059	1030.4254207321083	987.5204050111093
g1957	200.4656216439787	201.24548543585297	274.3198711067693	174.7238389481844	165.98559408922318	148.26354963514498
g1958	3441.6573062441494	3535.4806881370646	3293.8629541750083	3623.534160004961	3857.1107854198694	3727.1056289482403
g1959	438.64259785464645	627.8859145598612	505.11297299733536	482.47605527737284	448.65413055799934	399.3050951661934
g196	228.2529355352233	204.4654132028266	204.4745902714664	206.49180966603612	184.0632330494356	213.29821370486917
g1960	545.822237149447	664.9150838800582	608.3625185799569	492.40354612670154	458.51466089993335	463.5655370446113
g1961	127.02772064568947	156.1664966982219	138.67831122371732	182.66583162764735	188.99349822040264	178.07110400043524
g1962	107.1796392948005	154.55653281473508	238.89110546567363	172.73834077831867	195.56718511502535	180.2002150265274
g1963	446.58183039500204	526.4581899001913	484.86796405956636	458.65007723898407	433.86333504509827	448.6617598619662
g1964	164.73907521237854	82.108158057828	123.49455452039061	138.98487189060123	123.25662927417564	117.87532862637507
g1965	416.80970836866857	371.9016570854563	429.19418948070177	571.8234729213308	507.8173126096036	511.76086845342473
g1966	158.78465080711183	156.1664966982219	158.92332016148626	125.0863847015411	123.25662927417564	119.6173285568141
g1967	265.96429010191235	408.9308264056532	300.63838272586895	273.998747441471	266.2343192322194	276.01021120067463
g1968	1970.9144781432758	2199.2106648430013	1849.3815664651938	2803.5234158504136	2880.9182815683985	2748.682334684979
g1969	585.5183998512249	610.1763118415062	542.5662395322079	708.8228466420663	636.0042070547463	602.731975931908
g197	432.68817344937975	408.9308264056532	380.60616803005627	389.15764129368347	325.39750128382366	354.593763618258
g1970	2322.2255180540105	2798.1172295000997	2636.912414144406	2747.929467094173	2622.9010709544577	2608.1610069628964
g1971	1409.2137759131176	1292.8009984399193	1311.876579167428	1302.4867994319202	1306.5202703062619	1340.3721686989284
g1972	2080.078925573165	1878.8278520291233	1907.0798419378352	1830.6293126162047	1880.0744518620925	1919.6839233438225
g1973	682.773998470581	697.1143615497947	675.1710480745945	673.0838795844832	534.1120601880945	553.1817556883086
g1974	1002.3281082198935	1051.306415916896	935.3194129249256	943.1116306862227	961.40170833857	936.4217403848975
g1976	7647.465744497524	6554.162969674859	6041.110667030255	6798.345733620266	6756.10670594848	6860.576392712421
g1977	81.37713353864481	78.88823029085435	90.09028977307183	113.17339568234672	110.10925548493023	95.03577398284098
g1978	1774.4184727694749	1671.142511059323	1542.669681057994	1697.6009352352007	1636.8480367610525	1609.0272690821937
g1979	178.63273215800083	154.55653281473508	167.02132373659384	117.14439202207818	177.48954615481293	133.35977245249987
g198	236.19216807557888	180.31595495052426	260.148364850331	212.44830417563333	235.00930648276156	234.78287951361733
g1980	986.4496431391823	772.7826640736754	723.75906952524	798.1702642860242	913.7424783525554	822.0304116194005
g1981	442.6122141248243	336.4824516487461	365.42241132672956	268.0422529318738	315.53697094188965	278.913544418073
g1982	2042.367571006476	2043.0441681447792	1729.936013732357	2043.0776167918382	1838.9889087707006	1954.1368108569502
g1983	422.7641327739353	445.95999572585015	381.6184184769447	409.01262299234077	474.9488781364901	453.6942041054567
g1984	531.9285802038247	437.91017630841606	428.1819390338133	409.01262299234077	424.0028047031642	456.0168706793755
g1985	1159.1279508919165	1155.9540683435393	945.4419173938101	839.8657258532046	741.1831973687096	844.4828551672815
g1986	333.44776669493484	478.15927339558664	497.01496942222775	379.2301504443548	333.6146099021021	344.7224306791034
g1987	581.5487835810471	640.7656256277559	522.3212305944389	492.40354612670154	598.2055074106657	531.1164232360808
g1988	654.9866845793364	858.110749898477	780.4450945509931	1123.7919641440042	1097.805711401991	1106.9441780200968
g1989	1288.140479672695	1286.3611429059722	1174.2105183905992	1054.2995281987037	1114.2399286385478	1125.3319550636202
g199	3050.6501036316363	3954.071297843639	3636.0036052233036	6043.856429071288	6231.85517610232	6209.261974276046
g1990	2115.8054720047653	2300.638389502671	2131.7994411470704	2106.6135582275415	1967.1758032158432	2027.4943634832164
g1991	1427.0770491289177	1853.068429893334	1790.6710405456638	1777.0208620298301	1855.4231260072572	1691.094821360655
g1992	305.6604528036903	444.3500318423633	352.26315551717977	182.66583162764735	118.32636410320862	175.3613263308634
g1993	2385.7393783768553	2490.614127754116	2093.33392416531	2775.726441472293	2682.064253006062	2805.7812212938143
g1994	281.84275518262353	378.34151261940355	410.97368143670974	329.5926961977115	304.03301887629993	304.8499878268321
g1995	2250.7724251908103	2920.474484645098	2507.3443569426845	2384.583302008744	2363.240438616861	2200.3394676923344
g1996	1081.7204336234495	1096.3854046545268	1347.3053448085236	827.9527368340102	831.5713921697717	871.3870763151733
g1997	1508.4541826675625	1461.847206206036	1321.9990836363124	1594.3550304021828	1760.104666035228	1728.6445976390078
g1998	430.70336531429086	407.3208625221664	379.59391758316787	466.592069918447	612.9963029235669	552.2139779491758
g1999	1298.0645203481392	811.4217972773591	794.6166008074314	1066.212517217898	1091.2320245073684	1125.3319550636202
g2	1178.9760322428053	568.3172508708487	750.5837063677839	992.749084932866	824.997705275149	953.8417396892879
g20	309.63006907386807	284.96360737716776	203.46233982457795	216.4193005153648	208.71455890427075	199.5557698091834
g200	176.64792402291192	157.7764605817087	170.0580750772592	222.37579502496197	205.4277154569594	178.45821509608837
g2000	3034.771638550925	2872.1755681404934	2832.2767503938762	2839.2623829079967	2557.1642020082304	2667.5825601456504
g2001	603.381673067025	619.8360951424271	507.1374738911122	498.3600406362987	532.4686384644388	541.1813117230619
g2002	87.33155794391152	144.89674951381414	148.8008156926018	119.12989019194391	151.1947985763221	125.61755053943746
g2003	3134.01204530537	3058.931378624965	3198.7114121674945	2597.0316061843773	2093.71927593733	2460.8652350668845
g2004	1365.547996941162	1709.7816442630067	1413.101623856273	1187.3279055797077	1124.1004589804818	1227.7228398638704
g2005	2955.379313147369	3725.45642638851	3932.0868609381746	4153.662171359111	4348.493880792917	4213.123609540732
g2006	256.0402494264678	379.9514765028904	445.39019663091693	192.593322476976	175.84612443115725	185.23265927001796
g2007	785.9840214952036	842.0111110636087	809.8003575107581	772.3587880777698	823.3542835514933	839.6439664716174
g2008	829.6498004671594	816.2516889278196	710.5998137156902	1004.6620739520604	995.9135645353391	989.2624049415484
g2009	349.3262317756461	388.0012959203245	359.34890864539886	440.7805937101925	407.5685874666074	408.7893170096948
g201	672.8499577951364	668.1350116470318	721.7345686314632	522.1860186746875	540.6857470827172	498.59909120121864
g2010	4664.299117458911	4754.2233479365905	4223.108864418603	5007.426384401376	5308.252167407831	5250.000679247614
g2011	1810.145019201075	2307.0782450366182	2336.274031418537	1951.7447009780144	1967.1758032158432	2041.4303629267288
g2012	279.8579470475346	323.60274058085156	354.28765641095663	287.89723463053116	305.6764405999556	294.9786548876775
g2013	252.07063315629006	198.02555766887932	218.6460965279047	166.7818462687215	118.32636410320862	127.94021711335618
g2014	1147.219102081383	1642.1631611565601	1332.121588105197	1346.1677591689663	1364.0400306342103	1234.3037284899733
g2015	736.3638181179812	772.7826640736754	699.4650587999173	645.2869052063629	657.36868946227	649.3788629581089
g2016	557.7310859599803	494.2589122304549	450.45144886535917	732.648824680455	782.2687404601014	730.0915264017844
g2017	647.0474520389807	640.7656256277559	589.1297600890765	818.0252459846815	747.7568842633322	828.0306336020238
g2018	1145.2342939462942	861.3306776654507	945.4419173938101	1097.9804879357498	986.0530341934051	1032.038181011218
g2019	776.0599808197592	811.4217972773591	579.007255620192	1028.488051990449	953.1845997202917	999.1337378807029
g202	4366.577897195576	4532.048332015409	4103.6633116857665	3704.9395849694556	3745.3581082112837	3874.982067487732
g2020	1579.907275530763	1355.5895898959054	1565.9514413364284	1622.152004780303	1615.4835543535287	1549.4121603516132
g2021	791.9384459004704	652.0353728121636	857.3761285145151	700.8808539626034	683.6634370407609	700.864638679974
g2022	222.29851112995658	217.3451242707212	305.6996349603112	283.9262382907997	230.07904131179453	311.62443200076166
g2023	1839.9171412274084	2608.1414912486543	2146.983197850397	2015.280642413718	2018.121876649169	2019.9456971179807
g2024	107.1796392948005	159.38642446519555	188.27858312125124	230.31778770442492	235.00930648276156	168.00621551345412
g2025	617.2753300126473	410.54079028914003	522.3212305944389	569.837974751465	562.0502294902409	538.6650896013166
g2026	75.42270913337812	104.64765242664353	76.93103396352201	51.62295241650903	44.37238653870323	55.93755332187585
g2027	827.6649923320705	874.2103887333452	760.2000856132241	1135.7049531631988	1010.7043600482402	1022.1668480720635
g2028	498.1868419073134	476.5493095120998	429.19418948070177	561.8959820720021	468.3751912418674	531.6970898795604
g2029	1204.7785379989612	1667.9225832923494	1427.273130112711	1649.9489791584233	1401.838730278291	1517.8626060558838
g203	2407.5722678628335	2305.4682811531316	2054.8684071835487	2626.814078732363	2742.870856781322	2740.5530016762636
g2030	1540.2111128289848	1799.939621738269	1555.828936867544	1540.746579815808	1398.5518868309796	1431.9239428208912
g2031	867.3611550338485	1011.0573188297252	947.466418287587	887.5176819299821	944.9674911020132	903.3237417065557
g2032	1478.682060641229	1608.3539196033369	1233.9332947570176	1201.226392768768	1227.6360275707893	1210.30284055948
g2033	533.9133883389136	605.3464201910457	484.86796405956636	494.38904429656725	488.09625192573554	470.53353676636743
g2034	228.2529355352233	334.87248776525934	350.23865462340285	184.65132979751306	174.20270270750157	217.94354685270662
g2035	182.60234842817863	284.96360737716776	262.1728657441079	297.8247254798598	282.66853646877615	258.5902118962842
g2036	277.8731389124457	336.4824516487461	244.96460814700433	281.9407401209339	216.93166752254913	272.9133224354497
g2037	238.17697621066776	178.70599106703742	178.15607865236677	329.5926961977115	218.5750892462048	281.62332208764485
g2038	635.1386032284473	724.4837475690706	628.607527517726	681.0258722639461	672.1594849751712	673.7668619842555
g2039	424.74894090902416	375.1215848524299	380.60616803005627	559.9104839021364	573.5541815558306	502.2766466099233
g204	3902.1327935847735	4235.814977453833	4039.8915335317943	5885.016575482029	5883.449770687317	5948.5426513536695
g2040	3469.444620135394	4028.1296364840327	3544.9010650033433	4328.386010307296	3891.6226416166387	4224.156275766846
g2041	692.6980391460254	547.3877203855201	620.5095239426183	909.3581617985052	930.1766955891121	802.0941901932648
g2042	2413.5266922681	2778.797662898258	2395.9968077849553	2781.6829359818903	2479.923380996414	2606.6125625802842
g2043	2101.911815059143	1930.3466963007015	1668.1887364721615	1800.8468400682189	2036.1995156093815	2078.786583657255
g2044	2101.911815059143	1930.3466963007015	1668.1887364721615	1800.8468400682189	2036.1995156093815	2078.786583657255
g2045	522.0045395283802	759.9029530057808	715.6610659501324	228.33228953455918	261.3040540612524	240.7831014962407
g2046	224.2833192650455	571.5371786378224	375.54491579561403	305.7667181593227	243.22641510103992	236.71843499188293
g2047	730.4093937127145	689.0645421323605	638.7300319866105	633.3739161871684	757.6174146052663	756.6086364540232
g2048	891.1788526549152	862.9406415489375	820.935112426531	865.6772020614592	824.997705275149	773.4479691149339
g2049	787.9688296302925	829.1313999957142	784.4940963385469	631.3884180173028	560.4068077665852	669.1215288364181
g205	1966.944861873098	2218.530231444843	2662.218675316617	1910.0492394108342	1880.0744518620925	1862.9721478306403
g2050	331.46295855984596	331.65255999828565	351.2509050702913	422.9111101814009	353.33567058597015	358.4648745747892
g2051	148.86061013166736	162.6063522321692	194.35208580258194	148.9123627399299	177.48954615481293	180.7808816700071
g2052	2344.0584075399884	2366.646908725631	2017.415140648676	2936.5517932314174	2851.3366905425964	2930.430994094119
g2053	71.45309286320033	82.108158057828	180.18057954614366	59.56494509597196	70.66713411719404	100.64888486981123
g2054	922.9357828163376	806.5919056268987	1020.3484504635552	923.2566489875653	797.0595359730024	908.7432970456994
g2055	212.37447045451208	152.94656893124824	124.50680496727905	125.0863847015411	179.1329678784686	147.6828829916653
g2056	1002.3281082198935	1004.617463295778	802.7146043825389	955.0246197054171	1020.5648903901742	958.0999617414722
g2057	605.3664812021138	653.6453366956504	510.1742252317776	595.6494509597196	552.1896991483069	522.212868036059
g2058	105.1948311597116	93.37790524223577	122.48230407350216	121.11538836180965	133.1171596161097	132.7791058090202
g2059	716.5157367670922	486.20909281302073	515.2354774662198	553.9539893925393	527.5383732934718	536.7295341230509
g206	1822.0538680116083	1674.3624388262965	1856.4673195934129	1860.4117851641909	1977.0363335577772	1849.8103705784342
g2060	718.5005449021811	714.8239642681497	602.2890158986263	683.0113704338117	677.0897501461382	711.5101938104347
g2061	4043.054171176085	4499.849054345672	4613.837536917544	3287.9849692976522	4483.2544621326815	3531.808081191241
g2062	954.6927129777599	1716.221499796954	1437.3956345815955	927.2276453272968	859.5095614719181	957.325739550166
g2063	365.20469685635726	383.171404269864	390.72867249894074	307.75221632918846	369.7698878225269	398.91798407054023
g2064	416.80970836866857	503.9186955313758	344.16515194207216	430.8531028608638	433.86333504509827	484.4695362098798
g2065	583.533591716136	492.64894834696804	487.90471540023174	538.0700040336134	534.1120601880945	592.8606429927534
g2066	1155.1583346217387	1188.153346013276	1013.262697335336	1034.4445465000463	1229.279449294445	1045.9741804547305
g2067	948.7382885724933	888.7000636847266	809.8003575107581	966.9376087246114	949.8977562729802	955.97085071538
g2068	770.1055564144924	722.8737836855838	625.5707761770606	792.2137697764271	760.9042580525776	769.3833026105762
g2069	190.54158096853422	165.82627999914283	182.20508043992055	63.53594143570342	90.38819480106214	80.71266344367554
g207	442.6122141248243	436.3002124249292	492.965967634674	436.809597370461	432.21991332144256	464.5333147837441
g2070	3012.9387490649474	2962.3335456157556	2650.0716699539557	3069.5801706124216	3109.3539011565376	3083.3398768771012
g2071	2145.5775940310987	2170.2313149402385	1890.8838347876201	2207.873964890694	2198.8982662512935	2224.340355622828
g2072	799.8776784408259	821.0815805782801	751.0898315912281	683.0113704338117	598.2055074106657	639.8946411146075
g2073	3296.7663123826596	2883.445315324901	3376.867490819861	3639.4181453638867	3820.9555074994446	3744.9127393482836
g2074	2663.612517289301	3163.5790310516086	2788.749981177673	3256.2169985798005	3234.2539521543686	3264.314314094935
g2075	172.67830775273413	181.92591883401107	218.6460965279047	109.20239934261525	156.12506374728915	129.8757725916218
g2076	770.1055564144924	631.1058423268348	730.8448226534591	692.9388612831405	571.910759832175	683.2510838277569
g2077	1045.9938871918494	1123.754790673803	943.4174165000331	1401.7617079252068	1129.0307241514488	1248.2397279334857
g2078	1139.2798695410274	1461.847206206036	1251.1415523541211	1185.342407409842	1132.3175675987602	1097.0728450809422
g2079	2256.726849596077	2611.361419015628	2314.0045215869914	2585.118617165183	2586.745793034033	2444.0259024059737
g208	1417.1530084534731	1102.8252601884742	1122.5857455992884	1423.6021877937299	1362.3966089105547	1323.5328360380176
g2080	821.7105679268038	779.2225196076226	790.5675990198775	726.6923301708579	765.8345232235446	807.9008566280617
g2081	577.5791673108694	608.5663479580194	722.7468190783516	718.7503374913949	616.2831463708782	611.6355311319297
g2082	3344.4017076247933	4280.893966191464	8321.710923869927	3712.8815776489187	3633.605431002698	3807.4311812962624
g2083	2947.4400806070134	2947.843870664374	5704.537393439847	2843.233379247728	2650.839240256604	2657.711227206496
g2084	224.2833192650455	127.18714679545907	131.08643287205396	166.7818462687215	164.3421723655675	173.81288194825092
g2085	1524.3326477482738	1242.8921180518278	1798.7690441207712	1258.805839694874	1068.224120376189	1113.1379555505468
g2086	212.37447045451208	132.01703844591955	151.83756703326713	152.88335907966135	179.1329678784686	175.3613263308634
g2087	240.16178434575667	186.75581048447154	187.26633267436281	226.34679136469344	228.43561958813885	228.78265753099396
g2088	1419.1378165885621	1812.8193328061634	1706.6542534539226	1094.0094915960183	1148.751784835317	1183.7857305072412
g2089	3310.659969328282	4150.486891629032	8340.437557137364	3226.4345260318146	3153.7262876952404	3297.412312773277
g209	867.3611550338485	946.6587634902523	855.3516276207382	1097.9804879357498	1115.8833503622034	1145.2681764897557
g2090	3916.026450530396	4836.331505994418	8362.200941745465	4455.457893178703	4391.222845607964	4260.931829853893
g2091	5861.1384229175155	7505.651624815572	11428.307545370573	5761.915688950354	5567.912799745428	5690.920217196518
g2092	204.4352379141565	346.1422349496671	284.4423755756538	295.83922730999404	300.7461754289886	270.7842114093575
g2093	246.11620875102335	454.00981514328424	705.5385614812479	206.49180966603612	244.8698368246956	230.524657461433
g2094	813.7713353864482	877.4303165003189	823.9718637671963	951.0536233656856	997.5569862589948	925.195518610957
g2095	57.55943591757804	57.958699805525654	59.72277636641841	45.66645790691184	36.15527792042485	45.87266483489473
g2096	416.80970836866857	471.71941786163933	669.0975453932639	661.1708905652887	545.6160122536842	552.0204224013493
g2097	142.90618572640065	80.49819417434118	161.9600715021516	73.46343228503208	77.24082101181673	87.6806631654317
g2098	3114.163963954481	3432.442999593908	3066.1066036251077	3935.2573726738806	4169.360912914448	4049.7627271751157
g2099	45.65058710704466	57.958699805525654	134.62930943616354	41.695461567180374	64.09344722257133	63.87333078276481
g21	4979.883610938045	5514.126300942371	5799.688935447361	4959.774428324598	4979.567822676696	4711.529145194125
g210	361.23508058617944	370.29169320196945	444.3779461840285	387.1721431238177	384.560683335428	377.8204293574452
g2100	1905.415809685342	1627.6734862051787	1495.093910054237	2056.976103980898	1914.5863080588615	1904.3930350655241
g2101	1016.2217651655158	953.0986190241996	977.8339316942404	891.4886782697137	923.6030086944894	969.5197390632393
g2102	1202.7937298638722	1097.9953685380137	1144.8552554308342	1038.4155428397778	1040.2859510740425	1128.428843828845
g2103	762.1663238741369	616.6161673754534	533.4559855102119	700.8808539626034	659.0121111859257	624.9908639319624
g2104	3634.1836953477723	4005.590142115217	3534.778560534459	3198.637551653694	3336.1460990210207	3334.38142240815
g2105	442.6122141248243	294.62339067808875	376.5571662425025	381.2156486142205	379.630418164461	363.1102077226266
g2106	182.60234842817863	217.3451242707212	161.9600715021516	136.9993737207355	249.80010199566263	208.84643610485827
g2107	1379.441653886784	1073.8459102857114	1025.4097026979973	1078.1255062370924	1216.1320755051997	1171.978842089821
g2108	1409.2137759131176	1440.9176757207072	1717.7890083696955	1632.0794956296318	1732.1664967330817	1703.095265325902
g2109	785.9840214952036	842.0111110636087	835.1066186829693	1016.5750629712547	1173.403110690152	1123.0092884897012
g211	466.42991174589105	449.1799234928238	483.85571361267796	367.3171614251604	363.1962009279042	334.8510977399489
g2110	134.96695318604506	112.69747184407765	160.94782105526318	135.01387555086978	129.83031616879833	138.19866114816386
g2111	1226.611427484939	1115.7049712563687	1064.8874701266468	1121.8064659741385	1078.084650718123	1053.9099579156193
g2112	1061.8723522725604	1048.0864881499222	879.645638346061	1298.5158030921887	1262.1478837675586	1233.9166173943202
g2113	1893.5069608748088	1962.5459739704381	1752.2055235639027	2771.755445132562	2982.8104284350507	2866.1705522157013
g2114	666.8955333898697	663.3051199965713	742.9918280161205	698.8953557927376	747.7568842633322	721.3815267495893
g2115	1764.4944320940303	1811.2093689226765	1626.6864681497352	1753.1948839914412	1737.0967619040487	1776.065706856515
g2116	913.0117421408931	730.923603103018	813.3432340748676	816.0397478148159	834.858235617083	834.8050777759535
g2117	291.766795858068	255.98425747440496	284.4423755756538	184.65132979751306	170.91585926019022	173.03865975694467
g2118	414.8249002335797	388.0012959203245	355.2999068578451	341.5056852169059	343.4751402440361	322.2699871312225
g2119	664.9107252547808	2242.6796896971455	1432.8405075705975	2942.5082877410146	2673.8471443877834	2750.230779067592
g212	809.8017191162704	610.1763118415062	572.9337529388613	877.5901910806535	938.3938042073905	890.9361866456559
g2120	3227.298027654548	4243.864796871268	3574.2563279631086	3947.170361693075	3995.1582102069465	3782.8496267222895
g2121	772.0903645495813	666.525047763545	728.8203217596822	653.2288978858259	803.6332228676251	656.1533071320385
g2122	682.773998470581	735.7534947534784	840.1678709174115	645.2869052063629	616.2831463708782	633.507308036331
g2123	613.3057137424695	751.8531335883466	742.9918280161205	879.5756892505193	846.3621876826727	831.3210779150754
g2124	194.51119723871201	251.1543658239445	200.42558848391263	224.3612931948277	248.15668027200695	242.33154587885318
g2125	222.29851112995658	247.93443805697083	299.6261322789805	258.11476208254516	304.03301887629993	291.8817661224525
g2126	398.9464351528685	286.5735712606546	298.61388183209203	365.3316632552947	379.630418164461	393.6919842792231
g2127	462.4602954757132	500.69876776440213	504.1007225504469	492.40354612670154	534.1120601880945	488.340647166411
g2128	154.81503453693404	143.2867856303273	194.35208580258194	148.9123627399299	124.90005099783131	131.8113280698874
g2129	601.3968649319361	586.0268535892038	774.3715918696624	514.2440259952245	491.3830953730469	535.1810897404386
g213	2054.2764198170094	2157.3516038723437	1886.8348330000663	2263.4679136469344	2424.047042392121	2281.826353327316
g2130	198.4808135088898	260.8141491248654	220.67059742168158	196.56431881670747	195.56718511502535	151.5539939481965
g2131	89.31636607900042	114.30743572756448	125.5190554141675	53.608450586374765	88.74477307740646	60.96999756536641
g2132	1964.960053738009	2063.9736986301077	2126.738188912628	1463.3121511910444	1638.4914584847081	1537.4117163863664
g2133	766.1359401443146	853.2808582480166	1241.0190478852367	800.15576245589	872.6569352611635	728.3495264713455
g2134	1835.9475249572306	1770.960271835506	1578.0984466990897	1528.8335907966136	1705.8717491545908	1657.2226004910071
g2135	875.300387574204	806.5919056268987	715.6610659501324	567.8524765815994	663.9423763568927	636.9913078972091
g2136	601.3968649319361	573.1471425213092	566.8602502575307	702.8663521324692	844.718765959017	744.4146369409499
g2137	518.0349232582024	355.80201825058805	390.72867249894074	496.374542466433	562.0502294902409	515.8255349577826
g2138	793.9232540355592	811.4217972773591	715.6610659501324	1103.936982445347	1069.8675420998445	1000.875737811142
g2139	545.822237149447	705.1641809672287	534.4682359571003	528.1425131842847	667.2292198042041	584.5377544362113
g214	136.95176132113397	103.03768854315672	131.5925580954982	81.40542496449501	88.74477307740646	84.00310775672706
g2140	224.2833192650455	251.1543658239445	217.63384608101623	196.56431881670747	151.1947985763221	182.90999269609924
g2141	323.52372601949037	280.1337157267073	322.90789255741475	355.404172405966	281.02511474512045	316.6568762442522
g2142	1317.9126016990283	1553.6151475647848	1252.1538028010098	1491.1091255691647	1482.3663947374191	1487.0872739514607
g2143	77.40751726846702	78.88823029085435	173.09482641792454	65.52143960556916	52.589495156981606	53.61488674795713
g2144	1909.3854259555198	1912.6370935823466	1786.62203875811	2563.27813729666	2496.3575982329708	2429.1221252233286
g2145	1675.17806601503	1621.2336306712314	1519.3879207795599	1316.3852866209802	1258.8610403202472	1218.238618020369
g2146	2455.2076631049667	2392.40633086142	2302.8697666712183	2779.697437812025	2698.4984702426186	2629.065006128165
g2147	508.1108825827579	592.4667091231511	588.117509642188	500.3455388061644	558.7633860429296	528.0195344708558
g2148	196.4960053738009	236.66469087256309	206.4990911652433	222.37579502496197	188.99349822040264	205.94310288745987
g2149	885.2244282496486	1020.7171021306463	927.221409349818	915.3146563081024	1074.7978072708115	929.4537406631413
g215	2268.6356984066106	2046.264095911753	2108.5176808686365	2406.423781877267	2443.768103075989	2360.216350197073
g2150	3235.2372601949037	3612.758954544432	2894.0240276540717	4540.834314482929	4433.951810423012	4307.77227242792
g2151	3261.0397659510595	3044.4417036735836	2711.818947214151	2414.3657745567302	2522.6523458114616	2399.895237501518
g2152	418.7945165037575	523.2382621332177	665.04854360571	381.2156486142205	356.6225140332815	392.3370954444372
g2153	430.70336531429086	418.5906097065741	390.72867249894074	478.5050589376414	433.86333504509827	431.6288716532289
g2154	533.9133883389136	495.86887611394167	546.6152413197617	464.6065717485813	506.17389088594797	506.3413131142811
g2155	341.3869992352905	573.1471425213092	456.52495154668986	393.12863763341494	366.48304437521557	349.754874922594
g2156	1919.3094666309644	1603.5240279528764	1536.5961783766634	1461.3266530211788	1926.0902601244513	1712.9665982650563
g2157	256.0402494264678	217.3451242707212	212.572593846574	246.20177306335077	161.05532891825618	207.10443617441925
g2158	113.13406370006719	127.18714679545907	192.32758490880505	121.11538836180965	113.39609893224159	112.45577328723138
g2159	1250.4291251060058	1025.5469937811067	1036.5444576137704	1167.4729238810503	1207.9149668869213	1162.1075091506664
g216	365.20469685635726	315.5529211634174	383.64291937072164	317.6797071785171	327.04092300747936	327.6895424703662
g2160	2725.141569477057	3186.118525420424	2912.244535698064	3168.8550791057082	3096.206527367292	3340.188088842947
g2161	414.8249002335797	594.076673006638	557.7499962355346	476.51956076777566	366.48304437521557	441.3066490445569
g2162	2193.2129892732323	2706.3492881413504	3009.4205785993545	2738.001976244844	2302.433834841601	2640.484783449932
g2163	11894.955153587765	12913.520309447813	11439.442300286346	10824.936022107971	10312.471315939361	10320.381810112181
g2164	1266.3075901867169	1482.7767366913645	1243.0435487790137	1090.0384952562868	963.0451300622257	1017.7150704720527
g2165	430.70336531429086	402.49097087170594	437.2921930558094	526.157015014419	435.5067567687539	521.4386458447527
g2166	1315.9277935639393	1582.5944974675476	1298.7173233578783	1366.0227408676235	1209.558388610577	1338.0495021250097
g2167	192.5263891036231	236.66469087256309	263.1851161909964	182.66583162764735	202.14087200964804	192.7813256352538
g2168	2766.822540313924	2983.263076101084	4481.738853598602	3512.34626249248	3211.2460480231894	3576.712968287003
g2169	2864.0781389332797	2709.569215908324	4129.981823304866	3131.1306138782593	3027.1828149737535	3623.940521956684
g217	680.789190335492	962.7584023251205	892.8048941556108	665.1418869050202	634.3607853310906	626.7328638624014
g2170	2586.205000020834	2527.643297074313	3557.0480703660046	2982.2182511383294	2872.70117295012	3307.090090164605
g2171	2798.579470475346	2991.3128955185184	4530.326875049247	3524.2592515116744	3061.6946711705227	3606.326967104467
g2172	2721.171953206879	2519.593477656879	4111.761315260874	2944.4937859108804	2729.7234829920762	3467.16052821717
g2173	2477.0405525909446	2363.426980958657	3518.582553384244	2799.552419510682	2570.311575797476	3144.116318894641
g2174	357.26546431600167	476.5493095120998	421.0961859055942	353.4186742361003	322.11065783651236	342.5933196530113
g2175	966.6015617882933	1386.1789036821551	1367.5503537462928	962.96661238488	920.3161652471781	922.098629845732
g2176	736.3638181179812	798.5420862094645	717.6855668439093	589.6929564501224	599.8489291343215	596.3446428536315
g2177	3415.8548004879935	4697.8746120145515	3846.5516981761007	4421.704424290985	4060.8950791531734	4106.474502688297
g2178	3076.452609387792	3277.886466779173	2995.2490723429164	4233.082098153741	4067.468766047796	4090.7965033143464
g2179	615.2905218775584	695.5043976663078	636.7055310928336	635.3594143570342	650.7950025676473	701.251749775627
g218	389.02239447742403	384.78136815335085	360.3611590922873	309.73771449905416	333.6146099021021	329.04443130515205
g2180	865.3763468987595	740.5833864039389	784.4940963385469	883.5466855902507	905.525369734277	925.0019630631305
g2181	37.71135456668906	37.02916932019694	38.465516981761006	53.608450586374765	27.938169302146477	40.065998400097925
g2182	277.8731389124457	310.72302951295694	287.4791269163191	395.11413580328065	381.27383988811664	427.177094053218
g2183	365.20469685635726	257.5942213578918	298.61388183209203	309.73771449905416	310.6067057709226	325.560431444274
g2184	986.4496431391823	1210.6928403820914	1212.6760353723603	847.8077185326675	713.245028066563	745.1888591322562
g2185	2187.2585648679656	2089.733120765897	1957.6923642822576	1806.803334577816	1799.5467874029644	1878.6501472045918
g2186	1053.933119732205	1118.9248990233425	1116.5122429179576	1191.2989019194392	1063.293855205222	1080.039956872205
g2187	819.7257597917148	856.5007860149902	737.9305757816783	1209.1683854482308	1140.5346762170386	1168.10773113329
g2188	819.7257597917148	856.5007860149902	737.9305757816783	1207.1828872783651	1140.5346762170386	1167.1399533941571
g2189	1607.6945894220073	1300.8508178573536	1283.5335666545516	1657.8909718378861	1714.0888577728692	1723.4185978476905
g219	553.7614696898025	846.8410027140692	718.6978172907977	841.8512240230704	823.3542835514933	817.9657451150428
g2190	1490.5909094517624	1494.0464838757723	1273.411062185667	1588.3985358925856	1671.3598929578216	1588.5103810125784
g2191	113.13406370006719	90.15797747526213	77.94328441041047	109.20239934261525	116.68294237955294	90.77755193065666
g2192	1095.6140905690718	808.2018695103854	898.8783968369414	929.2131434971626	1017.2780469428629	961.1968505066972
g2193	639.1082194986252	466.88952621117886	490.94146674089706	595.6494509597196	603.1357725816328	558.2141999317992
g2194	2818.4275518262352	2414.9458252302356	2288.69826041478	2642.6980640912893	2701.78531368993	2685.776781641347
g2195	87.33155794391152	24.149458252302356	45.55127010998014	21.84047986852305	44.37238653870323	52.64710900882433
g2196	267.94909823700124	188.36577436795838	186.25408222747436	268.0422529318738	244.8698368246956	254.52554539192644
g2197	1115.4621719199606	1413.5482897014313	1216.7250371599139	827.9527368340102	948.2543345493245	894.2266309587073
g2198	615.2905218775584	558.6574675699278	422.1084363524826	559.9104839021364	489.7396736493912	559.7626443144117
g2199	817.740951656626	785.6623751415699	798.6656025949851	988.7780885931345	926.8898521418008	918.614629984854
g22	926.9053990865153	1048.0864881499222	853.3271267269613	1802.8323382380845	1847.2060173889788	1888.5214801437464
g220	710.5613123618255	734.1435308699915	662.0117922650447	688.967864943409	857.8661397482624	766.8670804888309
g2200	127.02772064568947	109.47754407710401	88.06578887929494	103.24590483301806	119.96978582686428	93.4873296002285
g2201	6327.568334663407	8090.068514521289	8353.09068772347	4977.64391185339	4800.434854798227	5051.025576081911
g2202	303.6756446686014	507.13862329834944	561.7989980230884	444.75159004992395	509.4607343332593	441.11309349673036
g2203	1067.8267766778272	1059.35623533433	1035.5322071668818	984.8070922534031	1114.2399286385478	1055.2648467504052
g2204	174.66311588782304	157.7764605817087	149.81306613949025	194.57882064684173	179.1329678784686	170.13532653954627
g2205	494.2172256371356	386.3913320368377	348.214153729626	577.779967430928	520.964686398849	539.2457562447963
g2206	325.50853415457925	238.2746547560499	354.28765641095663	285.9117364606654	310.6067057709226	271.94554469631686
g2207	111.14925556497829	77.27826640736754	76.93103396352201	117.14439202207818	80.52766445912809	67.16377509581633
g2208	1208.748154269139	998.1776077618307	953.5399209689176	1149.6034403522588	1074.7978072708115	1062.6199575678147
g2209	567.6551266354248	716.4339281516366	1037.5567080606588	780.3007807572327	762.5476797762333	674.9281952712149
g221	885.2244282496486	1028.7669215480803	798.6656025949851	1143.6469458426616	1156.9688934535952	1093.7824007678907
g2210	383.0679700721573	537.7279370845991	439.31669394958624	250.1727694030822	233.36588475910588	267.493767096306
g2211	238.17697621066776	368.6817293184826	421.0961859055942	303.781219989457	331.97118817844637	291.688210574626
g2212	1607.6945894220073	1925.516804650241	1929.349351769381	1505.007612758225	1359.1097654632433	1455.344164107905
g2213	809.8017191162704	722.8737836855838	657.9627904774909	752.5038063791125	851.2924528536397	797.0617459497743
g2214	867.3611550338485	838.7911832966352	806.7636061700928	907.3726636286395	867.7266700901965	851.6444104368642
g2215	261.99467383173453	344.5322710661803	341.12840060140684	412.98361933207224	254.73036716662966	281.0426554441652
g2216	863.3915387636706	763.1228807727545	723.75906952524	760.4457990585753	760.9042580525776	757.3828586453294
g2217	772.0903645495813	743.8033141709126	779.4328441041047	760.4457990585753	709.9581846192517	740.1564148887657
g2218	246.11620875102335	297.8433184450624	254.07486216900034	329.5926961977115	366.48304437521557	326.33465363558025
g2219	2175.349716057432	3482.3518799819994	3187.5766572517214	3081.493159631616	3214.5328914705005	3071.5329884596813
g222	55.574627782489145	128.7971106789459	118.43330228594837	85.37642130422647	98.60530341934052	101.2295515132909
g2220	28303.364006367687	109822.07634817019	73560.23997538349	24459.351954575952	23883.84790988793	23860.753713867016
g2221	8238.938568754016	26417.89736413529	17781.19135004247	6542.216469707587	6527.671086360342	6420.431076954823
g2222	166.72388334746742	479.7692372790734	489.92921629400865	198.5498169865732	188.99349822040264	175.16777078303684
g2223	214.359278589601	436.3002124249292	409.9614309898213	279.9552419510682	285.9553799160875	328.0766535660193
g2224	97.25559861935601	175.4860633000638	172.08257597103608	49.6374542466433	49.30265170967026	80.9062189915021
g2225	3860.4518227479066	5045.626810847705	4020.658775040914	4953.817933815001	5396.996940485237	5137.15779486473
g2226	11.908848810533389	104.64765242664353	64.78402860086065	43.6809597370461	19.721060683868103	34.25933196530113
g2227	978.5104105988268	1287.9711067894589	1321.9990836363124	800.15576245589	759.260836328922	819.3206339498287
g2228	2606.0530813717232	2484.174272220169	3100.5231188193147	2916.6968115327604	2698.4984702426186	2818.9429985460206
g2229	464.44510361080216	420.20057359006097	337.07939881385306	462.62107357871554	568.6239163848636	517.373979340395
g223	1113.4773637848718	928.9491607718973	1198.504529115922	1203.2118909386336	1313.0939572008845	1327.4039469945487
g2230	160.76945894220074	115.91739961105131	115.39655094528302	103.24590483301806	157.76848547094482	128.907994852489
g2231	1411.1985840482066	1255.7718291197225	1265.3130586105594	1151.5889385221246	1084.6583376127455	1081.5884012548174
g2232	1429.0618572640067	1777.4001273694532	1585.184199827309	1383.8922243964153	1331.1715961610969	1307.6612811162397
g2233	2137.638361490743	2455.194922317406	2082.1991692495367	1951.7447009780144	1834.0586435997334	1822.1319272392361
g2234	1425.0922409938287	1848.2385382428736	1476.873402010245	2041.0921186219725	2238.3403876190296	2141.8856922487134
g2235	2147.562402166188	1733.931102515309	1687.421494963042	1735.3254004626497	1903.082355993272	1801.0343725261412
g2236	1548.1503453693404	1260.601720770183	1237.9822965445715	1187.3279055797077	1355.822922015932	1265.0790605943964
g2237	1192.8696891884276	993.3477161113702	943.4174165000331	899.4306709491766	1018.9214686665186	974.3586277589033
g2238	1077.7508173532717	908.0196302865685	881.6701392398378	837.8802276833388	953.1845997202917	916.8726300544149
g2239	672.8499577951364	598.9065646570984	520.296729700662	536.0845058637476	624.5002549891566	546.9879781578587
g224	897.133277060182	784.0524112580831	917.0989048809334	863.6917038915934	882.5174656030975	830.5468557237691
g2240	97.25559861935601	57.958699805525654	67.82077994152598	37.72446522744891	42.728964815047554	49.55022024359937
g2241	599.4120567968472	747.0232419378862	924.1846580091526	867.6627002313248	678.7331718697939	771.1253025410152
g2242	597.4272486617583	576.3670702882829	605.3257672392916	647.2724033762286	711.6016063429073	664.6697512364071
g2243	414.8249002335797	426.6404291240083	506.12522344422376	561.8959820720021	545.6160122536842	576.6019769753224
g2244	436.65778971955757	284.96360737716776	318.858890769861	647.2724033762286	622.8568332655009	606.6030868884392
g2245	182.60234842817863	186.75581048447154	168.0335741834823	202.52081332630465	152.8382202999778	196.45888104395843
g2246	190.54158096853422	160.99638834868236	168.0335741834823	140.97037006046696	118.32636410320862	137.23088340903107
g2247	1367.5328050762507	1147.9042489261053	1132.708250068173	1310.428792111383	1368.9702958051773	1313.2743920032099
g2248	599.4120567968472	439.52014019190284	392.75317339271766	468.5775680883127	350.0488271386588	432.20953829670856
g2249	1419.1378165885621	1184.9334182463022	2357.531290803194	978.8505977438059	898.9516828396543	914.5499634804962
g225	684.7588066056699	666.525047763545	616.4605221550646	742.5763155297838	695.1673891063506	711.7037493582612
g2250	827.6649923320705	888.7000636847266	2425.8581959681646	762.431297228441	473.3054564128345	626.3457527667483
g2251	1045.9938871918494	1181.7134904793286	1284.0396918779957	951.0536233656856	974.5490821278154	928.8730740196617
g2252	101.2252148895338	112.69747184407765	273.30762065988085	69.49243594530061	32.8684344731135	48.58244250446657
g2253	877.2851957092929	895.139919218674	809.8003575107581	1020.5460593109863	1023.8517338374857	1026.812181219901
g2254	587.5032079863138	589.2467813561775	543.5784899790964	702.8663521324692	703.384497724629	721.7686378452424
g2255	1357.6087644008062	1395.838686983076	1229.8842929694638	1506.9931109280906	1566.1809026438584	1501.6039400384527
g2256	180.61754029308972	138.45689397986683	129.5680572017213	115.15889385221246	108.46583376127457	138.77932779164354
g2257	333.44776669493484	231.83479922210262	259.1361144034426	287.89723463053116	285.9553799160875	292.65598831375877
g2258	248.10101688611226	225.3949436881553	201.43783893080106	345.47668155663735	369.7698878225269	365.0457632008922
g2259	1129.355828865583	903.189738636108	873.5721356647302	1054.2995281987037	889.0911524977203	901.7752973239433
g226	188.5567728334453	198.02555766887932	207.51134161213176	184.65132979751306	239.93957165372856	217.94354685270662
g2260	1554.1047697746071	1336.2700232940635	1348.3175952554122	1465.29764936091	1454.4282254352725	1446.2470533600567
g2261	662.9259171196919	454.00981514328424	728.8203217596822	671.0983814146174	795.4161142493468	652.4757517233339
g2262	15412.035168965293	22454.16628299073	21275.47989270139	10934.138421450585	10223.726542861956	10141.923595016093
g2263	174.66311588782304	312.3329933964438	250.02586038144656	93.3184139836894	93.67503824837348	114.97199540897667
g2264	327.4933422896682	264.0340768918391	299.6261322789805	414.969117501938	417.4291178085415	435.88709370541324
g2265	1306.003752888495	1590.6443168849817	1448.5303894973686	2064.9180966603612	2041.1297807803485	2051.108140318057
g2266	3392.037102866927	3355.1647331865406	2978.040814745813	3812.1564861422053	3784.8002295790197	3932.661620740047
g2267	4380.471554141198	5436.8480345350035	5071.374738911122	4697.688669902322	4736.3414075756555	4758.176032220325
g2268	329.4781504247571	598.9065646570984	660.9995418181562	381.2156486142205	422.3593829795085	407.62798372273545
g2269	4303.064036872731	5069.776269100008	4287.892893019464	4215.212614624949	4588.433452446645	4326.740716114923
g227	73.43790099828922	77.27826640736754	90.09028977307183	31.76797071785171	42.728964815047554	55.35688667839617
g2270	8457.267463613794	21452.768747461927	14338.52758017486	8114.731020241246	7959.091407664435	8093.718787915434
g2271	392.9920107476018	867.770533199398	640.7545328803873	325.62169985798005	341.83171852038043	321.10865384426313
g2272	351.31103991073496	552.2176120359806	497.01496942222775	385.186644953952	310.6067057709226	325.3668758964474
g2273	424.74894090902416	436.3002124249292	388.7041716051639	387.1721431238177	364.83962265155986	408.2086503662151
g2274	184.5871565632675	164.216316115656	207.51134161213176	210.4628060057676	212.0014023515821	225.685768765769
g2275	1556.0895779096961	1609.9638834868238	1373.6238564276234	1475.2251402102388	1605.6230240115947	1528.314605638518
g2276	27.787313891244573	78.88823029085435	100.21279424195632	31.76797071785171	36.15527792042485	36.38844299139329
g2277	726.4397774425366	548.9976842690069	570.9092520450845	772.3587880777698	777.3384752891344	773.0608580192808
g2278	184.5871565632675	136.84693009638002	173.09482641792454	214.43380234549906	188.99349822040264	174.19999304390404
g2279	144.89099386148956	177.0960271835506	233.8298532312314	131.0428792111383	128.18689444514266	112.45577328723138
g228	79.39232540355592	67.61848310644659	80.9800357510758	61.55044326583769	64.09344722257133	70.84133050452097
g2280	1188.9000729182499	1152.7341405765658	1081.083477276862	897.4451727793108	879.2306221557863	848.9346327672923
g2281	1673.193257879941	1605.1339918363633	1678.311240941046	1719.4414151037238	1794.6165222319974	1780.7110400043523
g2282	357.26546431600167	389.6112598038113	488.9169658471202	361.36066691556323	345.1185619676918	401.4342061922855
g2283	347.34142364055714	305.8931378624965	265.20961708477324	369.3026595950261	414.14227436123014	377.62687380961864
g2284	1508.4541826675625	1574.5446780501136	1368.5626041931812	2158.2365106440507	2179.177205567425	2257.43835430117
g2285	811.7865272513593	724.4837475690706	853.3271267269613	720.7358356612607	632.7173636074349	677.6379729407867
g2286	87.33155794391152	151.33660504776142	144.751813905048	51.62295241650903	69.02371239353836	53.80844229578369
g2287	1224.62661934985	916.0694497040026	879.645638346061	1034.4445465000463	1114.2399286385478	1032.618847654698
g2288	964.6167536532045	1152.7341405765658	921.1479066684873	1113.8644732946757	1127.3873024277932	1069.5879572895708
g2289	1200.8089217287834	1268.651540187617	1064.8874701266468	1322.3417811305774	1377.1874044234557	1458.053941777477
g229	7266.382582560455	8309.023602675497	6916.707303588762	9347.725383727866	9605.799974767422	9607.903838562614
g2290	299.7060283984236	375.1215848524299	245.97685859389276	347.4621797265031	304.03301887629993	305.0435433746586
g2291	3322.5688181388155	4280.893966191464	3638.0281061170804	5539.539893925392	5515.323304588446	5543.818000848332
g2292	496.2020337722245	521.6282982497308	647.8402860086064	450.7080845595211	404.28174401929607	422.53176090538057
g2293	1516.393415207918	1640.5531972730732	1422.2118778782688	1594.3550304021828	1605.6230240115947	1602.6399360039172
g2294	117.10367997024498	196.41559378539247	286.46687646943064	133.02837738100405	133.1171596161097	97.55199610458627
g2295	722.4701611723589	990.1277883443965	919.1234057747104	571.8234729213308	576.841025003142	584.5377544362113
g2296	952.707904842671	1307.2906733913007	1059.8262178922046	917.3001544779681	946.610912825669	888.226408976084
g2297	281.84275518262353	325.2127044643384	353.2754059640682	252.15826757294795	249.80010199566263	263.4291005919482
g2298	1712.889420581719	2355.377161541223	1972.8761209855843	1391.834217075878	1382.1176695944228	1343.8561685598063
g2299	406.8856676932241	536.1179732011122	554.7132448948693	651.2433997159601	486.45283020207984	540.9877561752353
g23	522.0045395283802	363.85183766802214	367.4469122205065	563.8814802418678	484.8094084784242	450.4037597924052
g230	2268.6356984066106	2258.7793285320136	2165.2037058943893	2845.218877417594	2818.468256069483	2837.717886685197
g2300	138.93656945622286	62.78859145598612	86.04128798551804	71.47793411516635	67.38029066988268	66.19599735668353
g2301	492.2324175020467	579.5869980552566	596.2155132172957	397.0996339731464	348.40540541500314	338.33509760082694
g2302	627.1993706880918	436.3002124249292	552.6887440010923	647.2724033762286	655.7252677386144	658.0888626103041
g2303	289.7819877229791	301.063246212036	213.58484429346242	178.69483528791588	139.6908465107324	122.13355067855939
g2304	3945.798572556729	5390.1590819138855	6219.772870906066	3355.491907073087	3097.8499490909476	3249.7976480079433
g2305	462.4602954757132	687.4545782488736	696.428307459252	542.0410003733448	599.8489291343215	595.5704206623252
g2306	2219.015495029388	1611.5738473703104	2449.646081470043	1715.4704187639925	1488.9400816320417	1603.9948248387032
g2307	571.6247429056026	511.9685149488099	660.9995418181562	631.3884180173028	489.7396736493912	494.34086914903435
g2308	609.3360974722917	829.1313999957142	816.8861106389772	716.7648393215293	723.1055584084971	710.1553049756488
g2309	496.2020337722245	479.7692372790734	657.9627904774909	518.2150223349561	548.9028557009955	511.9544240012513
g231	1065.8419685427382	1035.2067770820277	927.221409349818	1195.2698982591705	1306.5202703062619	1290.4348373596758
g2310	934.844631626871	479.7692372790734	624.5585257301722	508.28753148562737	476.59229986014583	453.6942041054567
g2311	1363.563188806073	1342.709878828011	1246.080300119679	1802.8323382380845	1694.3677970890012	1855.0363703697515
g2312	222.29851112995658	341.3123432992066	364.4101608798411	331.5781943675772	341.83171852038043	324.9797648007943
g2313	381.08316193706844	412.1507541726269	437.2921930558094	353.4186742361003	361.55277920424857	392.53065099226376
g2314	879.2700038443818	967.588293975581	938.3561642655909	889.5031800998479	857.8661397482624	804.0297456715305
g2315	1020.1913814356936	726.0937114525575	791.579849466766	861.7062057217277	884.1608873267533	866.3546320716828
g2316	1145.2342939462942	1118.9248990233425	1037.5567080606588	1082.096502576824	1147.1083631116612	1216.883729185583
g2317	1494.5605257219402	1402.2785425170234	1295.6805720172129	1884.2377632025796	1700.9414839836238	1840.713259830586
g2318	1063.8571604076494	1011.0573188297252	947.466418287587	1092.0239934261526	1074.7978072708115	1085.4595122113487
g2319	400.9312432879574	315.5529211634174	279.38112334121155	412.98361933207224	437.1501784924096	445.1777600010881
g232	297.7212202633347	251.1543658239445	251.038110828335	393.12863763341494	330.3277664547907	331.9477645225505
g2320	3584.56349197055	3939.5816228922577	3372.8184890323073	3293.9414638072494	3268.765808351138	3320.4454229646376
g2321	271.918714507179	249.54440194045767	388.7041716051639	232.30328587429065	236.65272820641724	227.42776869620806
g2322	228.2529355352233	220.56505203769484	244.96460814700433	299.8102236497255	254.73036716662966	263.6226561397748
g2323	353.29584804582385	684.2346504819001	504.1007225504469	395.11413580328065	442.0804436633766	450.4037597924052
g2324	426.7337490441131	679.4047588314396	551.676493554204	462.62107357871554	451.9409740053107	470.14642567071434
g2325	1470.7428281008733	1482.7767366913645	1318.9623322956472	1705.5429279146638	1760.104666035228	1649.867489673598
g2326	770.1055564144924	523.2382621332177	620.5095239426183	599.620447299451	747.7568842633322	604.0868647666939
g2327	1329.8214505095616	1065.7960908682774	1025.4097026979973	1171.4439202207818	1036.999107626731	1115.654177672292
g2328	394.97681888269074	363.85183766802214	366.434661773618	424.89660835126665	415.78569608488584	416.1444278271041
g2329	555.7462778248914	362.2418737845353	410.97368143670974	516.2295241650903	571.910759832175	548.7299780882977
g233	232.22255180540108	247.93443805697083	212.572593846574	341.5056852169059	353.33567058597015	305.81776556596486
g2330	627.1993706880918	584.416889705717	484.86796405956636	833.9092313436074	746.1134625396766	773.0608580192808
g2331	3931.904915611107	4168.196494347387	3612.721844944869	3677.1426105913356	3592.519887911306	3686.071852809009
g2332	1925.2638910362311	1584.2044613510345	1624.6619672559584	1463.3121511910444	1528.382202999778	1487.6679405949405
g2333	811.7865272513593	869.3804970828847	907.9886508589375	1203.2118909386336	1155.3254717299396	1167.9141755854632
g2334	1752.585583283497	1523.0258337785351	1351.3543465960774	1705.5429279146638	1781.469148442752	1689.5463769780426
g2335	1988.7777513590759	1756.4705968841247	1643.894725746839	1961.672191827343	2080.571902148085	1927.813256352538
g2336	109.16444742988939	86.93804970828847	100.21279424195632	111.18789751248099	65.736868946227	103.35866253938306
g2337	3741.3633346425727	3815.614403863772	6584.689157009351	3558.0127203993916	3321.3553035081195	3379.8669761473916
g2338	236.19216807557888	241.49458252302355	281.91174945843267	198.5498169865732	161.05532891825618	215.6208802787879
g2339	33.741738296511265	54.73877203855201	39.47776742864946	37.72446522744891	29.581591025802155	29.613998817463685
g234	295.73641212824583	363.85183766802214	321.89564211052635	325.62169985798005	317.1803926655453	321.6893204877428
g2340	738.34862625307	536.1179732011122	2086.754296260535	581.7509637706595	545.6160122536842	521.4386458447527
g2341	299.7060283984236	299.4532823285492	254.07486216900034	228.33228953455918	241.58299337738424	217.36288020922692
g2342	1254.3987413761836	767.9527724232149	1845.838689901084	504.3165351458959	565.3370729375523	603.1190870275611
g2343	490.2476093669578	310.72302951295694	303.67513406653427	327.60719802784575	284.3119581924318	311.62443200076166
g2344	275.8883307773568	400.8810069882191	1436.383384134707	273.998747441471	274.45142785049774	279.4942110615527
g2345	4021.2212816901074	7809.934798794581	5606.3491000916665	12484.812492115723	12240.204997787469	12438.266614430402
g2346	210.3896623194232	273.69386019276004	161.9600715021516	343.49118338677164	251.4435237193183	290.5268772876666
g2347	1055.9179278672937	1255.7718291197225	1080.0712268299735	1489.123627399299	1406.768995449258	1469.473719099244
g2348	1057.9027360023827	671.3549394140055	752.1020820381166	911.343659968371	774.051631841823	806.9330788889288
g2349	549.7918534196248	418.5906097065741	435.26769216203246	401.0706303128779	399.35147884832907	388.27242894007946
g235	587.5032079863138	624.6659867928876	600.2645150048494	454.6790808992526	486.45283020207984	487.1793138794516
g2350	2371.845721431233	2321.5679199879996	2477.9890939829197	2807.494412190145	2713.28926575552	2816.039665328622
g2351	1038.0546546514936	1173.6636710618945	1235.9577956507944	1401.7617079252068	1600.6927588406277	1536.0568275515805
g2352	297.7212202633347	233.44476310558943	320.8833916636379	264.07125659214233	231.7224630354502	330.0122090442849
g2353	1613.649013827274	985.2978966939361	1010.2259459946707	1137.6904513330644	1079.7280724417785	1185.140619342027
g2354	706.5916960916477	724.4837475690706	719.7100677376862	913.3291581382367	1005.7740948772732	834.99863332378
g2355	2024.504297790676	1854.678393776821	1581.135198039755	1888.208759542311	1758.4612443115725	1832.5839268218704
g2356	389.02239447742403	254.37429359091814	404.90017875537905	260.10026025241086	323.754079560168	319.7537650094772
g2357	178.63273215800083	207.68534096980025	164.99682284281695	154.86885724952708	157.76848547094482	147.29577189601218
g2358	325.50853415457925	276.91378795973367	744.004078463009	331.5781943675772	354.97909230962586	442.4679823315163
g2359	1264.322782051628	1329.8301677601164	1308.8398278267628	1368.0082390374894	1214.488653781544	1271.6599492204994
g236	1030.115422111138	1141.464393392158	1091.2059817457464	782.2862789270984	731.3226670267754	783.125746506262
g2360	460.47548734062434	433.0802846579556	404.90017875537905	405.0416266526093	463.4449260709004	408.7893170096948
g2361	2784.685813529724	3390.5839386232506	2889.9750258665176	3200.62304982356	3344.363207639299	3279.79875792106
g2362	2252.757233325899	1732.3211386318224	1645.9192266406158	2108.5990563974074	2097.0061193846414	2150.9828029965615
g2363	698.6524635512922	486.20909281302073	506.12522344422376	591.6784546199881	603.1357725816328	557.827088836146
g2364	1839.9171412274084	1540.7354364968903	1508.253165863787	1788.9338510490245	1799.5467874029644	1768.3234849434525
g2365	5936.561132050894	5272.631718419348	5041.007225504469	5855.234102934043	5919.605048607742	6123.903977684533
g2366	426.7337490441131	363.85183766802214	334.0426474731877	289.88273280039687	350.0488271386588	319.7537650094772
g2367	71.45309286320033	98.20779689269624	134.62930943616354	89.34741764395794	88.74477307740646	103.93932918286274
g2368	3183.6322486825925	3619.1988100783797	3284.7527001530125	4517.00833644454	4433.951810423012	4438.615822758675
g2369	4759.569907943178	5353.1299125936885	4573.347519042006	5984.291483975316	5222.794237777735	5705.436883283511
g237	668.8803415249587	714.8239642681497	585.0807583015227	823.9817404942787	724.7489801321527	744.801748036603
g2370	1153.1735264866497	1176.8835988288681	981.8829334817941	1643.9924846488261	1426.490056133126	1690.9012658128286
g2371	1006.2977244900713	996.5676438783438	901.9151481776067	1032.4590483301806	1081.3714941654343	1028.9412922459933
g2372	55.574627782489145	215.73516038723437	195.36433624947037	29.78247254798598	47.65922998601458	68.71221947842882
g2373	404.9008595581352	478.15927339558664	487.90471540023174	559.9104839021364	570.2673381085193	538.0844229578369
g2374	430.70336531429086	555.4375398029541	530.4192341695465	428.8676046909981	432.21991332144256	473.43686998376586
g2375	654.9866845793364	672.9649032974922	717.6855668439093	734.6343228503208	683.6634370407609	675.8959730103477
g2376	349.3262317756461	333.2625238817725	453.4882002060245	595.6494509597196	511.104156056915	518.5353126273543
g2377	1061.8723522725604	827.5214361122273	834.0943682360808	867.6627002313248	826.6411269988046	852.9992992716501
g2378	222.29851112995658	239.8846186395367	323.9201430043032	275.98424561133675	282.66853646877615	254.52554539192644
g2379	51.60501151231135	27.369386019276003	28.34301251287653	15.883985358925855	21.364482407523777	23.613776834840326
g238	1579.907275530763	1666.3126194088625	1562.914689995763	2011.3096460739864	1834.0586435997334	1873.0370363176214
g2380	416.80970836866857	388.0012959203245	415.0226832242635	389.15764129368347	384.560683335428	432.79020494018823
g2381	2538.5696047787005	3271.4466112452255	4190.716850118173	2475.916217822568	2409.25624687922	2215.049689327153
g2382	3600.441957051261	4630.256128908105	4126.945071964201	4229.111101814009	4340.276772174638	4261.512496497372
g2383	1661.2844090694077	2171.841278823725	2329.188278290318	1467.283147530776	1525.0953595524666	1462.3121638296611
g2384	93.28598234917821	77.27826640736754	178.15607865236677	170.75284260845294	167.62901581287886	159.10266031343235
g2385	516.0501151231135	457.2297429102579	483.85571361267796	744.5618136996495	705.0279194482847	664.6697512364071
g2386	281.84275518262353	255.98425747440496	300.63838272586895	305.7667181593227	323.754079560168	326.72176473123335
g2387	1315.9277935639393	1239.6721902848542	1123.5979960461768	1475.2251402102388	1360.7531871868991	1330.1137246641206
g2388	956.6775211128488	764.7328446562412	779.4328441041047	1175.4149165605133	1120.8136155331704	1084.491734472216
g2389	432.68817344937975	355.80201825058805	432.23094082136714	424.89660835126665	424.0028047031642	451.7586486271911
g239	2431.3899654839	2997.7527510524656	2649.059419507067	3254.2315004099346	3239.184217325336	3231.2163154165933
g2390	2752.9288833683017	2321.5679199879996	2071.0644143337636	2370.684814819684	2034.5560938857259	2171.3061355183504
g2391	1157.1431427568275	1658.2627999914284	1443.4691372629263	1097.9804879357498	1043.5727945213537	1109.6539556896687
g2392	1307.9885610235838	1056.1363075673564	955.5644218626945	893.4741764395794	810.2069097622478	794.545523828029
g2393	484.2931849616911	315.5529211634174	342.1406510482953	410.99812116220653	350.0488271386588	438.7904269228116
g2394	134.96695318604506	86.93804970828847	120.45780317972526	121.11538836180965	100.24872514299618	100.06821822633154
g2395	1113.4773637848718	875.8203526168321	796.6411017012082	1107.9079787850785	1158.612315177251	1061.4586242808552
g2396	641.0930276337141	663.3051199965713	633.6687797521682	730.6633265105894	788.8424273547241	710.7359716191285
g2397	3979.5403108532405	4379.101763084161	4135.043075539308	4608.341252258364	5176.778429515377	4851.856917368381
g2398	962.6319455181156	948.2687273737391	1372.611605980735	615.5044326583769	655.7252677386144	662.9277513059682
g2399	565.670318500336	508.7485871818363	462.59845422802056	536.0845058637476	588.3449770687317	550.0848669230836
g24	2022.519489655587	2484.174272220169	2787.7377307307847	1632.0794956296318	1763.3915094825395	1715.0957092911485
g240	1004.3129163549823	1379.739048148208	1080.0712268299735	921.2711508176997	928.5332738654565	869.8386319325608
g2400	4185.960356902486	5900.517632979208	4983.815075255272	8946.654753414989	8072.487506596676	8295.597224298537
g2401	1673.193257879941	1751.6407052336642	1392.856614918504	1896.150752221774	1909.6560428878945	1938.8459225786519
g2402	3.969616270177796	35.41920543671012	16.196007150215163	7.941992679462928	18.077638960212425	14.323110539165443
g2403	430.70336531429086	518.4083704827572	443.36569573714	337.5346888771744	364.83962265155986	367.368429774811
g2404	730.4093937127145	747.0232419378862	818.910611532754	748.5328100393809	755.9739928816106	766.8670804888309
g2405	549.7918534196248	566.707286987362	464.6229551217974	373.2736559347576	415.78569608488584	415.5637611836244
g2406	2022.519489655587	2340.8874865898415	2029.5621460113373	2251.55492462774	2108.5100714502314	2174.0159131879223
g2407	2058.2460360871873	2175.061206590699	2313.498396363547	2654.6110531104837	2506.2181285749048	2586.2892300584954
g2408	9483.413269454755	9646.903589853047	8250.853392587736	15812.507424810688	14968.28505905589	15407.989384733311
g2409	1143.2494858112052	1141.464393392158	1090.193731298858	1381.9067262265494	1498.8006119739757	1418.9557211165118
g241	240.16178434575667	207.68534096980025	319.87114121674944	170.75284260845294	144.6211116816994	156.3928826438605
g2410	394.97681888269074	330.04259611479887	315.82213942919566	381.2156486142205	499.60020399132526	479.43709196638923
g2411	914.996550275982	861.3306776654507	934.3071624780371	1020.5460593109863	857.8661397482624	933.3248516196725
g2412	87.33155794391152	80.49819417434118	119.44555273283682	73.46343228503208	116.68294237955294	99.68110713067843
g2413	299.7060283984236	222.17501592118165	306.7118854071996	313.70871083878563	297.4593319816772	278.913544418073
g2414	829.6498004671594	877.4303165003189	888.755892368057	962.96661238488	897.3082611159987	886.2908534978184
g2415	750.2574750636035	539.3379009680859	584.0685078546343	585.7219601103909	685.3068587644166	597.893087236244
g2416	617.2753300126473	571.5371786378224	630.6320284115028	750.5183082092467	662.2989546332371	649.7659740537621
g2417	307.6452609387792	468.4994900946657	440.3289443964747	264.07125659214233	277.7382712978091	276.01021120067463
g2418	1026.1458058409603	1112.4850434893951	936.331663371814	1054.2995281987037	972.9056604041597	1060.1037354460693
g2419	653.0018764442475	681.0147227149264	781.4573449978815	597.6349491295853	701.7410760009733	655.7661960363854
g242	119.08848810533388	103.03768854315672	132.60480854238662	113.17339568234672	115.03952065589726	81.48688563498177
g2420	404.9008595581352	407.3208625221664	439.31669394958624	321.6507035182486	300.7461754289886	283.9459886615636
g2421	331.46295855984596	338.09241553223296	598.2400141110725	309.73771449905416	364.83962265155986	319.7537650094772
g2422	188.5567728334453	196.41559378539247	269.2586188723271	238.25978038388783	249.80010199566263	218.13710240053317
g2423	347.34142364055714	233.44476310558943	217.63384608101623	281.9407401209339	295.8159102580215	316.07620960077253
g2424	768.1207482794035	571.5371786378224	590.1420105359649	520.2005205048217	627.7870984364679	611.4419755841031
g2425	1288.140479672695	1033.5968131985408	1043.6302107419895	1123.7919641440042	1089.5886027837125	1172.3659531854742
g2426	825.6801841969816	930.559124655384	979.8584325880173	861.7062057217277	810.2069097622478	853.5799659151298
g2427	283.8275633177124	225.3949436881553	252.05036127522345	287.89723463053116	302.3895971526442	290.91398838331975
g2428	2784.685813529724	2790.0674100826654	2400.0458095725094	3021.928214535644	2930.220933278069	2951.7221043550408
g2429	662.9259171196919	610.1763118415062	616.4605221550646	694.9243594530062	705.0279194482847	731.639970784397
g243	305.6604528036903	557.047503686441	814.8616097452003	466.592069918447	350.0488271386588	340.27065307909254
g2430	105.1948311597116	80.49819417434118	86.04128798551804	59.56494509597196	70.66713411719404	93.10021850457538
g2431	2645.749244073501	2827.0965794028625	2597.4346467157566	1761.1368766709043	2032.9126721620703	1912.5223680742397
g2432	857.437114358404	730.923603103018	858.3883789614035	851.778714872399	887.4477307740646	822.6110782628801
g2433	924.9205909514264	961.1484384416337	1012.2504468884475	953.0391215355513	867.7266700901965	921.7115187500789
g2434	609.3360974722917	650.4254089286768	559.7744971293115	546.0119967130763	496.3133605440139	526.0839789925902
g2435	1367.5328050762507	1500.4863394097197	1555.828936867544	1473.2396420403732	1329.5281744374413	1309.5968365945052
g2436	2685.445406775279	2015.6747821255033	1937.4473553444886	2656.5965512803496	2688.6379399006846	2689.0672259543985
g2437	130.99733691586727	114.30743572756448	177.14382820547831	123.10088653167539	147.90795512901076	134.7146612872858
g2438	555.7462778248914	442.7400679588765	382.6306689238332	780.3007807572327	665.5857980805484	719.0588601756706
g2439	71.45309286320033	74.05833864039388	167.02132373659384	53.608450586374765	98.60530341934052	74.13177481757249
g244	4148.249002335797	4037.7894197849537	3624.868850307531	4465.385384028031	4333.703085280015	4264.996496358251
g2440	1556.0895779096961	2371.4768003760914	2019.4396415424528	1090.0384952562868	1201.3412799922985	1156.107287168043
g2441	672.8499577951364	540.9478648515727	645.8157851148295	434.8240992005953	596.56208568701	523.1806457751918
g2442	2667.5821335594787	2443.9251751329984	2377.776299740963	2021.2371369233151	1919.5165732298285	1913.296590265546
g2443	1828.008292416875	2474.514488919248	2569.09163420288	2372.6703129895495	2034.5560938857259	2143.0470255356727
g2444	1681.1324904202966	1553.6151475647848	1522.424672120225	1368.0082390374894	1332.8150178847525	1296.047948246646
g2445	123.05810437551168	117.52736349453812	138.67831122371732	146.92686457006417	118.32636410320862	126.00466163509059
g2446	73.43790099828922	72.44837475690707	56.68602502575306	83.39092313436075	70.66713411719404	75.87377474801154
g2447	258.02505756155676	209.29530485328706	179.16832909925523	236.2742822140221	238.29614993007291	251.23510107887492
g2448	903.0877014654486	943.4388357232787	798.6656025949851	1298.5158030921887	1036.999107626731	1173.5272864724336
g2449	478.3387605564244	523.2382621332177	457.5372019935783	470.5630662581785	448.65413055799934	450.5973153402318
g245	3255.0853415457927	3034.7819203726626	2830.2522495000994	2708.2195036968583	2729.7234829920762	2719.842558058822
g2450	875.300387574204	1011.0573188297252	832.069867342304	790.2282716065613	844.718765959017	832.2888556542082
g2451	516.0501151231135	732.5335669865048	1496.1061605011255	472.5485644280442	430.5764915977869	438.20976027933193
g2452	2127.714320815299	2754.6482046459555	2145.970947403509	2309.1343715538464	2323.798317249125	2277.568131275132
g2453	5609.067789761226	6895.475312974066	9920.56050473023	4846.601032642252	4780.713794114359	4964.119135107785
g2454	4686.132006944888	6913.184915692421	6240.017879843835	3601.6936801364377	3160.2999745898633	3418.384530164877
g2455	490.2476093669578	511.9685149488099	493.97821808156243	377.24465227448906	437.1501784924096	402.20842838359175
g2456	1486.6212931815846	1062.5761631013036	998.5850658554535	1008.6330702917918	1069.8675420998445	1037.4577363503618
g2457	712.5461204969143	882.2602081507794	674.1587976277061	684.9968686036775	594.9186639633544	668.3473066451119
g2458	1601.7401650167408	1519.8059060115615	1272.3988117387787	1794.8903455586217	1758.4612443115725	1817.6801496392254
g2459	928.8902072216043	838.7911832966352	1049.70371342332	736.6198210201866	700.0976542773176	711.1230827147816
g246	1218.6721949445835	1440.9176757207072	1194.4555273283681	1052.314030028838	1211.2018103342325	1068.4266240026113
g2460	772.0903645495813	598.9065646570984	662.0117922650447	740.590817359918	737.8963539213981	742.6726370105109
g2461	2082.063733708254	2118.71247066866	2088.2726719308675	2753.8859616037703	2705.0721571372414	2689.647892597878
g2462	801.8624865759148	1101.2152963049873	791.579849466766	970.908605064343	986.0530341934051	957.5192950979925
g2463	319.5541097493126	264.0340768918391	354.28765641095663	349.4476778963688	368.1264660988712	354.40020807043146
g2464	242.14659248084556	154.55653281473508	279.38112334121155	204.50631149617038	193.92376339136968	259.7515451832436
g2465	676.8195740653142	666.525047763545	653.9137886899372	923.2566489875653	917.0293217998667	874.6775206282248
g2466	976.5256024637379	806.5919056268987	775.3838423165508	875.6046929107878	936.7503824837348	914.5499634804962
g2467	1248.4443169709168	1305.680709507814	1291.631570229659	1298.5158030921887	1168.472845519185	1222.6903956203798
g2468	1560.0591941798739	1495.6564477592592	1355.4033483836313	1624.1375029501687	1585.9019633277264	1560.8319376733803
g2469	1175.0064159726276	994.957679994857	888.755892368057	1187.3279055797077	1079.7280724417785	1142.1712877245309
g247	956.6775211128488	885.480135917753	817.8983610858656	675.0693777543488	757.6174146052663	718.0910824365377
g2470	4136.340153525263	4111.847758425348	3563.1215730473355	4104.024717112468	4047.747705363928	3864.723623452924
g2471	119.08848810533388	164.216316115656	196.37658669635883	93.3184139836894	95.31845997202916	109.93955116548611
g2472	2421.4659248084554	2846.4161460047044	2556.9446288402187	2751.9004634339044	2974.5933198167722	2913.398105885382
g2473	93.28598234917821	122.3572551449986	100.21279424195632	172.73834077831867	141.33426823438808	163.36088236561667
g2474	1847.8563737677641	2371.4768003760914	1962.7536165166998	1769.078869350367	1751.8875574169497	1761.3554852216964
g2475	1026.1458058409603	1358.8095176628792	1358.4400997242967	1409.7037006046696	1577.6848547094482	1427.085054125227
g2476	4977.898802802956	5533.445867544213	5304.192341695465	5249.657161124996	5380.56272324868	5353.165786239171
g2477	242.14659248084556	294.62339067808875	337.07939881385306	252.15826757294795	207.07113718061507	236.3313238962298
g2478	1238.5202762954723	1291.1910345564327	1233.9332947570176	1219.0958762975595	1349.2492351213093	1283.4668376379195
g2479	857.437114358404	690.6745060158473	674.1587976277061	806.1122569654872	759.260836328922	788.9324129410587
g248	1091.644474298894	866.1605693159112	833.0821177891924	1487.1381292294332	1434.7071647514044	1351.7919460206954
g2480	107.1796392948005	70.83841087342024	92.11479066684873	107.21690117274953	72.3105558408497	67.93799728712257
g2481	222.29851112995658	196.41559378539247	248.00135948766965	140.97037006046696	185.7066547730913	191.61999234829443
g2482	847.5130736829594	932.1690885388709	747.0408298036743	1141.661447672796	1171.7596889664965	1196.560396663794
g2484	1377.4568457516953	1125.3647545572896	1079.058976383085	1217.1103781276936	1301.5900051352946	1230.045506437789
g2485	444.59702225991316	415.3706819396005	333.0303970262992	389.15764129368347	381.27383988811664	387.4982067487732
g2486	1240.5050844305613	1184.9334182463022	1112.463241130404	939.1406343464912	1053.4333248632877	1048.8775136721288
g2487	857.437114358404	901.5797747526212	963.6624254378021	875.6046929107878	788.8424273547241	860.3544100890593
g2488	2357.9520644856107	2538.913044258721	2118.640185337521	2225.7434484194855	2279.4259307104217	2317.247018579577
g2489	728.4245855776256	751.8531335883466	675.1710480745945	1236.965359826351	1102.735976572958	1188.8181747507317
g249	883.2396201145597	885.480135917753	814.8616097452003	829.938235003876	880.8740438794418	915.3241856718024
g2490	668.8803415249587	940.218907956305	977.8339316942404	800.15576245589	732.9660887504311	803.0619679323976
g2491	3949.768188826907	4478.919523860343	3774.681916447021	4646.0657174858125	4703.472973102543	4281.835829019161
g2492	1294.0949040779615	1503.7062671766932	1224.8230407350216	1590.3840340624513	1600.6927588406277	1495.410162508003
g2493	109.16444742988939	90.15797747526213	160.94782105526318	85.37642130422647	98.60530341934052	120.77866184377346
g2494	271.918714507179	260.8141491248654	276.3443720005462	196.56431881670747	184.0632330494356	219.2984356874925
g2495	454.52106293535763	429.8603568909819	546.6152413197617	432.8386010307296	373.0567312698383	408.4022059140417
g2496	166.72388334746742	186.75581048447154	164.99682284281695	166.7818462687215	147.90795512901076	169.74821544389314
g2497	279.8579470475346	244.7145102899972	241.92785680633898	198.5498169865732	185.7066547730913	208.65288055703172
g2498	49.62020337722245	27.369386019276003	36.44101608798411	31.76797071785171	29.581591025802155	26.904221147891846
g2499	1532.2718802886293	1468.287061739983	1439.4201354753725	2142.3525252851246	1949.0981642556308	2045.4950294310866
g25	134.96695318604506	172.26613553309014	167.02132373659384	79.41992679462928	73.95397756450538	86.32577433064577
g250	142.90618572640065	128.7971106789459	154.87431837393248	162.81084992899002	123.25662927417564	145.94088306122626
g2500	123.05810437551168	125.57718291197224	108.31079781706389	75.44893045489782	67.38029066988268	72.97044153061313
g2501	1321.882217969206	1384.5689397986685	1391.8443644716153	1578.471045043257	1431.420321304093	1585.8006033430065
g2502	617.2753300126473	763.1228807727545	640.7545328803873	683.0113704338117	816.7805966568706	675.315306366868
g2503	5573.341243329625	6230.560229094008	5344.682359571003	5505.786425037674	5733.898393834651	5791.56910206633
g2504	502.1564581774912	629.495878443348	614.4360212612877	696.9098576228719	667.2292198042041	750.9955255670529
g2505	277.8731389124457	328.432632231312	479.8067118251241	365.3316632552947	354.97909230962586	357.30354128782983
g2506	1292.1100959428727	1326.6102399931426	1139.794003196392	1139.67594950293	1183.263641032086	1108.1055113070563
g2507	2885.911028419258	3941.1915867757443	3379.9042421605263	5202.005205048217	4629.518995538037	4870.244694411904
g2508	178.63273215800083	260.8141491248654	255.0871126158888	210.4628060057676	207.07113718061507	218.71776904401284
g2509	1959.0056293327423	1711.3916081464936	1605.4292087650779	1834.6003089559363	2062.4942631878725	1919.1032567003429
g251	500.1716500424023	367.07176543499577	393.7654238396061	567.8524765815994	507.8173126096036	552.4075334970023
g2510	9757.316792097023	10384.267048490012	10106.308461734261	9133.291581382367	9408.58936792874	9376.024292266395
g2511	1972.8992862783646	1695.2919693116253	1572.024944017759	2174.1204960029763	2493.070754785659	2206.5332452227844
g2512	516.0501151231135	481.37920116256026	405.9124292022675	462.62107357871554	409.21200919026313	446.1455377402209
g2513	178.63273215800083	170.6561716496033	258.12386395655415	184.65132979751306	156.12506374728915	152.32821613950276
g2514	700.637271686381	708.3841087342024	859.400629408292	774.3442862476354	782.2687404601014	791.448635062804
g2515	916.9813584110709	946.6587634902523	842.1923718111884	951.0536233656856	938.3938042073905	930.4215184022742
g2516	1960.9904374678313	2175.061206590699	2010.329387520457	2170.149499663245	1993.470550794334	1991.6865871353027
g2517	1693.04133923083	1663.092691641889	1739.046267754353	1217.1103781276936	1137.2478327697272	1232.1746174638813
g2518	224.2833192650455	270.47393242578636	317.8466403229725	164.79634809885576	203.7842937333037	210.7819915831239
g2519	1935.1879317116757	1859.5082854272814	1621.625215915293	2088.74407469875	2152.8824579889347	1929.555256282977
g252	1748.6159670133193	1376.5191203812342	1375.6483573214002	1685.6879462160064	1704.2283274309352	1548.0572715168273
g2520	1280.2012471323392	1260.601720770183	1095.2549835333002	966.9376087246114	961.40170833857	922.4857409413852
g2521	1210.7329624042277	1181.7134904793286	1011.2381964415591	919.2856526478339	895.664839392343	864.0319654977641
g2522	611.3209056073806	623.0560229094008	603.3012663455147	633.3739161871684	599.8489291343215	610.0870867493172
g2523	389.02239447742403	486.20909281302073	510.1742252317776	414.969117501938	519.3212646751933	420.78976097494154
g2524	978.5104105988268	821.0815805782801	783.4818458916584	933.184139836894	902.2385262869657	846.0312995498939
g2525	174.66311588782304	149.7266411642746	313.79763853541874	135.01387555086978	167.62901581287886	154.26377161776836
g2526	12129.162513528256	11295.506606543555	27793.360520216105	11897.105033835465	15814.647246738563	16923.529324215277
g2527	369.174313126535	389.6112598038113	314.8098889823072	317.6797071785171	305.6764405999556	304.07576563552584
g2528	4225.656519604264	4097.358083473966	7772.565056432944	4189.401138416694	4055.964813982206	4101.442058444807
g2529	2238.8635763802768	1925.516804650241	5248.518567116601	1878.2812686929824	1858.7099694545686	1935.9425893612536
g253	1115.4621719199606	861.3306776654507	934.3071624780371	1560.6015615144654	1311.4505354772289	1375.0186117598826
g2530	69.46828472811143	75.66830252388071	85.0290375386296	63.53594143570342	73.95397756450538	65.80888626103041
g2531	647.0474520389807	540.9478648515727	638.7300319866105	653.2288978858259	585.0581336214203	577.7633102622817
g2532	12101.375199637012	11406.594114504145	28398.686287455395	12526.507953682903	15885.314380855756	17105.084428076592
g2533	2379.784953971589	2703.129360374377	2607.557151184641	2650.640056770752	2507.8615502985604	2641.6461167368916
g2534	3707.6215963460613	4021.6897809500856	4010.5362705720295	4030.561284827436	4051.0345488112393	4054.0209492273
g2535	10080.840518116513	10674.060547517642	9429.11291276589	10656.168677669384	10121.834395995304	10424.321139295043
g2536	551.7766615547137	516.7984065992704	551.676493554204	448.7225863896554	529.1817950171275	547.9557558969915
g2537	323.52372601949037	328.432632231312	339.1038997076299	347.4621797265031	267.877740955875	306.01132111379144
g2538	581.5487835810471	444.3500318423633	588.117509642188	442.76609188005824	466.73176951821176	438.9839824706382
g2539	150.84541826675624	99.81776077618306	192.32758490880505	95.30391215355513	72.3105558408497	93.10021850457538
g254	1192.8696891884276	1339.4899510610373	1343.25634302097	1133.7194549933329	1056.720168310599	1125.3319550636202
g2540	1103.5533231094273	1027.1569576645934	1067.9242214673122	939.1406343464912	1041.929372797698	965.2615170110549
g2541	1115.4621719199606	1097.9953685380137	957.5889227564714	1008.6330702917918	1069.8675420998445	1082.749734541777
g2542	379.0983538019795	442.7400679588765	577.9950051733035	458.65007723898407	552.1896991483069	483.8888695664001
g2543	879.2700038443818	663.3051199965713	762.224586507001	1058.2705245384352	1004.1306731536175	1084.6852900200424
g2544	6150.920410640495	7428.373358408205	5952.032627704072	7004.837543286302	7135.737124112941	7298.011930800446
g2545	3548.8369455389497	3651.3980877481163	4008.511769678252	3496.462277133554	3240.8276390489914	3507.8071932607477
g2546	1929.233507306409	1791.8898023208346	1692.4827471974843	1761.1368766709043	1822.5546915341438	1760.194151934737
g2547	3566.7002187547496	4232.595049686859	3530.7295587469052	2986.1892474780607	3099.493370814603	3063.016544355313
g2548	990.4192594093602	879.0402803838057	799.6778530418736	933.184139836894	1071.5109638235	1059.329513254763
g2549	3245.1613008703484	3150.699319983714	3046.8738451342274	4745.340625979099	4703.472973102543	4597.718483072107
g255	109.16444742988939	88.5480135917753	136.65381032994043	135.01387555086978	64.09344722257133	119.23021746116099
g2550	2768.807348449013	2828.706543286349	2487.0993480049156	2875.0013499655797	3211.2460480231894	3079.8558770162235
g2551	2794.6098542051686	2786.8474823156917	2481.025845323585	2745.9439689243072	2936.7946201726913	2779.264111241576
g2552	825.6801841969816	1028.7669215480803	817.8983610858656	972.8941032342086	1028.7819990084527	958.0999617414722
g2553	1974.8840944134536	1886.8776714465573	1741.0707686481298	2243.612931948277	2295.860147946978	2217.5659114488985
g2554	47.635395242133555	75.66830252388071	71.86978172907978	49.6374542466433	36.15527792042485	45.09844264358849
g2555	3673.8798580495504	3319.74552774983	2970.955061617594	3331.6659290346984	3697.6988782252693	3617.553188878407
g2556	1577.922467395674	1448.9674951381412	1346.2930943616352	1651.934477328289	1515.2348292105326	1711.805264978097
g2557	609.3360974722917	437.91017630841606	431.2186903744787	603.5914436391826	547.2594339773399	538.0844229578369
g2558	708.5765042267366	1283.1412151389984	1097.2794844270773	742.5763155297838	890.734574221376	830.1597446281161
g2559	184.5871565632675	391.22122368729816	354.28765641095663	184.65132979751306	144.6211116816994	183.29710379175236
g256	914.996550275982	943.4388357232787	957.5889227564714	831.9237331737417	872.6569352611635	983.262182958925
g2560	2165.4256753819877	2084.9032291154367	1746.132020882572	2886.914338984774	3030.469658421065	2949.786548876775
g2561	117.10367997024498	154.55653281473508	183.217330886809	140.97037006046696	192.280341667714	165.48999339170882
g2562	408.870475828313	497.4788399974285	621.5217743895068	474.53406259790995	512.7475777805706	487.1793138794516
g2563	1012.252148895338	1349.1497343619583	1534.5716774828866	980.8360959136716	989.3398776407165	963.1324059849628
g2564	254.05544129137894	436.3002124249292	569.897001598196	270.02775110173957	241.58299337738424	250.26732333974212
g2565	277.8731389124457	236.66469087256309	284.4423755756538	319.66520534838287	382.9172616117723	338.9157642443066
g2566	452.53625480026875	320.38281281387793	403.8879283084906	383.2011467840863	483.1659867547685	460.46864827938634
g2567	400.9312432879574	434.6902485414424	379.59391758316787	403.0561284827436	374.70015299349393	391.17576215747783
g2568	91.30117421408931	109.47754407710401	152.8498174801556	150.89786090979564	70.66713411719404	80.71266344367554
g2569	194.51119723871201	181.92591883401107	238.89110546567363	305.7667181593227	335.2580316257577	286.849321878962
g257	210.3896623194232	149.7266411642746	172.08257597103608	196.56431881670747	215.28824579889346	221.81465780923781
g2570	502.1564581774912	392.83118757078495	522.3212305944389	192.593322476976	238.29614993007291	235.75065725275013
g2571	1244.474700700739	1223.572551449986	1364.5136024056274	833.9092313436074	803.6332228676251	893.6459643152277
g2572	928.8902072216043	819.4716166947933	787.024722455768	371.2881577648919	392.77779195370636	447.5004265750068
g2573	3534.9432885933275	2934.9641595964795	2781.15810282601	2751.9004634339044	2407.612825155564	2531.319454475752
g2574	972.55598619356	821.0815805782801	1156.4961355700514	1008.6330702917918	1060.0070117579105	926.937518541396
g2575	4043.054171176085	4272.84414677403	4102.651061238878	4060.343757375422	3847.2502550779354	4097.764503036103
g2576	676.8195740653142	893.5299553351871	785.5063467854353	714.7793411516635	739.5397756450539	692.7353056712584
g2577	414.8249002335797	536.1179732011122	480.8189622720126	786.2572752668299	775.6950535654787	717.1233046974049
g2578	1887.552536469542	1714.6115359134672	1654.0172302157234	1862.3972833340565	1820.9112698104882	1706.966376282433
g2579	3810.831619370684	3472.6920966810785	3292.85070372812	3250.2605040702033	3474.1935238080973	3414.3198636605193
g258	1032.100230246227	920.8993413544631	916.086654434045	1121.8064659741385	1058.363590034255	1152.236176211512
g2580	1020.1913814356936	1279.9212873720248	1096.2672339801886	1074.154509897361	1069.8675420998445	1100.363289393994
g2581	1111.4925556497828	1048.0864881499222	959.6134236502483	889.5031800998479	864.4398266428851	810.4170787498069
g2582	1899.4613852800753	1692.0720415446517	1744.1075199887953	2039.1066204521067	1975.3929118341216	2032.3332521788805
g2583	154.81503453693404	259.2041852413786	217.63384608101623	156.85435541939282	162.69875064191183	173.4257708525978
g2584	158.78465080711183	246.32447417348402	311.7731376416419	142.9558682303327	118.32636410320862	121.5528840350797
g2585	3437.6876899739714	4248.694688521728	3690.66512935528	3125.174119368662	3707.5594085672033	3571.6805240435124
g2586	1321.882217969206	1318.5604205757086	1222.7985398412447	1824.6728181066076	1763.3915094825395	1608.6401579865405
g2587	801.8624865759148	544.1677926185464	607.3502681330685	907.3726636286395	752.6871494342993	809.062189915021
g2588	4074.811101337508	4102.187975124427	3595.5135873477657	3603.6791783063036	3459.402728295196	3317.9292008428924
g2589	1311.9581772937615	1202.6430209646574	1087.1569799581928	1264.7623342044712	1239.1399796363792	1188.0439525594256
g259	337.41738296511267	307.5031017459833	300.63838272586895	446.7370882197897	451.9409740053107	435.4999826097601
g2590	4586.891600190444	4214.885446968505	3844.527197282324	4113.952207961796	4606.511091406857	4314.54671660185
g2591	2860.108522663102	2868.9556403735196	2597.4346467157566	2702.263009187261	2936.7946201726913	2899.655661989696
g2592	2917.66795858068	2458.41485008438	2266.428750583234	2708.2195036968583	2915.4301377651677	2844.2987753113
g2593	770.1055564144924	674.5748671809791	664.0362931588216	551.9684912226735	571.910759832175	571.9566438274849
g2594	1665.2540253395855	1577.7646058170872	1442.4568868160377	1403.7472060950724	1538.242733341712	1431.7303872730647
g2595	297.7212202633347	244.7145102899972	255.0871126158888	295.83922730999404	281.02511474512045	261.6871006615092
g2596	424.74894090902416	291.40346291111507	437.2921930558094	428.8676046909981	361.55277920424857	380.91731812267017
g2597	492.2324175020467	315.5529211634174	466.64745601557433	452.6935827293869	474.9488781364901	459.5008705402535
g2598	1020.1913814356936	853.2808582480166	766.2735882945548	835.8947295134732	828.2845487224603	926.937518541396
g2599	180.61754029308972	198.02555766887932	298.61388183209203	234.28878404415636	193.92376339136968	202.84621412223493
g26	240.16178434575667	180.31595495052426	225.7318496561238	262.0857584222766	251.4435237193183	244.84776800059845
g260	1427.0770491289177	1291.1910345564327	1215.7127867130255	1344.1822609991004	1388.6913564890456	1322.9521693945378
g2600	369.174313126535	373.5116209689431	331.00589613252237	395.11413580328065	387.84752678273935	486.2115361403188
g2601	15.878465080711184	19.319566601841885	31.379763853541874	43.6809597370461	19.721060683868103	32.517332034862086
g2602	11.908848810533389	6.439855533947295	12.147005362661371	17.869483528791587	21.364482407523777	13.355332800032643
g2603	1671.208449744852	1566.4948586326793	1546.7186828455478	1407.718202434804	1258.8610403202472	1422.8268320730429
g2604	404.9008595581352	457.2297429102579	471.70870825001657	462.62107357871554	394.42121367736206	446.532648835874
g2605	1018.2065733006046	951.4886551407128	954.552171415806	1002.6765757821946	905.525369734277	919.1952966283336
g2606	363.2198887212683	283.353643493681	301.65063317275735	349.4476778963688	305.6764405999556	316.2697651485991
g2608	641.0930276337141	668.1350116470318	554.7132448948693	740.590817359918	583.4147118977647	659.44375144509
g2609	668.8803415249587	693.894433782821	848.2658744925191	802.1412606257558	721.4621366848414	774.8028579497199
g261	559.7158940950692	632.7158062103217	543.5784899790964	575.7944692610623	581.771290174109	590.9250875144878
g2610	518.0349232582024	457.2297429102579	452.4759497591361	595.6494509597196	534.1120601880945	637.7655300885153
g2611	385.0527782072462	349.36216271664074	303.67513406653427	399.0851321430121	478.2357215838015	450.0166486967521
g2612	41.680970836866855	59.568663689012475	50.61252234442238	63.53594143570342	55.876338604292954	54.38910893926337
g2613	982.4800268690045	1040.0366687324881	1116.5122429179576	1373.9647335470866	1265.4347272148698	1285.7895042118384
g2614	518.0349232582024	643.9855533947294	633.6687797521682	625.4319235077056	478.2357215838015	493.7602025055547
g2615	252.07063315629006	520.0183343662441	471.70870825001657	355.404172405966	325.39750128382366	370.0782074443828
g2616	764.1511320092258	750.2431697048598	638.7300319866105	853.7642130422647	823.3542835514933	829.3855224368098
g2617	571.6247429056026	727.7036753360443	638.7300319866105	607.562439978914	690.2371239353836	700.0904164886676
g2618	1240.5050844305613	1339.4899510610373	1384.7586113433963	1356.095250018295	1405.1255737256022	1270.111504837887
g2619	464.44510361080216	402.49097087170594	335.05489792007614	426.88210652113236	396.0646354010177	414.5959834444916
g262	61.52905218775584	54.73877203855201	98.18829334817941	99.2749084932866	57.51976032794863	61.550664208846094
g2620	1278.2164389972504	1202.6430209646574	1073.9977241486429	1097.9804879357498	1130.6741458751046	996.2304046633045
g2621	1321.882217969206	951.4886551407128	914.0621535402681	1229.0233671468882	1170.1162672428406	1185.9148415333334
g2622	1423.10743285874	1283.1412151389984	1159.0267616872725	1649.9489791584233	1631.9177715900855	1644.2543787866275
g2623	2766.822540313924	3353.5547693030535	2689.549437382605	2622.843082392632	2724.7932178211095	2658.098338302149
g2624	793.9232540355592	1075.4558741691983	929.2459102435948	1040.4010410096434	885.804309050409	992.1657381589467
g2625	494.2172256371356	392.83118757078495	541.5539890853195	424.89660835126665	407.5685874666074	506.7284242099342
g2626	311.614877208957	262.42411300835226	452.4759497591361	351.4331760662346	243.22641510103992	312.20509864424133
g2627	1776.4032809045636	2310.298172803592	1800.7935450145483	2191.989979531768	2032.9126721620703	2028.8492523180023
g2628	849.4978818180483	827.5214361122273	711.6120641625787	865.6772020614592	838.1450790643944	939.9057402457755
g2629	573.6095510406915	653.6453366956504	677.1955489683714	732.648824680455	724.7489801321527	698.1548610104021
g263	180.61754029308972	321.9927766973647	371.49591400806025	258.11476208254516	207.07113718061507	226.6535465049018
g2630	6333.522759068674	6077.6136601627595	6454.108849360742	5908.842553520418	6175.978837498027	6025.771314936467
g2631	641.0930276337141	908.0196302865685	884.7068905805032	544.0264985432106	655.7252677386144	610.2806422971438
g2632	1034.0850383813158	1263.8216485371565	1330.09708721142	1427.5731841334614	1313.0939572008845	1363.4052788902889
g2633	2207.1066462188546	1819.2591883401108	1664.139734684608	1985.498169865732	1990.1837073470226	1957.6208107178284
g2634	440.62740598973534	563.4873592203883	705.5385614812479	504.3165351458959	512.7475777805706	580.279532384027
g2635	1034.0850383813158	875.8203526168321	1006.1769442071169	937.1551361766254	971.2622386805041	1057.200402228671
g2636	438.64259785464645	542.5578287350596	489.92921629400865	617.4899308282427	558.7633860429296	558.7948665752789
g2637	913.0117421408931	943.4388357232787	850.290375386296	1163.501927541319	1086.3017593364013	1158.817064837615
g2638	1375.4720376166063	1358.8095176628792	1247.0925505665675	1381.9067262265494	1437.9940081987158	1471.989941220989
g2639	383.0679700721573	544.1677926185464	488.9169658471202	557.9249857322707	520.964686398849	522.212868036059
g264	146.87580199657845	115.91739961105131	177.14382820547831	131.0428792111383	161.05532891825618	109.55244006983298
g2640	688.7284228758476	761.5129168892676	808.7881070638696	681.0258722639461	713.245028066563	686.3479725929819
g2641	391.0072026125129	408.9308264056532	591.1542609828534	538.0700040336134	325.39750128382366	379.94954038353734
g2642	841.5586492776928	785.6623751415699	1175.2227688374876	951.0536233656856	718.17529323753	880.2906315151951
g2643	897.133277060182	943.4388357232787	957.5889227564714	1193.2844000893049	984.4096124697494	1070.1686239330504
g2644	2161.4560591118097	2571.1123219284573	2149.0076987441744	3095.391646820676	2943.368307067314	3026.434545816093
g2645	3908.0872179900402	4939.369194537575	4110.749064813986	5511.742919547272	5347.694288775567	5635.563330518122
g2646	680.789190335492	842.0111110636087	736.9183253347899	895.4596746094451	675.4463284224825	771.7059691844948
g2647	256.0402494264678	260.8141491248654	302.6628836196458	347.4621797265031	287.59880163974316	316.8504317920788
g2648	647.0474520389807	590.8567452396643	970.242053342577	494.38904429656725	483.1659867547685	484.85664730553293
g2649	4211.762862658642	2299.028425619184	2688.0310617122727	3214.5215370126202	2974.5933198167722	3024.111879242174
g265	4995.7620760187565	6860.056107537355	6103.870194737339	5211.932695897546	5165.274477449787	5037.089576638398
g2650	488.26280123186893	239.8846186395367	351.2509050702913	264.07125659214233	261.3040540612524	268.26798928761224
g2651	561.7007022301582	251.1543658239445	305.19350973686693	319.66520534838287	282.66853646877615	264.9775449745607
g2652	621.2449462828251	470.1094539781525	713.6365650563555	565.8669784117336	496.3133605440139	557.6335332883194
g2653	968.5863699233822	796.9321223259777	1017.8178243463341	980.8360959136716	941.6806476547018	999.7144045241826
g2654	252.07063315629006	289.7934990276283	448.9330731950265	341.5056852169059	336.90145334941343	350.5290971139002
g2655	472.38433615115775	320.38281281387793	439.31669394958624	323.6362016881143	382.9172616117723	382.46576250528267
g2656	819.7257597917148	701.9442532002552	1199.010654339366	915.3146563081024	803.6332228676251	831.901744558555
g2657	113.13406370006719	88.5480135917753	85.0290375386296	105.2314030028838	105.17899031396321	99.48755158285186
g2658	236.19216807557888	119.13732737802495	225.7318496561238	224.3612931948277	203.7842937333037	216.20154692226757
g2659	367.18950499144614	294.62339067808875	421.6023111290384	331.5781943675772	363.1962009279042	334.46398664429574
g266	549.7918534196248	748.633205821373	620.5095239426183	460.63557540884983	474.9488781364901	461.82353711417227
g2660	277.8731389124457	275.3038240762468	275.838246777102	240.24527855375356	267.877740955875	270.39710031370436
g2661	426.7337490441131	276.91378795973367	365.42241132672956	409.01262299234077	420.71596125585285	437.82264918367883
g2662	611.3209056073806	634.3257700938085	919.6295309981547	772.3587880777698	778.98189701279	757.3828586453294
g2663	492.2324175020467	476.5493095120998	443.8718209605843	403.0561284827436	394.42121367736206	362.72309662697353
g2664	97.25559861935601	67.61848310644659	89.07803932618339	59.56494509597196	60.80660377525998	51.87288681751809
g2665	938.8142478970487	814.6417250443328	995.042189291344	792.2137697764271	668.8726415278597	733.1884151670095
g2666	5466.161604034825	5958.476332784734	5269.775826501258	6212.623773509875	6373.189444336708	6119.065088988869
g2667	418.7945165037575	511.9685149488099	464.6229551217974	520.2005205048217	499.60020399132526	520.6644236534465
g2668	734.3790099828923	879.0402803838057	978.8461821411288	974.8796014040744	1074.7978072708115	1035.5221808720962
g2669	1843.8867574975864	2611.361419015628	2432.4378238729396	2215.815957570157	2164.3864100545243	2162.789691413982
g267	8931.636607900042	11018.592818583822	8975.624712559864	9039.973167398677	9076.618179750294	8905.490755500028
g2670	940.7990560321376	738.973422520452	667.073044499487	1101.9514842754813	940.0372259310462	1067.265290715652
g2671	2492.919017671656	2426.2155724146432	2262.3797487956804	2571.2201299761227	2626.187914401769	2483.7047897104185
g2672	2548.4936454541453	5929.496982881971	4292.954145253906	2289.279389855189	2312.294365183535	2144.5954699182853
g2673	19328.06161949569	78307.03332891561	49762.23196903608	18852.305122875125	19574.796150462746	18770.823472671967
g2674	20354.207425336648	83273.77190947246	53320.29228984898	19888.735167545037	20580.57024534002	19740.14965618738
g2675	1917.3246584958756	1931.9566601841884	1748.1565217763489	1761.1368766709043	2052.633732845938	1838.003482161014
g2676	1641.4363277185187	1743.59088581623	1589.2332016148628	1600.31152491178	1549.7466854073016	1552.7026046646647
g2677	1331.8062586446506	2416.5557891137223	2136.8606933815126	1681.716949876275	1493.8703468030087	1543.7990494646428
g2678	4013.282049149752	4144.047036095084	3373.830739479196	3929.3008781642834	3914.6305457478184	3924.145176635678
g2679	2933.546423661391	2815.8268322184545	2393.9723068911785	3188.7100608043656	3007.4617542898854	3260.6367586862307
g268	633.1537950933584	668.1350116470318	657.9627904774909	671.0983814146174	636.0042070547463	575.0535325927099
g2680	2161.4560591118097	2194.380773192541	1877.7245789780702	1820.7018217668763	1824.1981132577994	1806.0668167696317
g2681	903.0877014654486	709.9940726176892	652.9015382430487	899.4306709491766	803.6332228676251	819.7077450454818
g2682	200.4656216439787	181.92591883401107	167.02132373659384	289.88273280039687	262.947475784908	234.97643506144388
g2683	224.2833192650455	264.0340768918391	217.63384608101623	228.33228953455918	246.51325854835127	234.58932396579078
g2684	121.07329624042278	152.94656893124824	138.67831122371732	270.02775110173957	225.1487761408275	226.84710205272836
g2685	466.42991174589105	444.3500318423633	420.08393545870575	766.4022935681726	737.8963539213981	670.2828621233774
g2686	1629.5274789079854	1849.8485021263605	1444.4813877098147	1816.7308254271447	1755.174400864261	1783.2272621260977
g2687	242.14659248084556	199.63552155236613	222.69509831545847	224.3612931948277	184.0632330494356	221.04043561793156
g2688	611.3209056073806	484.59912892953395	511.186475678666	639.3304106967657	583.4147118977647	593.4413096362331
g2689	381.08316193706844	384.78136815335085	448.42694797158225	395.11413580328065	363.1962009279042	371.0459851835156
g269	853.4674980882262	829.1313999957142	1008.2014451008938	1097.9804879357498	1043.5727945213537	1057.7810688721506
g2690	801.8624865759148	745.4132780543994	821.9473628734195	887.5176819299821	946.610912825669	845.0635218107611
g2691	2451.238046834789	3735.116209689431	3369.781737691642	2493.7857013513594	2594.9629016523113	2529.3838989974865
g2692	905.0725096005375	962.7584023251205	877.6211374522841	1121.8064659741385	1221.0623406761667	1099.3955116548611
g2693	1685.1021066904743	1845.0186104759	1882.7858312125124	2233.6854410989486	2494.7141765093147	2216.404578161939
g2694	281.84275518262353	280.1337157267073	485.8802145064548	297.8247254798598	279.3816930214648	298.46265474855556
g2695	563.6855103652471	695.5043976663078	705.5385614812479	712.7938429817978	721.4621366848414	692.1546390277787
g2696	605.3664812021138	410.54079028914003	418.05943456492884	595.6494509597196	476.59229986014583	462.01709266199884
g2697	440.62740598973534	420.20057359006097	560.7867475761999	305.7667181593227	310.6067057709226	320.72154274861
g2698	6178.70772453174	7479.892202679783	6839.77626962524	6510.448498989735	6539.175038425931	6667.60151152934
g2699	196.4960053738009	251.1543658239445	242.9401072532274	152.88335907966135	147.90795512901076	153.4895494264621
g27	115.11887183515609	114.30743572756448	232.81760278434294	83.39092313436075	115.03952065589726	86.51932987847233
g270	944.7686723023155	1294.4109623234062	1169.149266156157	1620.1665066104372	1388.6913564890456	1489.0228294297265
g2700	208.40485418433428	255.98425747440496	329.9936456856339	190.60782430711026	212.0014023515821	195.29754775699908
g2701	754.2270913337812	730.923603103018	607.3502681330685	853.7642130422647	871.0135135375078	819.3206339498287
g2702	754.2270913337812	730.923603103018	607.3502681330685	853.7642130422647	871.0135135375078	819.3206339498287
g2703	6363.294881095007	6832.68672151808	5869.028091059219	6845.997689697044	6864.572539709755	6844.704837790643
g2704	454.52106293535763	375.1215848524299	372.5081644549487	343.49118338677164	346.76198369134744	330.7864312355911
g2705	1575.937659260585	1339.4899510610373	1363.501351958739	1497.0656200787619	1484.0098164610747	1374.6315006642294
g2706	184.5871565632675	235.05472698907624	313.79763853541874	138.98487189060123	190.63691994405832	184.84554817436484
g2707	1522.3478396131848	953.0986190241996	1098.2917348739657	1195.2698982591705	1152.0386282826282	1167.1399533941571
g2708	343.3718073703794	307.5031017459833	584.0685078546343	287.89723463053116	299.1027537053329	262.26776730498887
g2709	1607.6945894220073	1242.8921180518278	1293.656071123436	1354.1097518484291	1352.5360785686207	1323.1457249423645
g271	752.2422831986923	1028.7669215480803	911.0254021996028	599.620447299451	644.2213156730247	605.6353091493064
g2710	285.8123714528013	323.60274058085156	306.7118854071996	146.92686457006417	198.8540285623367	206.91088062659267
g2711	750.2574750636035	756.6830252388071	669.0975453932639	829.938235003876	742.8266190923651	832.2888556542082
g2712	1808.160211065986	2031.7744209603713	1654.0172302157234	2239.6419356085457	2077.2850587007733	2227.0501332924
g2713	1309.9733691586728	2129.9822178530676	1643.894725746839	1175.4149165605133	1179.9767975847749	1265.4661716900496
g2714	3421.8092248932603	4403.251221336463	3941.703240183615	3861.7939403888486	4097.050357073598	3998.664062548904
g2715	176.64792402291192	359.0219460175617	475.75771003757035	258.11476208254516	180.77638960212428	206.91088062659267
g2716	1198.8241135936944	1204.252984848144	1148.904257218388	1499.0511182486275	1352.5360785686207	1433.8594982991567
g2717	377.1135456668906	400.8810069882191	416.034933671152	458.65007723898407	489.7396736493912	531.6970898795604
g2718	684.7588066056699	661.6951561130845	550.6642431073154	536.0845058637476	642.577893949369	665.2504178798869
g2719	77.40751726846702	67.61848310644659	145.76406435193644	101.26040666315232	65.736868946227	78.0028857741037
g272	841.5586492776928	824.3015083452538	804.7391052763159	762.431297228441	703.384497724629	710.7359716191285
g2720	127.02772064568947	74.05833864039388	90.09028977307183	61.55044326583769	77.24082101181673	69.09933057408193
g2721	35.72654643160016	27.369386019276003	17.208257597103607	29.78247254798598	14.790795512901077	22.065332452227846
g2722	913.0117421408931	647.2054811617031	736.9183253347899	546.0119967130763	757.6174146052663	714.8006381234862
g2723	664.9107252547808	685.8446143653869	878.6333878991725	663.1563887351545	593.2752422396987	623.6359750971765
g2724	349.3262317756461	442.7400679588765	434.255441715144	262.0857584222766	305.6764405999556	267.68732264413256
g2725	5557.462778248914	4965.128616673364	4582.457773064002	5031.2523624397645	5135.692886423985	4938.182691699027
g2726	851.4826899531373	685.8446143653869	768.2980891883317	895.4596746094451	956.471443167603	935.0668515501116
g2727	2439.3291980242557	2485.7842361036555	2306.918768458772	2563.27813729666	2391.1786079190074	2567.7078974671454
g2728	2506.8126746172784	2677.3699382385876	2333.2372800778717	2424.2932654060587	2442.1246813523335	2334.860573431794
g2729	732.3942018478034	719.6538559186101	830.045366448527	740.590817359918	848.0056094063284	737.0595261235406
g273	256.0402494264678	267.25400465881273	345.1774023889606	335.5491907073087	331.97118817844637	336.01243102690825
g2730	391.0072026125129	511.9685149488099	430.2064399275902	500.3455388061644	616.2831463708782	603.5061981232142
g2731	404.9008595581352	354.1920543671012	368.45916266739493	526.157015014419	443.7238653870323	450.0166486967521
g2732	1246.459508835828	2026.9445293099109	1666.1642355783847	1842.5423016353993	1861.99681290188	1778.0012623347804
g2733	11922.74246747901	12300.124069839332	10813.871524109285	11208.137168892057	11906.590387885366	11979.539966081455
g2734	7782.432697683569	8975.548650439041	8539.344769950943	8204.078437885204	7871.990056310684	8079.202121828443
g2735	1030.115422111138	819.4716166947933	1031.4832053793282	740.590817359918	940.0372259310462	800.7393013584789
g2736	986.4496431391823	1365.2493731968264	1690.4582463037075	921.2711508176997	930.1766955891121	893.8395198630543
g2737	355.28065618091273	326.8226683478252	379.59391758316787	407.02712482247506	381.27383988811664	405.4988726966433
g2738	1333.7910667797394	1275.0913957215644	1021.3607009104436	1364.0372426977578	1436.35058647506	1332.8235023336924
g2739	577.5791673108694	603.7364563075589	520.296729700662	708.8228466420663	751.0437277106436	716.7361936017518
g274	1361.578380670984	1502.0963032932066	1321.9990836363124	1747.238389481844	1791.329678784686	1775.8721513086884
g2740	3796.937962425062	3768.925451242654	3586.40333332577	3802.228995292877	4082.259561560697	4002.148062409782
g2741	446.58183039500204	426.6404291240083	468.67195690935125	389.15764129368347	409.21200919026313	388.0788733922529
g2742	986.4496431391823	825.9114722287405	795.6288512543198	847.8077185326675	852.9358745772954	879.5164093238889
g2743	1040.0394627865826	866.1605693159112	850.290375386296	905.3871654587738	902.2385262869657	928.8730740196617
g2744	258.02505756155676	257.5942213578918	225.7318496561238	279.9552419510682	287.59880163974316	241.36376813972038
g2745	938.8142478970487	1184.9334182463022	1084.6263538409717	758.4603008887096	808.5634880385921	845.2570773585877
g2746	4134.355345390175	4625.426237257644	4885.626781907093	3399.172866810133	2977.8801632640834	3225.0225378861433
g2747	835.604224872426	671.3549394140055	678.2077994152598	381.2156486142205	410.8554309139188	407.821539270562
g2748	2945.4552724719247	3348.724877652593	4637.119297195978	2428.26426174579	2511.1483937458715	2511.5767885974433
g2749	468.41471988097993	579.5869980552566	474.7454595906819	921.2711508176997	739.5397756450539	777.8997467149449
g275	744.3030506583368	561.8773953369015	657.9627904774909	750.5183082092467	663.9423763568927	759.3184141235951
g2750	391.0072026125129	442.7400679588765	472.72095869690503	407.02712482247506	419.0725395321972	366.9813186791578
g2751	478.3387605564244	560.2674314534146	583.0562574077458	464.6065717485813	586.701555345076	527.4388678273762
g2752	502.1564581774912	421.8105374735478	382.6306689238332	293.85372914012834	335.2580316257577	323.23776487035525
g2753	2336.119174999633	2158.9615677558304	2043.7336522677756	1987.4836680355977	2103.579806279264	1993.6221426135685
g2754	1097.5988987041605	771.1727001901885	837.1311195767462	960.9811142150143	1033.7122641794197	1022.3604036198901
g2755	174.66311588782304	148.11667728078777	192.32758490880505	136.9993737207355	151.1947985763221	145.55377196557316
g2756	1178.9760322428053	1204.252984848144	1026.421953144886	1628.1084992899002	1628.630928142774	1570.7032706125347
g2757	125.04291251060057	181.92591883401107	115.39655094528302	75.44893045489782	57.51976032794863	72.77688598278658
g2758	3560.7457943494833	3662.667834932524	3418.3697591422874	3978.9383324109267	4149.63985223058	4021.6971727402647
g2759	672.8499577951364	953.0986190241996	776.3960927634392	953.0391215355513	885.804309050409	842.3537441411893
g276	668.8803415249587	577.9770341717697	680.2323003090368	714.7793411516635	617.9265680945339	735.7046372887547
g2760	1067.8267766778272	1202.6430209646574	957.5889227564714	722.7213338311265	813.4937532095593	804.2233012193569
g2761	1724.7982693922525	1543.9553642638639	1524.449173014002	1834.6003089559363	1995.1139725179896	1978.9119209787498
g2762	1089.659666163805	969.1982578590679	870.5353843240649	1068.1980153877637	1030.4254207321083	1086.8144010461347
g2763	418.7945165037575	482.9891650460471	350.23865462340285	351.4331760662346	443.7238653870323	425.6286496706055
g2764	250.08582502120115	212.51523262026072	272.2953702129924	224.3612931948277	188.99349822040264	212.33043596573637
g2765	970.5711780584711	1052.9163798003826	951.5154200751407	1163.501927541319	1125.7438807041374	1146.6230653245416
g2766	946.7534804374044	1093.1654768875533	841.1801213642999	1217.1103781276936	1156.9688934535952	1207.205951794255
g2767	603.381673067025	602.126492424072	538.5172377446542	605.5769418090482	552.1896991483069	630.7975303667591
g2768	1196.8393054586056	938.6089440728182	901.9151481776067	1095.994989765884	1040.2859510740425	1002.8112932894076
g2769	2397.648227187389	3232.807478041542	2710.8066967672626	3887.605416597103	3899.839750234917	3802.9794036962517
g277	1276.2316308621614	1550.3952197978113	1296.6928224641013	1844.527799805265	1740.38360535136	1673.2877109606115
g2770	978.5104105988268	1465.0671339730095	1299.7295738047667	1904.092744901237	1414.9861040675364	1636.8992679692183
g2771	1907.400617820431	2583.992032996352	2227.963233601473	4026.5902884877046	3525.1395972414234	4043.5689496446657
g2772	406.8856676932241	317.16288504690425	334.0426474731877	345.47668155663735	358.2659357569372	311.043765357282
g2773	1385.3960782920508	1824.0890799905712	1772.4505325016717	1693.6299388954694	1705.8717491545908	1787.872595273935
g2774	815.7561435215371	874.2103887333452	791.579849466766	984.8070922534031	935.1069607600791	939.1315180544693
g2775	1065.8419685427382	945.0487996067654	837.1311195767462	1064.2270190480324	1143.82151966435	1046.9419581938632
g2776	1462.8035955605178	1410.3283619344575	1294.6683215703245	1354.1097518484291	1421.559790962159	1378.5026116207607
g2777	2046.3371872766538	2463.2447417348403	2111.5544322093015	1876.2957705231167	2133.161397305066	2096.9808051529517
g2778	1218.6721949445835	1017.4971743636726	933.2949120311487	863.6917038915934	816.7805966568706	896.5492975326262
g2779	2969.2729700929913	2422.9956446476695	2267.4410010301226	2475.916217822568	2675.490566111439	2698.3578922500737
g278	119.08848810533388	170.6561716496033	249.0136099345581	150.89786090979564	157.76848547094482	142.26332765252164
g2780	45.65058710704466	72.44837475690707	61.747277260195304	45.66645790691184	39.442121367736206	36.19488744356673
g2781	462.4602954757132	747.0232419378862	626.5830266239491	369.3026595950261	455.22781745262205	421.7575387140743
g2782	1788.3121297150972	1524.635797662022	1537.6084288235518	1999.396657054792	2001.6876594126124	1976.7828099526578
g2783	1788.3121297150972	1524.635797662022	1537.6084288235518	1999.396657054792	2001.6876594126124	1976.7828099526578
g2784	704.6068879565588	421.8105374735478	478.7944613782357	718.7503374913949	624.5002549891566	670.2828621233774
g2785	1274.2468227270726	1149.514212809592	979.8584325880173	1018.5605611411205	931.8201173127678	954.228850784941
g2786	196.4960053738009	193.19566601841885	200.42558848391263	176.70933711805014	187.35007649674696	177.68399290478212
g2787	343.3718073703794	289.7934990276283	252.05036127522345	240.24527855375356	244.8698368246956	247.75110121799685
g2788	1464.7884036956068	1941.6164434851094	1513.3144180982292	1755.180382161307	1543.172998512679	1557.347937812502
g2789	1182.9456485129833	1035.2067770820277	993.0176883975671	1530.8190889664793	1668.0730495105104	1569.1548262299223
g279	1006.2977244900713	1126.9747184407765	889.7681428149455	1086.0674989165555	1076.4412289944673	1065.523290785213
g2790	305.6604528036903	210.9052687367739	334.0426474731877	283.9262382907997	226.79219786448317	287.04287742678855
g2791	893.1636607900041	681.0147227149264	712.6243146094671	931.1986416670283	940.0372259310462	924.0341853239977
g2792	224.2833192650455	135.23696621289318	219.65834697479312	115.15889385221246	172.5592809838459	168.5868821569338
g2793	1238.5202762954723	1292.8009984399193	2104.4686790810824	1433.5296786430586	1447.8545385406499	1434.0530538469834
g2794	1357.6087644008062	1125.3647545572896	1224.8230407350216	1244.9073525058138	1224.349184123478	1280.3699488726947
g2795	1972.8992862783646	1820.8691522235977	1775.487283842337	1727.3834077831868	1834.0586435997334	1736.9674861955498
g2796	2093.9725825187875	2228.190014745764	1926.3126004287158	2191.989979531768	2553.877358560919	2450.6067910320767
g2797	686.7436147407587	772.7826640736754	785.5063467854353	1008.6330702917918	871.0135135375078	1025.070181289462
g2798	105.1948311597116	86.93804970828847	118.43330228594837	125.0863847015411	72.3105558408497	127.16599492204995
g2799	230.23774367031217	177.0960271835506	224.71959920923535	232.30328587429065	239.93957165372856	232.84732403535173
g28	267.94909823700124	350.9721266001276	446.4024470778054	216.4193005153648	253.08694544297398	241.7508792353735
g280	1246.459508835828	1305.680709507814	1043.6302107419895	1278.6608213935315	1263.7913054912142	1242.6266170465155
g2800	109.16444742988939	91.76794135874894	131.5925580954982	77.43442862476354	57.51976032794863	77.22866358279745
g2801	1034.0850383813158	1221.9625875664992	1481.9346542446872	1113.8644732946757	1115.8833503622034	1104.0408448026985
g2802	1260.3531657814503	1086.725621353606	1055.7772161046507	1503.022114588359	1368.9702958051773	1388.7610556555683
g2803	1260.3531657814503	1086.725621353606	1055.7772161046507	1503.022114588359	1368.9702958051773	1388.7610556555683
g2804	704.6068879565588	552.2176120359806	597.2277636641841	696.9098576228719	539.0423253590615	636.7977523493826
g2805	944.7686723023155	835.5712555296615	744.004078463009	889.5031800998479	851.2924528536397	866.5481876195093
g2806	702.6220798214699	466.88952621117886	696.428307459252	714.7793411516635	675.4463284224825	704.1550829930254
g2807	2010.6106408450537	2205.6505203769484	1904.0430905971698	2559.3071409569284	2581.8155278630657	2545.061898371438
g2808	125.04291251060057	109.47754407710401	69.84528083530289	109.20239934261525	106.82241203761889	106.0684402089549
g2809	232.22255180540108	188.36577436795838	913.0499030933797	133.02837738100405	185.7066547730913	151.94110504384963
g281	127.02772064568947	173.87609941657695	197.3888371432473	186.6368279673788	180.77638960212428	199.74932535700995
g2811	31.756930161422368	25.75942213578918	22.77563505499007	1.985498169865732	9.860530341934052	13.548888347859203
g2812	39.69616270177796	35.41920543671012	33.91038997076299	9.92749084932866	13.147373789245401	23.033110191360645
g2813	146.87580199657845	135.23696621289318	333.0303970262992	97.28941032342087	98.60530341934052	85.93866323499266
g2814	444.59702225991316	452.39985125979746	765.7674630711106	399.0851321430121	527.5383732934718	467.4366480011425
g2815	138.93656945622286	77.27826640736754	94.64541678406985	61.55044326583769	36.15527792042485	44.13066490445569
g2816	63.513860322844735	40.24909708717059	32.392014300430326	35.738967057583174	21.364482407523777	23.033110191360645
g2817	41.680970836866855	45.078988737631065	25.30626117221119	13.898487189060123	23.00790413117945	19.936221426135685
g2819	132.98214505095618	122.3572551449986	104.2617960295101	144.94136640019843	167.62901581287886	141.8762165568685
g282	1502.4997582622957	1548.7852559143244	1574.049444911536	1586.4130377227198	1730.523075009426	1618.3179353778685
g2820	117.10367997024498	83.71812194131483	98.18829334817941	97.28941032342087	93.67503824837348	111.8751066437517
g2821	2036.4131466012093	2121.932398435634	1972.8761209855843	2158.2365106440507	2216.975905211506	1993.815698161395
g2822	394.97681888269074	235.05472698907624	217.63384608101623	196.56431881670747	216.93166752254913	167.619104417801
g2823	1228.596235620028	996.5676438783438	974.797180353575	1125.77746231387	1083.01491588909	1113.3315110983733
g2824	188.5567728334453	138.45689397986683	140.7028121174942	158.83985358925855	193.92376339136968	157.941327026473
g2825	1105.5381312445163	914.4594858205159	1001.1156919726747	1072.1690117274952	1048.5030596923207	1065.9104018808662
g2826	1919.3094666309644	1759.6905246510983	1704.6297525601458	1501.0366164184934	1651.6388322739535	1524.443494681987
g2827	492.2324175020467	384.78136815335085	400.85117696782527	399.0851321430121	468.3751912418674	429.4997606271367
g2828	1081.7204336234495	1231.6223708674202	1006.1769442071169	1447.4281658321186	1441.280851646027	1401.729277359948
g2829	934.844631626871	853.2808582480166	814.8616097452003	1189.3134037495734	1217.7754972288553	1223.851728907339
g283	297.7212202633347	265.6440407753259	389.71642205205234	170.75284260845294	230.07904131179453	218.71776904401284
g2830	11.908848810533389	8.049819417434119	18.220508043992055	31.76797071785171	13.147373789245401	24.581554573973126
g2831	256.0402494264678	252.7643297074313	342.1406510482953	287.89723463053116	325.39750128382366	300.39821022682116
g2832	889.1940445198263	705.1641809672287	769.3103396352202	990.7635867630003	994.2701428116835	987.9075161067625
g2833	1103.5533231094273	1508.5361588271537	1313.901080061205	1534.7900853062108	1589.1888067750378	1625.6730461952777
g2834	299.7060283984236	220.56505203769484	285.45462602254224	262.0857584222766	212.0014023515821	278.913544418073
g2835	611.3209056073806	481.37920116256026	547.6274917666501	472.5485644280442	614.6397246472225	604.0868647666939
g2836	1045.9938871918494	1062.5761631013036	1016.2994486760014	992.749084932866	892.3779959450317	991.9721826111202
g2837	710.5613123618255	767.9527724232149	721.7345686314632	516.2295241650903	550.5462774246512	513.8899794795169
g2838	625.2145625530029	626.2759506763744	737.9305757816783	613.5189344885111	576.841025003142	604.4739758623471
g2839	913.0117421408931	1254.1618652362356	1311.876579167428	804.1267587956214	793.7726925256911	856.6768546803547
g284	8062.290644731103	9321.690885388709	8106.101578682688	6164.971817433097	6535.88819497862	6366.04196801556
g2840	984.4648350040934	1444.1376034876807	1429.297631006488	1092.0239934261526	1173.403110690152	1073.6526237939286
g2841	1165.082375297183	951.4886551407128	882.6823896867263	931.1986416670283	869.3700918138521	894.2266309587073
g2842	10412.30347667636	12226.065731198938	10380.62833284103	15766.840966903777	15863.949898448232	15580.640933394603
g2843	738.34862625307	920.8993413544631	891.7926437087223	647.2724033762286	647.508159120336	601.1835315492955
g2844	948.7382885724933	738.973422520452	715.6610659501324	798.1702642860242	1086.3017593364013	860.5479656368859
g2845	1091.644474298894	1172.0537071784076	977.8339316942404	877.5901910806535	997.5569862589948	945.1317400370926
g2846	653.0018764442475	595.6866368901248	574.9582538326382	831.9237331737417	803.6332228676251	755.0601920714107
g2847	537.8830046090914	447.569959609337	549.651992660427	714.7793411516635	604.7791943052885	631.1846414624123
g2848	2524.675947833078	2736.9386019276003	2434.4623247667164	2618.8720860529006	2415.8299337738426	2526.093454684435
g2849	315.5844934791348	315.5529211634174	316.8343898760841	279.9552419510682	307.31986232361123	285.49443304417605
g285	569.6399347705137	523.2382621332177	511.186475678666	510.27302965549313	497.95678226766955	534.0197564534792
g2850	964.6167536532045	961.1484384416337	833.0821177891924	1040.4010410096434	1020.5648903901742	981.1330719328329
g2851	444.59702225991316	360.6319099010485	371.49591400806025	414.969117501938	445.367287110688	386.72398455746696
g2852	1099.5837068392495	941.8288718397919	877.6211374522841	778.3152825873669	953.1845997202917	898.0977419152385
g2853	154.81503453693404	144.89674951381414	239.90335591256206	168.7673444385872	210.35798062792642	180.39377057435397
g2854	248.10101688611226	299.4532823285492	302.6628836196458	216.4193005153648	203.7842937333037	261.6871006615092
g2855	440.62740598973534	359.0219460175617	375.54491579561403	361.36066691556323	400.9949005719847	396.59531749662153
g2856	432.68817344937975	397.6610792212454	360.3611590922873	456.66457906911836	379.630418164461	405.3053171488167
g2857	849.4978818180483	864.5506054324243	1955.6678633884808	792.2137697764271	861.1529831955738	726.4139709930798
g2858	754.2270913337812	821.0815805782801	933.2949120311487	879.5756892505193	956.471443167603	825.320855932452
g2859	1456.8491711552513	1341.099914944524	1448.5303894973686	1594.3550304021828	1748.6007139696385	1621.2212685952668
g286	7149.278902590211	7360.754875301758	7177.867918885981	7397.966180919717	7600.825471907498	7550.021254070628
g2860	341.3869992352905	344.5322710661803	404.90017875537905	395.11413580328065	333.6146099021021	340.27065307909254
g2861	1169.051991567361	1072.2359464022245	965.686926331579	1238.9508579962167	1107.666241743925	1164.2366201767586
g2862	4634.526995432577	5122.905077255073	4832.4836334454485	5559.39487562405	5594.207547323918	5614.078664709374
g2863	10906.520702313495	9804.680050434756	9503.007195388745	10372.242439378584	9922.980367432967	10298.316477659953
g2864	416.80970836866857	552.2176120359806	531.431484616435	238.25978038388783	254.73036716662966	229.94399081795333
g2865	1508.4541826675625	1527.8557254289956	1335.1583394458623	1213.1393817879623	1495.5137685266643	1264.6919494987433
g2866	2153.516826571454	2162.181495522804	2325.139276502764	2475.916217822568	2458.55889858889	2531.319454475752
g2867	2469.101320050589	2229.7999786292507	1986.0353767951342	2567.2491336363914	2770.8090260834683	2750.6178901632447
g2868	220.31370299486767	117.52736349453812	128.55580675483284	148.9123627399299	164.3421723655675	167.23199332214787
g2869	420.7793246388464	241.49458252302355	466.64745601557433	414.969117501938	422.3593829795085	434.72576041845383
g287	59.54424405266694	123.96721902848542	174.107076864813	119.12989019194391	139.6908465107324	119.42377300898754
g2870	498.1868419073134	362.2418737845353	467.6597064624628	470.5630662581785	456.8712391762777	468.985092383755
g2871	218.32889485977879	220.56505203769484	204.4745902714664	178.69483528791588	221.86193269351614	223.3631021918503
g2872	565.670318500336	584.416889705717	486.8924649533433	546.0119967130763	560.4068077665852	571.7630882796584
g2873	522.0045395283802	484.59912892953395	396.80217518027143	542.0410003733448	432.21991332144256	471.50131450550026
g2874	525.974155798558	486.20909281302073	403.8879283084906	542.0410003733448	433.86333504509827	474.01753662724553
g2875	1988.7777513590759	2575.9422135789177	1990.084378582688	2497.7566976910907	2596.606323375967	2638.1621168760134
g2876	5446.313522683936	7191.708667535641	5756.668291454602	5303.26561171137	5079.816547819692	5220.193124882324
g2877	416.80970836866857	867.770533199398	714.648815503244	436.809597370461	394.42121367736206	412.0797613227463
g2878	869.3459631689374	1051.306415916896	1211.6637849254716	661.1708905652887	542.3291688063728	582.7957545057723
g2879	1712.889420581719	1484.3867005748514	1380.7096095558425	1264.7623342044712	1488.9400816320417	1383.9221669599042
g288	5478.070452845359	5992.285574337958	5278.886080523254	5521.6704103966	5842.3642275959255	5508.203780048246
g2880	1006.2977244900713	842.0111110636087	894.8293950493877	960.9811142150143	931.8201173127678	835.9664110629128
g2881	589.4880161214027	492.64894834696804	474.7454595906819	385.186644953952	363.1962009279042	338.14154205300036
g2882	1831.9779086870528	1959.3260462034643	1676.2867400472692	2070.8745911699584	1924.4468384007957	1936.7168115525599
g2883	535.8981964740025	502.308731647889	457.5372019935783	534.0990076938818	484.8094084784242	549.3106447317774
g2884	418.7945165037575	363.85183766802214	416.034933671152	464.6065717485813	438.7936002160653	470.14642567071434
g2885	285.8123714528013	159.38642446519555	196.37658669635883	226.34679136469344	215.28824579889346	205.74954733963332
g2886	905.0725096005375	922.50930523795	942.4051660531447	958.9956160451485	846.3621876826727	852.612188175997
g2887	766.1359401443146	745.4132780543994	780.4450945509931	673.0838795844832	752.6871494342993	678.7993062277461
g2888	591.4728242564917	528.0681537836782	536.4927368508772	488.43254978697007	576.841025003142	464.72687033157064
g2889	156.79984267202295	160.99638834868236	173.09482641792454	138.98487189060123	146.26453340535508	105.29421801764866
g289	664.9107252547808	771.1727001901885	763.2368369538895	980.8360959136716	1048.5030596923207	1036.8770697068821
g2890	3124.0880046299253	2725.6688547431922	2702.708693192155	2043.0776167918382	2057.5639980169053	2023.4296969788586
g2891	442.6122141248243	363.85183766802214	538.5172377446542	542.0410003733448	466.73176951821176	493.7602025055547
g2892	514.0653069880246	521.6282982497308	587.1052591952996	627.4174216775713	601.4923508579772	562.8595330796365
g2893	696.6676554162032	777.6125557241359	822.9596133203079	889.5031800998479	732.9660887504311	768.996191514923
g2894	1966.944861873098	2226.580050862277	2106.4931799748592	2112.5700527371387	2011.5481897545465	2058.463251135466
g2895	261.99467383173453	341.3123432992066	365.42241132672956	198.5498169865732	266.2343192322194	256.0739897745389
g2896	448.566638530091	457.2297429102579	466.64745601557433	432.8386010307296	430.5764915977869	456.0168706793755
g2897	3255.0853415457927	3962.121117261073	3364.7204854571996	3828.0404715011314	3610.5975268715183	3749.3645169482947
g2898	1923.2790829011421	1909.4171658153728	1791.6832909925522	1508.9786090979562	1597.4059153933163	1444.311497881791
g2899	456.5058710704466	339.7023794157198	351.2509050702913	363.34616508542894	346.76198369134744	394.46620647052936
g29	712.5461204969143	569.9272147543355	577.9950051733035	688.967864943409	769.121366670856	708.6068605930363
g290	2187.2585648679656	2123.5423623191205	1909.104342831612	1798.8613418983532	1738.7401836277043	1851.7459260567
g2900	639.1082194986252	689.0645421323605	840.1678709174115	637.3449125269	686.9502804880722	627.8941971493608
g2901	472.38433615115775	640.7656256277559	777.4083432103278	510.27302965549313	451.9409740053107	501.11531332296397
g2902	512.0804988529356	426.6404291240083	508.1497243380007	573.8089710911966	562.0502294902409	580.6666434796801
g2903	353.29584804582385	291.40346291111507	311.7731376416419	422.9111101814009	402.6383222956404	398.143761879234
g2904	424.74894090902416	478.15927339558664	440.3289443964747	349.4476778963688	335.2580316257577	357.10998574000325
g2905	117.10367997024498	135.23696621289318	121.4700536266137	83.39092313436075	154.48164202363347	106.64910685243458
g2906	200.4656216439787	257.5942213578918	220.67059742168158	186.6368279673788	207.07113718061507	218.91132459183942
g2907	855.4523062233151	809.8118333938723	849.2781249394075	820.0107441545473	749.4003059869879	747.1244146105217
g2908	914.996550275982	1138.2444656251844	904.9518995182722	833.9092313436074	798.7029576966581	885.9037424021653
g2909	97.25559861935601	86.93804970828847	137.66606077682886	176.70933711805014	106.82241203761889	147.6828829916653
g291	226.26812740013438	210.9052687367739	201.43783893080106	190.60782430711026	215.28824579889346	212.33043596573637
g2910	9247.221101379177	9400.579115679564	8184.044863093099	10157.808637033084	10483.387175199552	10393.545807190621
g2911	754.2270913337812	661.6951561130845	542.5662395322079	655.2143960556915	539.0423253590615	609.312864558011
g2912	1212.7177705393167	1060.966199217817	1006.1769442071169	1058.2705245384352	1209.558388610577	1149.5263985419401
g2913	591.4728242564917	722.8737836855838	595.2032627704072	827.9527368340102	811.8503314859036	932.3570738805397
g2914	373.14392939671285	357.41198213407483	353.2754059640682	379.2301504443548	387.84752678273935	368.5297630617703
g2915	85.34674980882262	66.00851922295978	69.84528083530289	67.50693777543489	72.3105558408497	76.26088584366465
g2916	875.300387574204	925.7292330049236	856.3638780676266	903.401667288908	913.7424783525554	941.454184628388
g2917	1266.3075901867169	1592.2542807684686	1658.066232003277	1493.0946237390303	1531.6690464470892	1488.2486072384202
g2918	1365.547996941162	1849.8485021263605	1955.6678633884808	1405.7327042649383	1416.629525791192	1372.115278542484
g2919	2064.200460492454	1886.8776714465573	1719.8135092634725	1953.7301991478803	1904.7257777169275	2007.1710309614277
g292	645.0626439038919	962.7584023251205	817.8983610858656	524.1715168445533	626.1436767128123	589.5701986797019
g2920	4285.200763656931	4839.551433761392	3997.3770147624796	4078.2132409042133	4343.56361562195	4091.18361441
g2921	3008.9691327947694	3520.991013185683	2896.0485285478485	3087.449654141213	3306.5645079952183	3038.4349897813395
g2922	1867.704455118653	1584.2044613510345	1601.380206977524	1223.0668726372908	1352.5360785686207	1355.2759458815733
g2923	946.7534804374044	854.8908221315033	800.690103488762	972.8941032342086	989.3398776407165	955.7772951675535
g2924	198.4808135088898	206.07537708631344	260.148364850331	268.0422529318738	210.35798062792642	232.65376848752516
g2925	1306.003752888495	1856.2883576603076	1570.0004431239822	1260.7913378647397	1260.5044620439028	1308.822614403199
g2926	1109.507747514694	1250.941937469262	1196.480028222145	982.8215940835373	1115.8833503622034	965.6486281067081
g2927	1921.2942747660534	1959.3260462034643	1796.7445432269944	1852.4697924847278	1719.0191229438362	1657.6097115866603
g2928	123.05810437551168	169.04620776611648	218.6460965279047	71.47793411516635	152.8382202999778	118.26243972202819
g2929	168.70869148255633	159.38642446519555	191.3153344619166	172.73834077831867	167.62901581287886	185.81332591349764
g293	3546.852137403861	4335.632738230016	3901.213222308077	5601.09033719123	5765.123406584108	5843.054877788195
g2930	134.96695318604506	259.2041852413786	187.26633267436281	164.79634809885576	141.33426823438808	136.26310566989827
g2931	4436.046181923687	4696.264648131065	4080.381551407332	4020.6337939781074	4023.096379509093	4024.019839314183
g2932	216.34408672468987	275.3038240762468	263.1851161909964	252.15826757294795	228.43561958813885	247.17043457451717
g2933	240.16178434575667	191.585702134932	154.87431837393248	164.79634809885576	118.32636410320862	123.10132841769219
g2934	359.25027245109055	389.6112598038113	334.0426474731877	416.9546156718037	345.1185619676918	417.49931666189
g2935	331.46295855984596	394.4411514542718	348.214153729626	405.0416266526093	396.0646354010177	375.11065168787337
g2936	488.26280123186893	383.171404269864	504.1007225504469	498.3600406362987	435.5067567687539	526.8582011838964
g2937	932.8598234917821	840.4011471801219	910.0131517527144	1109.8934769549442	1096.1622896783354	1105.589289185311
g2938	387.0375863423351	368.6817293184826	408.9491805429328	428.8676046909981	392.77779195370636	426.40287186191176
g2939	482.3083768266022	444.3500318423633	388.7041716051639	472.5485644280442	583.4147118977647	527.2453122795496
g294	381.08316193706844	284.96360737716776	355.2999068578451	319.66520534838287	392.77779195370636	371.62665182699527
g2940	129.01252878077838	107.86758019361719	210.5480929527971	152.88335907966135	141.33426823438808	157.74777147864643
g2941	2665.59732542439	2603.311599598194	2345.384285440533	3629.490654514558	3548.1475013726026	3612.520744634917
g2942	2651.7036684787677	3701.3069681362076	3148.098889823072	1846.5132979751306	1927.733681848107	1885.8117024741746
g2943	1780.3728971747416	1922.2968768832675	2017.415140648676	2090.729572868616	1980.3231770050886	1902.2639240394321
g2944	1073.781201083094	766.342808539728	790.5675990198775	1127.7629604837357	1196.4110148213315	1069.7815128373973
g2945	396.9616270177796	336.4824516487461	327.969144791857	450.7080845595211	535.75548191175	463.5655370446113
g2946	472.38433615115775	341.3123432992066	444.3779461840285	361.36066691556323	391.1343702300507	384.40131798354827
g2947	494.2172256371356	500.69876776440213	509.16197478488914	468.5775680883127	451.9409740053107	513.5028683838638
g2948	186.57196469835642	194.80562990190566	231.8053523374545	168.7673444385872	177.48954615481293	198.5879920700506
g2949	196.4960053738009	244.7145102899972	457.5372019935783	234.28878404415636	269.52116267953073	268.65510038326534
g295	3072.482993117614	3271.4466112452255	2991.200070555363	3645.374639873484	3843.9634116306243	3558.5187467913065
g2950	466.42991174589105	400.8810069882191	404.90017875537905	581.7509637706595	573.5541815558306	520.6644236534465
g2951	254.05544129137894	233.44476310558943	309.74863674786496	395.11413580328065	317.1803926655453	335.6253199312551
g2952	3818.7708519110397	4074.8185891051507	4491.355232844042	4890.281992379298	5055.165221964857	5091.865796673315
g2953	2953.39450501228	3873.573103669298	3164.294896973287	4117.923204301528	4295.904385635935	4184.283832914575
g2954	1454.8643630201623	1529.4656893124825	1581.135198039755	1451.39916217185	1482.3663947374191	1387.4061668207823
g2955	275.8883307773568	313.9429572799306	335.05489792007614	317.6797071785171	320.46723611285665	333.1090978095098
g2956	1169.051991567361	1081.8957297031454	975.8094308004635	1101.9514842754813	1191.4807496503645	1173.9143975680865
g2957	1298.0645203481392	1106.0451879554478	993.0176883975671	1111.8789751248098	1125.7438807041374	1191.1408413246504
g2958	422.7641327739353	439.52014019190284	411.98593188359814	313.70871083878563	479.8791433074571	445.9519821923943
g2959	1175.0064159726276	1023.9370298976198	1008.2014451008938	1109.8934769549442	1041.929372797698	1069.5879572895708
g296	3989.4643515286853	3891.282706387653	4027.744528169133	4326.40051213743	4189.081973598316	4364.484047941102
g2960	645.0626439038919	687.4545782488736	722.7468190783516	903.401667288908	905.525369734277	856.0961880368751
g2961	220.31370299486767	288.18353514414144	266.2218675316617	230.31778770442492	203.7842937333037	216.78221356574724
g2962	607.3512893372028	716.4339281516366	555.7254953417577	698.8953557927376	609.7094594762555	611.05486448845
g2963	1411.1985840482066	1854.678393776821	1818.0018026116518	1687.6734443858722	1804.4770525739314	1760.3877074825637
g2964	168.70869148255633	215.73516038723437	228.76860099678916	154.86885724952708	159.4119071946005	132.58555026119362
g2965	381.08316193706844	265.6440407753259	273.30762065988085	242.2307767236193	241.58299337738424	237.49265718318918
g2966	15.878465080711184	19.319566601841885	17.208257597103607	21.84047986852305	8.217108618278376	19.355554782656004
g2967	305.6604528036903	370.29169320196945	431.2186903744787	244.21627489348504	269.52116267953073	268.65510038326534
g2968	392.9920107476018	520.0183343662441	482.8434631657895	500.3455388061644	488.09625192573554	485.05020285335945
g2969	450.55144666517987	540.9478648515727	754.6327081553377	476.51956076777566	435.5067567687539	496.66353572295304
g297	422.7641327739353	325.2127044643384	377.56941668939095	279.9552419510682	364.83962265155986	331.1735423312442
g2970	101.2252148895338	86.93804970828847	64.27790337741642	43.6809597370461	26.294747578490803	37.549776278352645
g2971	208.40485418433428	127.18714679545907	145.25793912849224	162.81084992899002	133.1171596161097	134.13399464380612
g2972	73.43790099828922	54.73877203855201	63.26565293052797	35.738967057583174	55.876338604292954	34.25933196530113
g2973	21.83288948597788	40.24909708717059	34.922640417651444	0.0	11.503952065589726	12.774666156552962
g2974	178.63273215800083	140.06685786335365	135.64155988305197	85.37642130422647	119.96978582686428	115.35910650462978
g2975	867.3611550338485	681.0147227149264	2335.7679061950926	673.0838795844832	657.36868946227	704.1550829930254
g2976	303.6756446686014	260.8141491248654	252.05036127522345	321.6507035182486	221.86193269351614	261.4935451136826
g2977	222.29851112995658	135.23696621289318	160.94782105526318	188.62232613724453	152.8382202999778	151.16688285254338
g2978	1020.1913814356936	1183.3234543628155	1882.2797059890684	982.8215940835373	1076.4412289944673	1115.0735110288124
g2979	988.4344512742712	1160.7839599939998	1869.1204501795185	966.9376087246114	1053.4333248632877	1092.814623028758
g298	615.2905218775584	629.495878443348	558.7622466824231	756.4748027188439	634.3607853310906	684.6059726625429
g2980	325.50853415457925	339.7023794157198	377.56941668939095	361.36066691556323	289.2422233633988	337.94798650517384
g2981	71.45309286320033	61.1786275724993	78.95553485729891	63.53594143570342	77.24082101181673	75.09955255670529
g2982	196.4960053738009	149.7266411642746	195.36433624947037	148.9123627399299	124.90005099783131	133.55332800032642
g2983	365.20469685635726	325.2127044643384	464.6229551217974	317.6797071785171	312.2501274945783	307.36620994857736
g2984	18944.993649423533	22109.63401192455	18059.560222936794	25446.14454499922	24984.94046473723	24962.27833654797
g2985	581.5487835810471	795.3221584424908	715.6610659501324	589.6929564501224	565.3370729375523	538.2779785056634
g2986	855.4523062233151	801.7620139764382	838.1433700236346	827.9527368340102	956.471443167603	856.6768546803547
g2987	256.0402494264678	299.4532823285492	356.31215730473355	190.60782430711026	274.45142785049774	232.84732403535173
g2988	166.72388334746742	133.62700232940637	230.79310189056605	218.4047986852305	221.86193269351614	207.87865836572547
g2989	426.7337490441131	402.49097087170594	616.4605221550646	303.781219989457	313.89354921823394	348.98065273128776
g299	990.4192594093602	933.7790524223577	859.400629408292	945.0971288560884	908.8122131815884	925.195518610957
g2990	956.6775211128488	949.8786912572259	875.5966365585072	796.1847661161585	877.5872004321305	889.9684089065231
g2991	279.8579470475346	233.44476310558943	295.5771304914267	258.11476208254516	323.754079560168	342.7868752008378
g2992	692.6980391460254	462.0596345607184	474.7454595906819	542.0410003733448	571.910759832175	556.6657555491867
g2993	879.2700038443818	528.0681537836782	662.0117922650447	607.562439978914	742.8266190923651	604.0868647666939
g2994	783.9992133601147	779.2225196076226	668.0852949463754	784.2717770969641	828.2845487224603	818.3528562106959
g2995	660.941108984603	571.5371786378224	556.7377457886462	530.1280113541504	534.1120601880945	503.82509099253576
g2996	2441.3140061593444	2149.3017844549095	2103.4564286341943	2602.9881006939745	2405.9694034319086	2483.124123066939
g2997	676.8195740653142	495.86887611394167	588.117509642188	649.2579015460943	698.454232553662	620.1519752362984
g2998	1053.933119732205	1226.7924792169597	1036.5444576137704	1798.8613418983532	1715.7322794965248	1780.7110400043523
g2999	1022.1761895707825	713.2140003846629	708.5753128219133	895.4596746094451	851.2924528536397	911.2595191674446
g3	103.2100230246227	51.51884427157836	379.0877923597236	53.608450586374765	64.09344722257133	64.84110852189761
g30	408.870475828313	399.27104310473226	301.65063317275735	375.25915410462335	442.0804436633766	390.98220660965126
g300	178.63273215800083	88.5480135917753	198.40108759013572	150.89786090979564	98.60530341934052	124.06910615682499
g3000	579.5639754459582	608.5663479580194	552.6887440010923	625.4319235077056	619.5699898181896	682.0897505407976
g3001	482.3083768266022	463.66959844420523	432.23094082136714	434.8240992005953	424.0028047031642	417.8864277575431
g3002	349.3262317756461	357.41198213407483	336.0671483669646	331.5781943675772	364.83962265155986	339.88354198343944
g3003	545.822237149447	635.9357339772954	620.5095239426183	474.53406259790995	435.5067567687539	496.08286907947337
g3004	639.1082194986252	603.7364563075589	565.8479998106422	418.9401138416694	530.825216740783	513.5028683838638
g3005	1851.825990037942	1421.5981091188653	1524.449173014002	1379.9212280566837	1580.9716981567594	1554.0574934994506
g3006	1569.9832348553184	1091.5555130040664	1246.080300119679	1411.6891987745355	1482.3663947374191	1448.3761643861487
g3007	1331.8062586446506	1440.9176757207072	1279.4845648669977	984.8070922534031	1178.333375861119	1140.4292877940918
g3008	291.766795858068	444.3500318423633	530.4192341695465	395.11413580328065	302.3895971526442	284.9137664006964
g3009	791.9384459004704	536.1179732011122	584.0685078546343	827.9527368340102	869.3700918138521	867.7095209064687
g301	2270.6205065416993	2329.617739405434	2328.1760278434294	2255.5259209674714	2381.3180775770734	2376.2814606666775
g3010	557.7310859599803	529.678117667165	596.2155132172957	506.30203331576166	539.0423253590615	518.3417570795278
g3011	154.81503453693404	173.87609941657695	168.0335741834823	240.24527855375356	221.86193269351614	208.84643610485827
g3012	948.7382885724933	830.741363879201	740.9673271223436	1254.8348433551425	1165.1860020718736	1189.7859524898645
g3013	285.8123714528013	482.9891650460471	487.90471540023174	275.98424561133675	281.02511474512045	273.6875446267559
g3014	527.9589639336468	445.95999572585015	560.7867475761999	500.3455388061644	397.7080571246734	480.5984252533486
g3015	867.3611550338485	767.9527724232149	795.6288512543198	968.9231068944772	905.525369734277	972.2295167328111
g3016	200.4656216439787	304.2831739790097	364.4101608798411	287.89723463053116	373.0567312698383	318.5924317225178
g3017	152.83022640184515	278.5237518432205	319.87114121674944	113.17339568234672	119.96978582686428	121.5528840350797
g3018	1615.633821962363	1399.0586147500499	1477.8856524571333	1979.5416753561346	2021.4087200964805	1950.8463665438987
g3019	1375.4720376166063	1606.74395571985	1460.6773948600298	1608.2535175912428	1474.1492861191407	1472.9577189601218
g302	527.9589639336468	508.7485871818363	551.676493554204	677.0548759242146	686.9502804880722	667.7666400016321
g3020	232.22255180540108	354.1920543671012	269.2586188723271	228.33228953455918	188.99349822040264	187.3617702961101
g3021	1391.3505026973176	1460.237242322549	1441.4446363691493	1149.6034403522588	1368.9702958051773	1238.5619505421578
g3022	1706.9349961764524	2163.791459406291	1874.687827637405	1719.4414151037238	1714.0888577728692	1724.1928200389968
g3023	879.2700038443818	845.2310388305824	729.8325722065707	833.9092313436074	1035.3556859030753	952.0997397588488
g3024	543.837429014358	499.08880388091535	501.0639712097815	881.561187420385	866.0832483665408	850.2895216020783
g3025	240.16178434575667	207.68534096980025	221.68284786857	206.49180966603612	134.76058133976537	215.6208802787879
g3026	37.71135456668906	9.659783300920942	35.428765641095666	21.84047986852305	11.503952065589726	22.258888000054405
g3027	496.2020337722245	558.6574675699278	507.1374738911122	583.7364619405251	622.8568332655009	667.9601955494587
g3028	1059.8875441374717	1028.7669215480803	911.0254021996028	849.7932167025333	806.9200663149365	828.9984113411566
g3029	71.45309286320033	45.078988737631065	110.33529871084079	93.3184139836894	62.45002549891566	77.22866358279745
g303	369.174313126535	428.2503930074951	393.7654238396061	277.96974378120245	308.96328404726694	318.97954281817096
g3030	59.54424405266694	141.6768217468405	95.15154200751407	19.85498169865732	32.8684344731135	30.968887652249606
g3031	847.5130736829594	1146.2942850426184	837.1311195767462	861.7062057217277	820.0674401041819	832.4824112020348
g3032	115.11887183515609	115.91739961105131	132.60480854238662	49.6374542466433	36.15527792042485	55.16333113056961
g3033	645.0626439038919	357.41198213407483	430.2064399275902	395.11413580328065	397.7080571246734	457.7588706098145
g3034	129.01252878077838	112.69747184407765	102.74342035917743	142.9558682303327	106.82241203761889	119.23021746116099
g3035	263.9794819668234	233.44476310558943	229.7808514436776	325.62169985798005	215.28824579889346	249.68665669626245
g3036	244.13140061593447	355.80201825058805	230.79310189056605	238.25978038388783	185.7066547730913	221.04043561793156
g3037	192.5263891036231	177.0960271835506	253.06261172211188	226.34679136469344	208.71455890427075	181.7486594091399
g3038	3536.928096728416	3958.9011894940995	3389.0144961825226	4173.517153057768	4223.593829795085	4060.4082823055764
g3039	1075.7660092181827	1159.1739961105131	1006.1769442071169	1034.4445465000463	1023.8517338374857	1043.6515138808118
g304	531.9285802038247	615.0062034919666	612.4115203675108	599.620447299451	497.95678226766955	580.6666434796801
g3040	625.2145625530029	540.9478648515727	556.7377457886462	621.4609271679741	575.1976032794863	562.0853108883304
g3041	480.32356869151334	479.7692372790734	400.85117696782527	403.0561284827436	502.8870474386366	447.1133154793537
g3042	595.4424405266694	550.6076481524937	518.2722288068852	631.3884180173028	585.0581336214203	636.7977523493826
g3043	1264.322782051628	1379.739048148208	1181.2962715188182	1550.6740706651367	1705.8717491545908	1521.7337170124151
g3044	839.5738411426039	584.416889705717	650.8770373492717	633.3739161871684	696.8108108300063	674.1539730799086
g3045	1190.8848810533389	1445.7475673711676	1286.5703179952168	1441.4716713225214	1355.822922015932	1413.536165777368
g3046	134.96695318604506	177.0960271835506	192.32758490880505	150.89786090979564	121.61320755051996	130.2628836872749
g3047	500.1716500424023	476.5493095120998	414.01043277737506	452.6935827293869	443.7238653870323	489.6955360011969
g3048	95.27079048426711	206.07537708631344	188.27858312125124	142.9558682303327	131.473737892454	132.00488361771394
g3049	698.6524635512922	660.0851922295977	724.7713199721285	861.7062057217277	849.6490311299841	802.0941901932648
g305	410.8552839634019	299.4532823285492	315.82213942919566	343.49118338677164	327.04092300747936	332.14132007037705
g3050	127.02772064568947	109.47754407710401	127.5435563079444	95.30391215355513	129.83031616879833	117.29466198289539
g3051	601.3968649319361	429.8603568909819	446.4024470778054	534.0990076938818	593.2752422396987	594.4090873753659
g3052	252.07063315629006	338.09241553223296	394.7776742864946	242.2307767236193	267.877740955875	306.39843220944454
g3053	670.8651496600476	718.0438920351233	715.6610659501324	718.7503374913949	682.0200153171052	708.0261939495566
g3054	4197.869205713019	3778.585234543575	3596.5258377946543	5126.55627459332	4899.040158217567	4944.18291368165
g3055	3475.3990445406603	3020.292245421281	2850.4972584378684	4137.778186000185	4192.368817045627	4253.189607940831
g3056	321.5389178844015	399.27104310473226	657.9627904774909	397.0996339731464	425.64622642681985	452.5328708184974
g3057	1214.7025786744057	1184.9334182463022	1446.5058886035915	1195.2698982591705	1056.720168310599	1129.9772882114576
g3058	295.73641212824583	284.96360737716776	287.4791269163191	307.75221632918846	262.947475784908	310.0759876181492
g3059	2461.1620875102335	2484.174272220169	2532.6506181148957	3375.3468887717445	3585.946201016683	3449.546973364953
g306	7250.504117479744	7792.225196076227	8187.081614433764	7757.341349665415	7648.4847018935125	7683.5745820709535
g3060	486.27799309678	486.20909281302073	569.897001598196	329.5926961977115	424.0028047031642	448.6617598619662
g3061	658.9563008495142	553.8275759194673	534.4682359571003	613.5189344885111	732.9660887504311	654.604862749426
g3062	142.90618572640065	289.7934990276283	181.19282999303212	198.5498169865732	162.69875064191183	188.9102146787226
g3063	363.2198887212683	318.7728489303911	299.6261322789805	466.592069918447	387.84752678273935	391.7564288009575
g3064	920.9509746812487	779.2225196076226	763.2368369538895	873.619194740922	879.2306221557863	890.7426310978293
g3065	1984.808135088898	2083.2932652319496	2255.2939956674613	3109.2901340097364	3033.7565018683763	3135.5998747902727
g3066	2318.255901783833	2487.3941999871427	2280.6002568396725	2986.1892474780607	3018.9657063554755	2920.9467722506174
g3067	1500.514950127207	1262.2116846536696	1258.2273054823404	1366.0227408676235	1472.5058643954849	1465.7961636905393
g3068	617.2753300126473	772.7826640736754	756.1510838256703	784.2717770969641	698.454232553662	795.1261904715086
g3069	254.05544129137894	301.063246212036	311.7731376416419	293.85372914012834	287.59880163974316	296.9142103659431
g307	1159.1279508919165	1279.9212873720248	1176.235019284376	776.3297844175012	742.8266190923651	727.5753042800392
g3070	97.25559861935601	99.81776077618306	93.12704111373718	61.55044326583769	59.16318205160431	94.84221843501442
g3071	853.4674980882262	912.8495219370291	925.1969084560411	897.4451727793108	966.331973509537	965.4550725588815
g3072	3237.222068329993	3667.4977265829843	3519.594803831132	3305.854452826444	3444.6119327822953	3486.903194095479
g3073	224.2833192650455	228.61487145512896	263.1851161909964	250.1727694030822	249.80010199566263	234.97643506144388
g3074	1040.0394627865826	1048.0864881499222	873.5721356647302	1107.9079787850785	1147.1083631116612	1111.0088445244546
g3075	283.8275633177124	463.66959844420523	345.1774023889606	242.2307767236193	187.35007649674696	209.03999165268485
g3076	6915.071542649721	6748.968599576765	5773.876549051705	5618.9598207200215	5551.478582508871	5534.333779004831
g3077	956.6775211128488	951.4886551407128	920.1356562215989	1082.096502576824	1089.5886027837125	1163.4623979854523
g3078	396.9616270177796	326.8226683478252	317.8466403229725	416.9546156718037	415.78569608488584	381.30442921832326
g3079	359.25027245109055	339.7023794157198	426.15743814003645	416.9546156718037	399.35147884832907	406.07953934012295
g308	3229.282835789637	2828.706543286349	2989.1755696615855	2096.686067378213	2185.750892462048	2181.9516906488116
g3080	510.0956907178468	606.9563840745325	611.3992699206224	424.89660835126665	376.34357471714964	393.11131763574343
g3081	1002.3281082198935	953.0986190241996	885.7191410273916	935.1696380067598	874.3003569848192	937.1959625762037
g3082	4642.466227972933	5126.125005022047	4872.973651320986	5398.569523864925	5610.641764560475	5470.460448222067
g3083	460.47548734062434	476.5493095120998	564.8357493637537	536.0845058637476	553.8331208719625	575.440643688363
g3084	361.23508058617944	233.44476310558943	294.56488004453826	244.21627489348504	244.8698368246956	206.71732507876612
g3085	962.6319455181156	679.4047588314396	742.9918280161205	835.8947295134732	903.8819480106214	886.484409045645
g3086	236.19216807557888	180.31595495052426	203.46233982457795	258.11476208254516	248.15668027200695	249.88021224408902
g3088	234.20735994048997	227.00490757164212	234.84210367811983	272.0132492716053	285.9553799160875	327.8830980181927
g3089	1208.748154269139	1494.0464838757723	1414.1138743031613	957.0101178752828	1094.5188679546798	1066.4910685243458
g309	611.3209056073806	767.9527724232149	817.8983610858656	683.0113704338117	645.8647373966803	640.4753077580872
g3090	301.6908365335125	289.7934990276283	352.26315551717977	323.6362016881143	281.02511474512045	284.5266553050433
g3091	8627.96096323144	9967.286402666925	8496.83025118163	9057.842650927469	10033.089622917896	9759.264276962984
g3092	7335.850867288567	6336.817845404138	6222.3034970232875	4777.108596696951	4807.00854169285	4953.086468881672
g3093	230.23774367031217	194.80562990190566	180.18057954614366	244.21627489348504	185.7066547730913	190.07154796568196
g3094	6790.02863013912	3636.908412796735	4186.66784833062	1113.8644732946757	959.7582866149143	1077.5237347504597
g3095	2232.9091519750104	1672.7524749428098	1638.8334735123967	1552.6595688350023	1582.6151198804153	1447.0212755513628
g3096	5239.893476634691	5383.719226379938	4876.010402661652	5057.06383864802	5217.863972606769	4941.279580464251
g3097	1268.2923983218059	1391.0087953326156	1278.4723144201093	1330.2837738100404	1428.1334778567818	1446.05349781223
g3098	206.4200460492454	220.56505203769484	274.3198711067693	246.20177306335077	287.59880163974316	261.29998956585604
g3099	121.07329624042278	243.10454640651037	241.92785680633898	248.1872712332165	197.21060683868103	212.33043596573637
g31	589.4880161214027	584.416889705717	564.8357493637537	557.9249857322707	636.0042070547463	586.86042101013
g310	426.7337490441131	433.0802846579556	471.70870825001657	559.9104839021364	599.8489291343215	543.6975338448071
g3100	1083.7052417585382	1101.2152963049873	1064.8874701266468	935.1696380067598	940.0372259310462	943.1961845588271
g3101	4283.215955521842	5171.203993759677	4427.58345469007	8051.195078805543	7678.066292919314	7570.925253235896
g3102	587.5032079863138	698.7243254332815	616.4605221550646	764.4167953983068	670.5160632515154	684.7995282103694
g3103	1274.2468227270726	982.0779689269624	960.6256740971368	1318.370784790846	1196.4110148213315	1240.3039504725969
g3104	1911.3702340906088	1849.8485021263605	1568.9881926770938	1862.3972833340565	2077.2850587007733	1952.9754775699907
g3105	1659.2996009343187	1135.0245378582106	1309.8520782736512	1346.1677591689663	1477.4361295664519	1391.6643888729666
g3106	537.8830046090914	484.59912892953395	515.2354774662198	486.4470516171043	514.3909995042263	570.7953105405255
g3107	1159.1279508919165	1218.7426597995254	1061.8507187859816	917.3001544779681	964.6885517858814	907.7755193065666
g3108	1272.2620145919836	1204.252984848144	1515.338918992006	1403.7472060950724	1511.9479857632211	1390.8901666816605
g3109	2931.5616155263024	3126.5498617314115	2861.6320133536415	2873.0158517957143	2805.3208822802376	2940.6894381289267
g311	472.38433615115775	462.0596345607184	353.2754059640682	355.404172405966	358.2659357569372	373.1750962096078
g3110	805.8321028460927	573.1471425213092	616.4605221550646	530.1280113541504	631.0739418837793	599.0544205232034
g3111	6238.251968584406	8428.160930053522	6904.560298226101	6020.0304510329	5875.232662069039	5788.665768848931
g3112	718.5005449021811	946.6587634902523	957.5889227564714	806.1122569654872	774.051631841823	818.1593006628693
g3113	2250.7724251908103	1886.8776714465573	1692.4827471974843	1824.6728181066076	1916.2297297825173	1812.6477053957349
g3114	1552.1199616395184	2208.870448143922	2387.8988042098476	1917.991232090297	2011.5481897545465	1939.4265892221317
g3115	2153.516826571454	2113.8825790181995	1938.459605791377	2072.8600893398243	2246.557496237308	2120.981693083445
g3116	591.4728242564917	656.865264462624	724.7713199721285	599.620447299451	698.454232553662	657.5081959668245
g3117	2407.5722678628335	2295.8084978522106	2094.346174612198	2168.164001493379	2202.1851096986047	2056.9148067528536
g3118	2373.830529566322	2263.609220182474	2048.794904502218	2132.425034435796	2177.5337838437695	2028.8492523180023
g3119	99.2404067544449	119.13732737802495	217.63384608101623	162.81084992899002	174.20270270750157	124.06910615682499
g312	1218.6721949445835	1806.379477272216	1371.5993555338464	1701.5719315749323	1814.3375829158654	1770.839707065198
g3120	728.4245855776256	568.3172508708487	597.2277636641841	448.7225863896554	438.7936002160653	404.14398386185735
g3121	77.40751726846702	123.96721902848542	109.32304826395234	95.30391215355513	98.60530341934052	111.29444000027202
g3122	686.7436147407587	621.4460590259139	555.7254953417577	665.1418869050202	696.8108108300063	675.315306366868
g3123	516.0501151231135	425.03046524052144	406.9246796491559	462.62107357871554	363.1962009279042	439.56464911411786
g3124	444.59702225991316	594.076673006638	648.8525364554949	450.7080845595211	514.3909995042263	482.72753627944076
g3125	956.6775211128488	919.2893774709763	1073.9977241486429	941.126132516357	977.8359255751267	985.3912939850171
g3126	138.93656945622286	135.23696621289318	177.14382820547831	184.65132979751306	121.61320755051996	132.97266135684674
g3127	101.2252148895338	77.27826640736754	67.82077994152598	81.40542496449501	90.38819480106214	102.97155144372994
g3128	1214.7025786744057	1160.7839599939998	1308.8398278267628	1115.8499714645413	1293.3728965170164	1247.271950194353
g3129	1288.140479672695	1088.3355852370928	1145.8675058777226	1050.3285318589722	1168.472845519185	1146.8166208723683
g313	27.787313891244573	22.539494368815532	52.637023238199276	21.84047986852305	27.938169302146477	19.742665878309126
g3130	472.38433615115775	365.461801551509	358.33665819851046	470.5630662581785	466.73176951821176	442.0808712358631
g3131	121.07329624042278	107.86758019361719	152.8498174801556	127.07188287140684	106.82241203761889	102.77799589590339
g3132	2643.764435938412	4076.4285529886374	2871.754517822526	3585.809694777512	3073.198623236113	3394.964308877863
g3133	865.3763468987595	1059.35623533433	1034.5199567199934	1016.5750629712547	1030.4254207321083	1094.9437340548502
g3134	178.63273215800083	215.73516038723437	234.84210367811983	172.73834077831867	152.8382202999778	159.68332695691203
g3135	845.5282655478705	964.3683662086074	872.5598852178418	1131.7339568234672	1056.720168310599	1056.2326244895382
g3136	2419.4811166733666	3566.0700019233145	2862.6442638005296	2884.9288408149087	2856.2669557135637	2950.560771068081
g3137	224.2833192650455	692.2844698993342	871.5476347709533	258.11476208254516	233.36588475910588	231.4924352005658
g3138	1758.5400076887636	3268.226683478252	2495.197351580023	1820.7018217668763	1916.2297297825173	1747.6130413260107
g3139	107.1796392948005	138.45689397986683	103.24954558262165	93.3184139836894	77.24082101181673	77.03510803497089
g314	3846.5581658022843	3912.2122368729815	3367.757236797865	4709.601658921516	4834.9467109949965	4681.915146376661
g3140	424.74894090902416	276.91378795973367	315.82213942919566	321.6507035182486	343.4751402440361	327.10887582688645
g3141	948.7382885724933	1007.8373910627516	862.4373807489574	589.6929564501224	634.3607853310906	628.4748637928404
g3142	291.766795858068	346.1422349496671	317.8466403229725	208.47730783590185	348.40540541500314	237.87976827884228
g3143	488.26280123186893	542.5578287350596	566.8602502575307	508.28753148562737	558.7633860429296	493.7602025055547
g3144	7669.298633983502	7547.510685786229	6656.558938738432	7568.7190235281705	7470.995155738699	7470.663479461738
g3145	478.3387605564244	767.9527724232149	588.117509642188	158.83985358925855	210.35798062792642	195.49110330482563
g3146	5698.384155840226	6752.188527343738	5889.273099996988	5110.672289234394	4734.697985852	4993.539578377423
g3147	674.8347659302253	558.6574675699278	503.08847210355844	379.2301504443548	471.66203468917877	400.46642845315273
g3148	2316.271093648744	2356.98712542471	2050.8194053959946	2467.974225143105	2677.133987835095	2521.8352326322506
g3149	194.51119723871201	164.216316115656	200.42558848391263	172.73834077831867	147.90795512901076	135.6824390264186
g315	186.57196469835642	151.33660504776142	300.63838272586895	168.7673444385872	154.48164202363347	165.48999339170882
g3150	4952.096297046801	5871.538283076446	5068.337987570457	6548.172964217184	6974.681795194685	6407.462855250444
g3151	4330.8513507639755	4424.180751821791	4075.32029917289	4572.602285200781	4479.96761868537	4623.074259837386
g3152	623.229754417914	594.076673006638	917.0989048809334	530.1280113541504	511.104156056915	560.1497554100648
g3153	226.26812740013438	162.6063522321692	179.16832909925523	144.94136640019843	256.3737888902853	192.58777008742723
g3154	129.01252878077838	225.3949436881553	399.8389265209368	67.50693777543489	151.1947985763221	132.58555026119362
g3155	694.6828472811143	1130.19464620775	1086.1447295113041	681.0258722639461	721.4621366848414	727.188193184386
g3156	9320.659002377464	8278.434288889248	7569.608841831811	6039.885432731557	6120.102498893734	6095.257756606202
g3157	1016.2217651655158	1181.7134904793286	995.042189291344	542.0410003733448	534.1120601880945	481.9533140881345
g3158	3941.8289562865516	3648.1781599811425	5832.587074971235	4268.821065211324	4129.918791546712	4077.6347260621405
g3159	339.40219110020155	568.3172508708487	897.3600211666088	299.8102236497255	299.1027537053329	399.1115396183668
g316	355.28065618091273	470.1094539781525	515.2354774662198	331.5781943675772	396.0646354010177	426.7899829575649
g3160	198.4808135088898	246.32447417348402	259.1361144034426	355.404172405966	346.76198369134744	366.40065203567815
g3161	942.7838641672265	914.4594858205159	717.6855668439093	768.3877917380382	652.438424291303	677.2508618451336
g3162	57.55943591757804	111.08750796059083	294.56488004453826	101.26040666315232	78.88424273547241	96.19710726980034
g3163	69.46828472811143	90.15797747526213	175.11932731170143	67.50693777543489	50.94607343332593	61.35710866101953
g3164	265.96429010191235	193.19566601841885	704.0201858109153	99.2749084932866	159.4119071946005	135.6824390264186
g3165	8413.601684641839	8283.264180539707	6960.234072804966	7844.703269139507	7490.716216422567	7634.992139566488
g3166	5279.589639336469	5015.037497061456	5512.209808531041	6228.507758868801	5844.007649319581	6193.3904193542685
g3167	545.822237149447	470.1094539781525	882.1762644632821	422.9111101814009	391.1343702300507	433.1773160358414
g3168	210.3896623194232	159.38642446519555	314.8098889823072	140.97037006046696	159.4119071946005	129.2951059481421
g3169	127.02772064568947	85.32808582480165	100.21279424195632	121.11538836180965	85.45792963009511	92.32599631326914
g317	853.4674980882262	718.0438920351233	785.5063467854353	1167.4729238810503	1076.4412289944673	1080.039956872205
g3170	1754.5703914185858	2081.683301348463	1712.2216309118091	1822.687319936742	1834.0586435997334	1873.8112585089277
g3171	164.73907521237854	152.94656893124824	172.08257597103608	79.41992679462928	93.67503824837348	76.06733029583809
g3172	115.11887183515609	115.91739961105131	103.24954558262165	89.34741764395794	67.38029066988268	93.10021850457538
g3173	170.69349961764524	186.75581048447154	307.72413585408805	133.02837738100405	134.76058133976537	129.10155040031555
g3174	3278.9030391668593	2556.622646977076	3360.671483669646	2531.5101665788084	2594.9629016523113	2637.000783589054
g3175	1331.8062586446506	1469.89702562347	1148.3981319949437	694.9243594530062	649.1515808439917	699.509749845188
g3176	2451.238046834789	1960.9360100869512	2220.877480473254	2118.526547246736	1975.3929118341216	2055.9470290137206
g3177	1601.7401650167408	1395.838686983076	1165.1002643686031	1177.400414730379	1196.4110148213315	1168.494842228943
g3178	11.908848810533389	33.809241553223295	25.30626117221119	35.738967057583174	39.442121367736206	25.355776765279366
g318	121.07329624042278	106.25761631013036	139.69056167060577	174.7238389481844	124.90005099783131	139.5535499829498
g3184	13.893656945622286	35.41920543671012	28.34301251287653	5.956494509597196	6.573686894622701	15.677999373951364
g3185	41.680970836866855	20.92953048532871	48.588021450645485	17.869483528791587	24.65132585483513	11.032666226113923
g3187	7.939232540355592	17.70960271835506	48.588021450645485	9.92749084932866	18.077638960212425	9.677777391328002
g319	398.9464351528685	383.171404269864	621.5217743895068	498.3600406362987	335.2580316257577	413.04753906187915
g3190	27.787313891244573	17.70960271835506	54.15539890853194	23.825978038388783	24.65132585483513	13.742443895685764
g3191	57.55943591757804	41.85906097065742	65.7962790477491	55.59394875624049	41.08554309139188	46.06622038272129
g3198	903.0877014654486	321.9927766973647	706.0446867046921	675.0693777543488	578.4844467267976	623.829530645003
g3199	202.4504297790676	80.49819417434118	103.75567080606588	99.2749084932866	93.67503824837348	122.32710622638595
g32	766.1359401443146	742.1933502874257	713.6365650563555	800.15576245589	928.5332738654565	787.5775241062728
g320	623.229754417914	579.5869980552566	1501.1674127355677	581.7509637706595	586.701555345076	613.7646421580218
g3202	21.83288948597788	12.87971106789459	133.61705898927508	7.941992679462928	23.00790413117945	16.065110469604484
g3203	37.71135456668906	40.24909708717059	45.55127010998014	79.41992679462928	52.589495156981606	61.744219756672656
g3205	15.878465080711184	6.439855533947295	21.763384608101624	25.811476208254515	24.65132585483513	20.710443617441925
g3206	15.878465080711184	11.269747184407766	22.77563505499007	19.85498169865732	16.43421723655675	11.613332869593602
g3208	75.42270913337812	38.63913320368377	49.60027189753393	43.6809597370461	42.728964815047554	39.67888730444481
g321	516.0501151231135	350.9721266001276	536.9988620743214	403.0561284827436	374.70015299349393	400.6599840009793
g3211	39.69616270177796	24.149458252302356	22.269509831545847	13.898487189060123	26.294747578490803	18.387777043523204
g3213	15.878465080711184	16.099638834868237	13.159255809549819	7.941992679462928	0.0	5.806666434796801
g3216	19.84808135088898	22.539494368815532	32.392014300430326	19.85498169865732	23.00790413117945	17.226443756563842
g3218	5.954424405266694	8.049819417434119	48.08189622720126	0.0	19.721060683868103	12.000443965246722
g3219	37.71135456668906	43.46902485414424	176.6377029820341	39.70996339731464	47.65922998601458	34.64644306095425
g322	1510.4389908026515	1526.245761545509	1747.1442713294605	2628.799576902229	2568.6681540738205	2608.354562510723
g3220	15.878465080711184	1.6099638834868237	14.67763147988249	11.912989019194391	3.2868434473113504	6.387333078276481
g3221	13.893656945622286	12.87971106789459	13.665381032994043	13.898487189060123	13.147373789245401	12.774666156552962
g3224	21.83288948597788	11.269747184407766	18.220508043992055	17.869483528791587	14.790795512901077	9.484221843501443
g3228	291.766795858068	220.56505203769484	479.3005866016799	228.33228953455918	212.0014023515821	216.20154692226757
g3229	23.817697621066777	28.979349902762827	24.800135948766965	7.941992679462928	13.147373789245401	8.516444104368642
g323	2346.0432156750776	2270.049075716421	3332.3284711567694	4219.18361096468	3779.869964408053	3983.566729818432
g3238	27.787313891244573	27.369386019276003	17.714382820547833	11.912989019194391	9.860530341934052	7.161555269582721
g324	2639.7948196682346	3187.728489303911	6193.96048451041	3158.9275882563797	2902.2827639759225	2949.205882233295
g3241	617.2753300126473	922.50930523795	4634.082545855313	843.8367221929361	714.8884497902187	766.2864138453511
g3244	25.802505756155675	17.70960271835506	129.06193197827707	21.84047986852305	14.790795512901077	14.516666086992004
g3247	9.92404067544449	20.92953048532871	108.31079781706389	11.912989019194391	4.930265170967026	7.7422219130624015
g3248	31.756930161422368	19.319566601841885	58.204400696085735	17.869483528791587	9.860530341934052	9.677777391328002
g3249	17.86327321580008	17.70960271835506	10.122504468884475	13.898487189060123	3.2868434473113504	10.451999582634242
g325	750.2574750636035	721.263819802097	1634.784471724843	726.6923301708579	688.5937022117279	720.2201934626299
g3251	21.83288948597788	19.319566601841885	13.159255809549819	19.85498169865732	8.217108618278376	14.516666086992004
g3252	61.52905218775584	51.51884427157836	107.80467259361967	17.869483528791587	57.51976032794863	32.32377648703552
g3254	15.878465080711184	12.87971106789459	16.196007150215163	7.941992679462928	16.43421723655675	9.871332939154563
g3255	21.83288948597788	17.70960271835506	22.77563505499007	5.956494509597196	9.860530341934052	16.645777113084165
g3256	19.84808135088898	8.049819417434119	26.82463684254386	5.956494509597196	14.790795512901077	11.806888417420163
g326	428.718557179202	375.1215848524299	571.4153772685287	516.2295241650903	382.9172616117723	425.435094122779
g3260	23.817697621066777	37.02916932019694	30.873638630097652	11.912989019194391	23.00790413117945	10.064888486981122
g3262	17.86327321580008	12.87971106789459	19.73888371432473	15.883985358925855	6.573686894622701	6.000221982623361
g3269	1036.0698465164048	1213.912768149065	2736.1129579394737	1094.0094915960183	931.8201173127678	1035.5221808720962
g327	909.0421258707153	825.9114722287405	688.3303038841443	1082.096502576824	1107.666241743925	1059.5230688025897
g3270	127.02772064568947	112.69747184407765	111.85367438117346	73.46343228503208	83.81450790643943	71.80910824365378
g3271	261.99467383173453	289.7934990276283	240.91560635945052	214.43380234549906	267.877740955875	213.6853248005223
g3272	539.8678127441802	484.59912892953395	926.2091589029295	450.7080845595211	407.5685874666074	448.4682043141396
g3273	3066.5285687123474	2139.6420011539885	5147.7996476512	2191.989979531768	2177.5337838437695	2210.4043561793155
g3274	760.181515739048	1051.306415916896	1027.4342035917743	847.8077185326675	824.997705275149	778.2868578105979
g3275	154.81503453693404	120.74729126151178	111.85367438117346	83.39092313436075	62.45002549891566	72.00266379148033
g3276	142.90618572640065	122.3572551449986	135.64155988305197	133.02837738100405	144.6211116816994	129.68221704379522
g3277	152.83022640184515	130.4070745624327	115.90267616872725	129.05738104127258	131.473737892454	107.22977349591426
g3278	10791.401830478339	9176.794135874894	9156.817542552897	8404.613753041644	7441.413564712897	7874.033241132289
g3279	1484.6364850464956	1732.3211386318224	1456.628393072476	1475.2251402102388	1380.4742478707672	1301.0803924901365
g328	138.93656945622286	173.87609941657695	144.751813905048	101.26040666315232	101.89214686665186	95.61644062632067
g3280	285.8123714528013	375.1215848524299	303.67513406653427	226.34679136469344	218.5750892462048	217.36288020922692
g3281	18224.508296386262	20369.263053875293	17921.894162159966	17043.51629012744	18467.129908718824	17968.922838026527
g3282	248.10101688611226	267.25400465881273	234.84210367811983	226.34679136469344	167.62901581287886	210.39488048747077
g3283	222.29851112995658	243.10454640651037	236.86660457189674	242.2307767236193	259.66063233759667	233.4279906788314
g3284	121.07329624042278	123.96721902848542	121.4700536266137	160.8253517591243	133.1171596161097	146.90866080035906
g3285	309.63006907386807	273.69386019276004	295.5771304914267	347.4621797265031	328.684344731135	340.4642086269191
g3286	202.4504297790676	160.99638834868236	124.50680496727905	162.81084992899002	165.98559408922318	146.90866080035906
g3287	2393.6786109172112	2010.8448904750428	1890.8838347876201	1292.5593085825915	1311.4505354772289	1268.1759493596214
g3288	1226.611427484939	1143.0743572756448	1227.859792075687	1683.7024480461407	1597.4059153933163	1543.2183828211632
g3289	3929.920107476018	4680.165009296196	3972.0707535902684	4520.979332784272	4396.1531107789315	4402.2273797672815
g329	313.5996853440459	445.95999572585015	373.52041490183717	349.4476778963688	391.1343702300507	323.8184315138349
g3290	1661.2844090694077	1882.0477797960968	1645.9192266406158	1608.2535175912428	1464.2887557772067	1487.2808294992874
g3291	313.5996853440459	396.05111533775863	385.6674202644985	307.75221632918846	333.6146099021021	310.0759876181492
g3292	1246.459508835828	1104.435224071961	1040.593459401324	1602.2970230816456	1497.1571902503201	1435.0208315861162
g3293	377.1135456668906	399.27104310473226	368.45916266739493	343.49118338677164	308.96328404726694	299.2368769398618
g3294	1822.0538680116083	2007.624962708069	1998.6885073812398	2237.65643743868	2251.4877614082748	2273.8905758664273
g3295	3566.7002187547496	4092.528191823506	3410.2717555671798	5118.614281913857	5280.313998105685	5222.902902551896
g3296	446.58183039500204	418.5906097065741	382.6306689238332	520.2005205048217	548.9028557009955	485.243758401186
g3297	1363.563188806073	1197.8131293141969	1022.372951357332	1532.8045871363452	1630.2743498664297	1540.1214940559382
g3298	422.7641327739353	347.7521988331539	505.11297299733536	393.12863763341494	396.0646354010177	362.14242998349386
g3299	605.3664812021138	579.5869980552566	639.7422824334989	778.3152825873669	757.6174146052663	785.8355241758337
g33	982.4800268690045	941.8288718397919	940.3806651593678	879.5756892505193	1043.5727945213537	918.4210744370274
g330	3360.2801727055044	4837.941469877905	4806.165121826349	3641.4036435337525	3684.5515044360236	3871.6916231746804
g3300	1528.3022640184515	2055.923879212674	2227.963233601473	1655.9054736680205	1719.0191229438362	1639.221934543137
g3301	281.84275518262353	294.62339067808875	317.8466403229725	238.25978038388783	238.29614993007291	235.55710170492358
g3302	156.79984267202295	107.86758019361719	157.91106971459783	166.7818462687215	151.1947985763221	129.48866149596867
g3303	1272.2620145919836	1552.005183681298	1356.4155988305197	1377.935729886818	1498.8006119739757	1568.767715134269
g3304	637.1234113635363	661.6951561130845	598.2400141110725	724.7068320009921	713.245028066563	753.5117476887982
g3305	1879.6133039291865	1545.5653281473508	1680.335741834823	2243.612931948277	2205.471953145916	2172.2739132574834
g3306	563.6855103652471	672.9649032974922	821.9473628734195	724.7068320009921	726.3924018558084	703.1873052538926
g3307	2671.5517498296567	2123.5423623191205	2140.9096951690667	2912.7258151930287	2935.1511984490357	2793.200110685088
g3308	724.4549693074478	793.712194559004	728.8203217596822	869.6481984011906	951.541177996636	883.1939647325935
g3309	178.63273215800083	130.4070745624327	238.89110546567363	121.11538836180965	142.97768995804375	154.84443826124803
g331	1246.459508835828	1666.3126194088625	1288.5948188889938	1572.5145505336598	1360.7531871868991	1479.7321631340515
g3310	202.4504297790676	235.05472698907624	348.214153729626	186.6368279673788	231.7224630354502	231.87954629621893
g3311	186.57196469835642	140.06685786335365	133.61705898927508	240.24527855375356	256.3737888902853	223.16954664402374
g3312	571.6247429056026	511.9685149488099	444.3779461840285	577.779967430928	497.95678226766955	564.407977462249
g3313	2060.230844222276	1927.126768533728	1794.7200423332176	1814.745327257279	1827.4849567051108	1857.1654813958437
g3314	569.6399347705137	574.757106404796	575.9705042795267	486.4470516171043	397.7080571246734	427.7577606966977
g3315	331.46295855984596	320.38281281387793	309.74863674786496	369.3026595950261	384.560683335428	392.14353989661066
g3316	1004.3129163549823	1154.3441044600524	1022.372951357332	1211.1538836180964	1158.612315177251	1210.1092850116534
g3317	75.42270913337812	88.5480135917753	85.0290375386296	83.39092313436075	31.22501274945783	49.55022024359937
g3318	148.86061013166736	57.958699805525654	95.6576672309583	115.15889385221246	85.45792963009511	114.7784398611501
g3319	47.635395242133555	51.51884427157836	52.13089801475505	21.84047986852305	24.65132585483513	34.06577641747457
g332	4364.593089060487	5393.379009680859	4952.941436625174	4175.5026512276345	4194.012238769283	4151.572945331886
g3320	1163.0975671620943	1069.016018635251	1238.4884217680155	1048.3430336891065	1000.8438297063062	1021.973292524237
g3321	520.0197313932913	653.6453366956504	514.2232270193314	460.63557540884983	458.51466089993335	421.5639831662478
g3322	1671.208449744852	1529.4656893124825	1648.9559779812812	1076.1400080672267	992.6267210880278	1031.8446254633916
g3323	3808.8468112355954	3414.733396875553	3064.082102731331	3196.6520534838282	3124.1446966694384	3054.6936557987706
g3324	918.9661665461598	1033.5968131985408	1101.3284862146309	655.2143960556915	624.5002549891566	601.1835315492955
g3325	1500.514950127207	1785.4499467868875	1969.839369644919	1786.9483528791588	1799.5467874029644	1797.16326156961
g3326	2848.1996738525686	3498.451518816868	2966.90605983004	4054.3872628658246	4123.345104652089	4155.831167384071
g3327	236.19216807557888	199.63552155236613	218.6460965279047	192.593322476976	177.48954615481293	174.00643749607747
g3328	877.2851957092929	879.0402803838057	828.0208655547501	887.5176819299821	1027.138577284797	954.228850784941
g3329	1438.985897939451	1191.3732737802495	1066.9119710204238	1310.428792111383	1313.0939572008845	1346.5659462293781
g333	3245.1613008703484	4361.3921603658055	3990.2912616342605	2809.4799103600108	2959.802524303871	2720.036113606648
g3330	595.4424405266694	555.4375398029541	601.2767654517379	619.4754289981083	677.0897501461382	620.1519752362984
g3331	2113.8206638696765	2099.392904066818	1908.0920923847236	2058.961602150764	1791.329678784686	1833.1645934653502
g3332	387.0375863423351	370.29169320196945	333.0303970262992	289.88273280039687	358.2659357569372	337.75443095734727
g3333	1655.329984664141	2070.4135541640553	1599.3557060837472	1501.0366164184934	1459.3584906062395	1495.9908291514826
g3334	1264.322782051628	1104.435224071961	1043.6302107419895	1673.774957196812	1664.786206063199	1617.9308242822153
g3335	736.3638181179812	771.1727001901885	709.5875632688018	641.3159088666314	663.9423763568927	675.1217508190414
g3336	430.70336531429086	338.09241553223296	362.38565998606424	262.0857584222766	223.50535441717182	320.1408761051303
g3337	2173.3649079223433	3182.8985976534505	2591.3611440344257	1949.7592028081488	1906.3691994405833	1965.5565881787172
g3338	67.48347659302253	72.44837475690707	98.18829334817941	71.47793411516635	64.09344722257133	71.42199714800066
g3339	498.1868419073134	457.2297429102579	426.15743814003645	456.66457906911836	422.3593829795085	420.98331652276806
g334	1141.2646776761164	1173.6636710618945	1093.2304826395234	968.9231068944772	1081.3714941654343	1061.652179828682
g3340	178.63273215800083	193.19566601841885	202.45008937768952	75.44893045489782	139.6908465107324	163.55443791344322
g3341	1307.9885610235838	1225.1825153334728	1065.8997205735352	955.0246197054171	992.6267210880278	936.2281848370709
g3342	750.2574750636035	758.292989122294	592.1665114297418	768.3877917380382	751.0437277106436	764.7379694627388
g3343	750.2574750636035	660.0851922295977	649.8647869023833	706.8373484722006	774.051631841823	742.0919703670312
g3344	730.4093937127145	606.9563840745325	580.0195060670804	780.3007807572327	785.5555839074127	776.931968975812
g3345	180.61754029308972	170.6561716496033	194.35208580258194	246.20177306335077	210.35798062792642	237.68621273101573
g3346	1030.115422111138	1168.833779411434	965.686926331579	1094.0094915960183	1099.4491331256468	1073.4590682461019
g3347	1564.0288104500517	1506.926194943667	1325.0358349769779	1078.1255062370924	941.6806476547018	984.2299606980578
g3348	520.0197313932913	392.83118757078495	387.6919211582754	458.65007723898407	494.66993882035825	461.82353711417227
g3349	43.66577897195576	27.369386019276003	25.30626117221119	33.753468887717446	14.790795512901077	31.162443200076165
g335	365.20469685635726	534.5080093176255	756.1510838256703	359.37516874569747	340.1882967967248	372.9815406617812
g3350	531.9285802038247	545.7777565020332	519.2844792537736	629.402919847437	624.5002549891566	573.5050882100974
g3351	2802.549086745524	2814.216868334968	2372.715047506521	2698.29201284753	2885.8485467393657	2751.392112354551
g3352	186.57196469835642	209.29530485328706	209.53584250590865	224.3612931948277	238.29614993007291	212.52399151356292
g3353	851.4826899531373	986.9078605774229	856.3638780676266	829.938235003876	854.5792963009511	918.614629984854
g3354	2123.744704545121	1836.9687910584657	1715.7645074759187	2116.5410490768704	2103.579806279264	2026.1394746484305
g3355	148.86061013166736	185.14584660098473	161.9600715021516	196.56431881670747	223.50535441717182	233.81510177448453
g3356	182.60234842817863	235.05472698907624	224.71959920923535	275.98424561133675	253.08694544297398	275.6231001050215
g3357	5289.5136800119135	5762.060738999342	5141.220019746425	7485.328100393809	6899.084395906524	7037.873274521549
g3358	2115.8054720047653	2268.4391118329345	1981.9863750075804	2295.235884364786	2212.0456400405387	2218.146578092378
g3359	1230.5810437551168	1292.8009984399193	1160.0390121341609	1741.2818949722468	1745.313870522327	1711.9988205259235
g336	10888.657429097695	8149.6371782103015	8069.660562594704	6595.824920293961	6923.73572176136	6829.994616155825
g3360	198.4808135088898	165.82627999914283	163.9845723959285	115.15889385221246	70.66713411719404	87.29355206977858
g3361	1992.7473676292536	2772.3578073643102	2014.3783893080106	1933.8752174492229	1866.927078072847	1821.35770504793
g3362	1520.363031478096	1634.113341739126	1319.9745827425356	1671.7894590269464	1584.2585416040708	1502.1846066819326
g3363	258.02505756155676	246.32447417348402	292.54037915076134	252.15826757294795	279.3816930214648	245.041323548425
g3364	730.4093937127145	755.0730613553203	868.510883430288	816.0397478148159	757.6174146052663	755.6408587148904
g3365	1208.748154269139	1276.7013596050513	1013.262697335336	1919.9767302601629	1927.733681848107	1827.164371482727
g3366	158.78465080711183	212.51523262026072	286.46687646943064	127.07188287140684	193.92376339136968	148.26354963514498
g3367	817.740951656626	822.6915444617669	830.045366448527	1123.7919641440042	1071.5109638235	1107.7184002114032
g3368	220.31370299486767	172.26613553309014	253.06261172211188	117.14439202207818	156.12506374728915	151.36043840036996
g3369	154.81503453693404	259.2041852413786	260.148364850331	111.18789751248099	124.90005099783131	132.39199471336707
g337	514.0653069880246	811.4217972773591	987.9564361631249	690.9533631132747	668.8726415278597	612.0226422275829
g3370	232.22255180540108	359.0219460175617	272.2953702129924	176.70933711805014	200.49745028599236	196.652436591785
g3371	6631.243979332008	5285.511429487242	4660.4010574744125	6051.798421750751	5834.147118977647	5900.927986588336
g3372	1036.0698465164048	1091.5555130040664	1104.3652375552963	1092.0239934261526	1166.8294237955295	1148.3650652549807
g3373	434.6729815844687	854.8908221315033	1271.38656129189	490.4180479568358	463.4449260709004	510.2124240708123
g3374	3528.9888641880607	4433.840535122712	3752.412406615475	3575.882203928183	3488.9843193209986	3527.549859139057
g3375	2725.141569477057	2954.2837261983213	5574.969336238125	3025.8992108753755	2958.1591025802154	2965.0774371550733
g3376	1855.7956063081197	2418.165752997209	3286.7772010467893	1979.5416753561346	2098.6495411082974	2063.3021398311303
g3377	438.64259785464645	404.1009347551927	396.80217518027143	377.24465227448906	405.9251657429518	420.78976097494154
g3378	1000.3433000848046	1088.3355852370928	968.7236776722443	1002.6765757821946	958.1148648912587	1016.1666260894402
g3379	986.4496431391823	985.2978966939361	964.6746758846905	1534.7900853062108	1562.894059196547	1431.7303872730647
g338	710.5613123618255	534.5080093176255	519.2844792537736	641.3159088666314	570.2673381085193	606.0224202449594
g3380	180.61754029308972	244.7145102899972	246.98910904078122	238.25978038388783	218.5750892462048	209.2335472005114
g3381	273.90352264226794	389.6112598038113	533.4559855102119	238.25978038388783	331.97118817844637	294.0108771485447
g3382	470.3995280160688	412.1507541726269	379.59391758316787	351.4331760662346	371.4133095461826	361.174652244361
g3383	381.08316193706844	412.1507541726269	383.64291937072164	327.60719802784575	307.31986232361123	298.07554365290247
g3384	907.0573177356264	1152.7341405765658	1083.107978170639	1020.5460593109863	967.9753952331927	950.3577398284098
g3385	3572.6546431600163	3762.485595708707	3210.8584175301557	3988.8658232602556	4019.8095360617813	4164.154055940613
g3386	6657.046485088164	7592.589674523861	6761.83298521483	7892.355225216284	7904.858490783798	8095.460787845874
g3387	1677.1628741501188	2501.883874938524	3277.6669470247934	2031.1646277726438	2047.7034676749713	2013.3648084918775
g3388	670.8651496600476	540.9478648515727	529.4069837226581	426.88210652113236	468.3751912418674	485.4373139490126
g3389	1752.585583283497	2146.081856687936	1963.7658669635882	2523.5681738993453	2517.7220806404944	2499.1892335365433
g339	639.1082194986252	624.6659867928876	601.2767654517379	710.808344811932	897.3082611159987	861.5157433760187
g3390	2564.3721105348563	2424.6056085311566	2311.980020693214	2259.496917307203	2261.3482917502092	2128.917470544334
g3391	7832.052901060792	7851.793859765239	18054.498970702352	6867.838169565567	8562.227180246067	8589.995212542735
g3392	6184.662148937006	8004.7404286964875	6236.475003279726	8281.512866509967	7786.532126680589	8154.882341028628
g3393	369.174313126535	421.8105374735478	538.5172377446542	480.49055710750713	412.4988526375745	440.3388713054241
g3394	363.2198887212683	359.0219460175617	400.85117696782527	341.5056852169059	345.1185619676918	355.17443026173765
g3395	295.73641212824583	323.60274058085156	525.3579819351042	331.5781943675772	354.97909230962586	364.46509655741255
g3396	478.3387605564244	478.15927339558664	421.0961859055942	446.7370882197897	465.08834779455606	468.01731464462216
g3397	1528.3022640184515	1701.7318248455726	1452.5793912849222	2168.164001493379	2164.3864100545243	2186.984134892302
g3398	1464.7884036956068	1046.4765242664355	1168.1370157092686	1014.589564801389	884.1608873267533	955.1966285240738
g3399	2868.0477552034577	2801.337157267073	2542.77312258378	2315.0908660634436	2401.0391382609414	2293.6332417447366
g34	434.6729815844687	458.83970679374477	441.34119484336316	410.99812116220653	455.22781745262205	428.1448717923508
g340	639.1082194986252	627.8859145598612	606.3380176861801	712.7938429817978	897.3082611159987	862.0964100194984
g3400	754.2270913337812	590.8567452396643	730.8448226534591	627.4174216775713	703.384497724629	674.3475286277352
g3401	702.6220798214699	819.4716166947933	598.2400141110725	849.7932167025333	821.7108618278376	804.2233012193569
g3402	529.9437720687358	363.85183766802214	441.34119484336316	371.2881577648919	425.64622642681985	384.78842907920136
g3403	254.05544129137894	191.585702134932	228.76860099678916	230.31778770442492	320.46723611285665	263.4291005919482
g3404	160.76945894220074	101.42772465966989	167.02132373659384	194.57882064684173	221.86193269351614	190.07154796568196
g3405	1472.7276362359623	1540.7354364968903	1601.380206977524	1574.5000487035254	1584.2585416040708	1498.507051273228
g3406	6196.57099774754	6924.4546628768285	7770.0344303157235	5339.004578768953	5158.7007905551645	5280.776011352038
g3407	539.8678127441802	434.6902485414424	425.145187693148	559.9104839021364	588.3449770687317	584.1506433405582
g3408	1325.8518342393838	1341.099914944524	1057.8017169984278	1552.6595688350023	1421.559790962159	1541.089271795071
g3409	3558.760986214394	4179.466241531794	3332.3284711567694	3516.3172588322113	3579.3725141220607	3408.1260861300693
g341	170.69349961764524	391.22122368729816	337.07939881385306	285.9117364606654	216.93166752254913	236.3313238962298
g3410	347.34142364055714	302.67321009552285	340.1161501545184	397.0996339731464	328.684344731135	364.6586521052391
g3411	635.1386032284473	629.495878443348	526.3702323819928	631.3884180173028	836.5016573407387	712.284416001741
g3412	758.196707603959	597.2966007736115	647.8402860086064	615.5044326583769	560.4068077665852	552.6010890448289
g3413	2762.852924043746	2434.2653918320775	2205.693723769927	2384.583302008744	2422.403620668465	2350.7321283535716
g3414	1409.2137759131176	1265.4316124206434	1288.5948188889938	1747.238389481844	1654.925675721265	1690.7077102650019
g3415	559.7158940950692	548.9976842690069	830.045366448527	462.62107357871554	520.964686398849	513.6964239316903
g3416	571.6247429056026	548.9976842690069	475.75771003757035	569.837974751465	543.9725905300285	554.9237556187477
g3417	353.29584804582385	281.74367961019414	279.38112334121155	363.34616508542894	328.684344731135	352.6582081399924
g3418	214.359278589601	235.05472698907624	223.70734876234692	192.593322476976	253.08694544297398	224.52443547880964
g3419	482.3083768266022	428.2503930074951	524.3457314882158	559.9104839021364	517.6778429515376	533.2455342621729
g342	3618.3052302670612	4119.897577842782	4100.626560345101	4215.212614624949	3975.4371495230785	4092.732058792612
g3420	589.4880161214027	563.4873592203883	546.6152413197617	599.620447299451	511.104156056915	533.0519787143463
g3421	158.78465080711183	133.62700232940637	216.62159563412777	138.98487189060123	131.473737892454	159.8768825047386
g3422	625.2145625530029	592.4667091231511	509.16197478488914	742.5763155297838	645.8647373966803	684.2188615668897
g3423	654.9866845793364	608.5663479580194	607.3502681330685	496.374542466433	468.3751912418674	500.7282022273108
g3424	1585.8616999360295	1210.6928403820914	1177.2472697312646	1413.6746969444011	1659.855940892232	1623.9310462648386
g3425	1123.4014044603164	854.8908221315033	921.1479066684873	1234.9798616564854	1133.9609893224158	1052.1679579851805
g3426	2856.138906392924	2828.706543286349	2455.719584151374	3810.1709879723394	3921.204232642441	3894.3376222703882
g3427	281.84275518262353	257.5942213578918	312.7853880885303	260.10026025241086	348.40540541500314	315.68909850511943
g3428	613.3057137424695	557.047503686441	757.1633342725588	520.2005205048217	632.7173636074349	575.8277547840162
g3429	412.8400920984908	558.6574675699278	520.296729700662	544.0264985432106	400.9949005719847	510.0188685229857
g343	1810.145019201075	1791.8898023208346	1687.421494963042	1743.2673931421127	1405.1255737256022	1476.0546077253468
g3430	579.5639754459582	623.0560229094008	704.5263110343595	434.8240992005953	535.75548191175	554.343088975268
g3431	373.14392939671285	305.8931378624965	362.38565998606424	309.73771449905416	284.3119581924318	359.8197634095751
g3432	216.34408672468987	201.24548543585297	178.15607865236677	152.88335907966135	174.20270270750157	162.58666017431042
g3433	1294.0949040779615	1239.6721902848542	1372.611605980735	1133.7194549933329	1147.1083631116612	1243.9815058813015
g3434	1115.4621719199606	1094.7754407710402	946.4541678406985	1191.2989019194392	1253.9307751492802	1222.8839511682063
g3435	363.2198887212683	321.9927766973647	288.49137736320756	323.6362016881143	300.7461754289886	306.7855433050977
g3436	583.533591716136	605.3464201910457	648.8525364554949	432.8386010307296	420.71596125585285	418.0799833053697
g3437	4926.293791290645	4939.369194537575	4496.416485078484	7636.225961303605	7489.072794698912	7154.200158765312
g3438	260.00986569664565	273.69386019276004	260.148364850331	365.3316632552947	277.7382712978091	304.8499878268321
g3439	1679.1476822852078	1326.6102399931426	1318.9623322956472	2563.27813729666	2488.1404896146923	2377.055682857984
g344	2868.0477552034577	3620.8087739618663	3511.4968002560245	2775.726441472293	3181.6644569973873	3077.1460993466517
g3440	1623.5730545027186	1782.2300190199137	1621.625215915293	2469.9597233129707	2382.961499300729	2366.9907943710027
g3441	2526.660755968167	2970.3833650331894	2729.0272048112547	3899.5184056162975	3860.397628867181	3714.911629435167
g3442	1331.8062586446506	1022.327066014133	950.5031696282523	881.561187420385	913.7424783525554	966.8099613936674
g3443	341.3869992352905	272.0838963092732	268.2463684254386	254.14376574281368	272.8080061268421	242.1379903310266
g3444	819.7257597917148	652.0353728121636	650.8770373492717	506.30203331576166	476.59229986014583	541.568422818715
g3445	922.9357828163376	904.7997025195949	833.0821177891924	724.7068320009921	732.9660887504311	784.0935242453947
g3447	265.96429010191235	268.8639685422996	328.98139523874545	321.6507035182486	308.96328404726694	271.1713225050106
g3448	637.1234113635363	709.9940726176892	717.6855668439093	631.3884180173028	728.0358235794641	668.3473066451119
g3449	166.72388334746742	159.38642446519555	152.8498174801556	272.0132492716053	254.73036716662966	233.4279906788314
g345	315.5844934791348	408.9308264056532	374.53266534872563	307.75221632918846	422.3593829795085	386.33687346181387
g3450	1353.6391481306284	1358.8095176628792	1198.504529115922	1713.4849205941266	1704.2283274309352	1717.2248203172408
g3451	3900.1479854496847	5578.524856281844	4351.664671173437	5724.191223722905	5814.426058293779	5694.21066150957
g3452	305.6604528036903	296.23335456157554	284.4423755756538	303.781219989457	318.823814389201	325.9475425399271
g3453	95.27079048426711	112.69747184407765	108.31079781706389	133.02837738100405	106.82241203761889	95.22932953066754
g3454	5370.890813550558	6061.514021327891	5653.41874587198	7258.981309029116	7234.342427532282	7037.873274521549
g3455	3415.8548004879935	3870.353175902324	3636.0036052233036	4808.876567414803	4945.055966479927	4797.661363976944
g3456	639.1082194986252	714.8239642681497	649.8647869023833	718.7503374913949	695.1673891063506	645.8948630972309
g3457	1524.3326477482738	1680.8022943602439	1592.269952955528	1334.254770149772	1257.2176185965916	1213.9803959681847
g3458	339.40219110020155	376.73154873591676	450.45144886535917	291.8682309702626	320.46723611285665	316.8504317920788
g3459	889.1940445198263	906.4096664030817	962.6501749909137	1137.6904513330644	1043.5727945213537	1024.8766257416355
g346	2185.273756732877	2583.992032996352	5052.141980420241	1451.39916217185	1526.7387812761222	1533.5406054298353
g3460	2211.0762624890326	2260.3892924155	2076.125666568206	1947.773704638283	2008.261346307235	1932.652145048202
g3461	1327.8366423744728	972.4181856260415	1090.193731298858	1316.3852866209802	1311.4505354772289	1234.1101729421468
g3462	200.4656216439787	218.95508815420803	222.69509831545847	230.31778770442492	264.5908975085637	239.62176820928133
g3463	3695.7127475355283	4190.735988716202	3477.0802850618174	3252.2460022400687	3290.130290758662	3429.6107519388174
g3464	468.41471988097993	400.8810069882191	452.4759497591361	585.7219601103909	514.3909995042263	480.9855363490017
g3465	142.90618572640065	307.5031017459833	226.74410010301224	198.5498169865732	152.8382202999778	203.4268807657146
g3466	1871.674071388831	1645.3830889235337	1580.1229475928667	2023.2226350931808	1802.8336308502758	1872.4563696741418
g3467	1169.051991567361	1308.9006372747876	1335.1583394458623	978.8505977438059	898.9516828396543	955.3901840719003
g3468	716.5157367670922	701.9442532002552	630.6320284115028	845.8222203628018	856.2227180246068	933.3248516196725
g3469	686.7436147407587	1861.118249310768	1226.8475416287984	1518.906099947285	1487.2966599083861	1486.8937184036342
g347	5712.277812785848	4978.008327741259	5664.047375564309	4072.256746394616	3870.258159209115	3981.6311743401666
g3470	267.94909823700124	265.6440407753259	220.67059742168158	152.88335907966135	203.7842937333037	178.8453261917415
g3471	269.9339063720901	336.4824516487461	328.98139523874545	393.12863763341494	376.34357471714964	387.8853178444263
g3472	1228.596235620028	1044.8665603829486	931.2704111373718	1175.4149165605133	1058.363590034255	1177.0112863333115
g3473	170.69349961764524	169.04620776611648	222.69509831545847	198.5498169865732	215.28824579889346	242.91221252233285
g3474	2568.341726805034	2543.7429359091816	2383.849802422294	2918.682309702626	2685.3510964533734	2741.5207794153966
g3475	1639.4515195834297	1448.9674951381412	1304.790826039209	1369.993737207355	1383.7610913180786	1330.1137246641206
g3476	631.1689869582696	487.8190566965076	515.2354774662198	593.6639527898539	759.260836328922	705.7035273756379
g3477	660.941108984603	507.13862329834944	554.7132448948693	641.3159088666314	790.4858490783797	743.059748106164
g3478	146.87580199657845	162.6063522321692	228.76860099678916	214.43380234549906	154.48164202363347	163.7479934612698
g3479	353.29584804582385	305.8931378624965	385.6674202644985	393.12863763341494	433.86333504509827	400.07931735749963
g348	2137.638361490743	1506.926194943667	3078.759734211213	1985.498169865732	1707.5151708782464	1734.0641529781515
g3480	589.4880161214027	716.4339281516366	861.9312555255132	464.6065717485813	412.4988526375745	394.07909537487626
g3481	1143.2494858112052	1997.965179407148	1992.1088794764648	1481.181634719836	1347.6058133976537	1418.375054473032
g3482	309.63006907386807	379.9514765028904	368.45916266739493	416.9546156718037	392.77779195370636	407.62798372273545
g3483	402.9160514230463	447.569959609337	374.53266534872563	357.38967057583176	289.2422233633988	332.7219867138567
g3484	1960.9904374678313	2864.125748723059	2263.391999242569	2035.1356241123754	1932.663947019074	1866.649703239345
g3485	1036.0698465164048	1342.709878828011	1076.0222250424197	1268.7333305442028	1247.3570882546574	1239.3361727334639
g3486	182.60234842817863	143.2867856303273	162.97232194904007	180.68033345778161	203.7842937333037	195.87821440047875
g3487	186.57196469835642	135.23696621289318	163.9845723959285	210.4628060057676	146.26453340535508	195.6846588526522
g3488	2661.6277091542124	4292.163713375872	3888.053966498527	2293.2503861949203	2166.02983177818	2203.4363564575597
g3489	186.57196469835642	252.7643297074313	281.4056242349884	279.9552419510682	259.66063233759667	262.65487840064196
g349	1710.9046124466302	1535.9055448464298	1379.697359108954	1806.803334577816	1794.6165222319974	1795.6148171869975
g3490	1073.781201083094	1601.9140640693895	1642.8824752999503	1284.6173159031287	1224.349184123478	1316.5648363162613
g3491	206.4200460492454	418.5906097065741	425.145187693148	202.52081332630465	282.66853646877615	243.87999026146565
g3492	1841.9019493624974	1796.719693971295	1564.93919088954	2094.700569208347	2016.4784549255135	2111.4974712399435
g3493	2973.2425863631693	2909.2047374606905	2382.8375519754054	2207.873964890694	2359.9535951695498	2345.8932396579075
g3494	909.0421258707153	994.957679994857	1044.6424611888779	974.8796014040744	987.6964559170608	1060.1037354460693
g3495	1262.337973916539	1563.2749308657058	1326.0480854238663	1232.9943634866195	1275.295257556804	1255.4012832030685
g3496	319.5541097493126	320.38281281387793	400.85117696782527	240.24527855375356	330.3277664547907	283.752433113737
g3497	502.1564581774912	529.678117667165	428.1819390338133	581.7509637706595	744.4700408160209	627.8941971493608
g3498	285.8123714528013	362.2418737845353	326.9568943449686	196.56431881670747	205.4277154569594	185.81332591349764
g3499	3538.912904863505	3817.224367747259	3505.423297574694	3736.7075556873074	3848.8936768015915	3717.427851556912
g35	879.2700038443818	949.8786912572259	806.7636061700928	804.1267587956214	913.7424783525554	833.256633393341
g350	708.5765042267366	846.8410027140692	1524.449173014002	641.3159088666314	566.9804946612079	606.0224202449594
g3500	4612.694105946599	6216.070554142626	5751.607039220159	4743.355127809234	4184.151708427349	4256.092941158228
g3501	680.789190335492	779.2225196076226	751.0898315912281	609.5479381487797	507.8173126096036	522.5999791317121
g3502	299.7060283984236	257.5942213578918	332.0181465794108	210.4628060057676	315.53697094188965	255.88043422671237
g3503	768.1207482794035	822.6915444617669	790.5675990198775	1209.1683854482308	1104.3793982966138	1131.7192881418966
g3504	1258.3683576463613	1358.8095176628792	1174.2105183905992	1516.9206017774193	1528.382202999778	1482.4419408036233
g3505	224.2833192650455	363.85183766802214	344.16515194207216	365.3316632552947	243.22641510103992	310.4630987138023
g3506	865.3763468987595	761.5129168892676	861.4251303020689	947.0826270259541	859.5095614719181	930.4215184022742
g3507	789.9536377653815	598.9065646570984	603.3012663455147	810.0832533052186	849.6490311299841	872.1612985064795
g3508	208.40485418433428	284.96360737716776	267.23411797855016	216.4193005153648	207.07113718061507	184.07132598305859
g3509	341.3869992352905	547.3877203855201	528.3947332757697	287.89723463053116	305.6764405999556	290.91398838331975
g351	533.9133883389136	363.85183766802214	349.2264041765144	432.8386010307296	404.28174401929607	453.3070930098036
g3510	224.2833192650455	255.98425747440496	223.70734876234692	291.8682309702626	287.59880163974316	310.26954316597573
g3511	1357.6087644008062	1297.6308900903798	1148.904257218388	1483.1671328897019	1602.3361805642833	1559.2834932907676
g3512	392.9920107476018	378.34151261940355	352.26315551717977	472.5485644280442	394.42121367736206	447.5004265750068
g3513	269.9339063720901	344.5322710661803	353.2754059640682	341.5056852169059	366.48304437521557	390.59509551399816
g3514	948.7382885724933	835.5712555296615	984.9196848224595	1048.3430336891065	956.471443167603	993.9077380893858
g3515	484.2931849616911	350.9721266001276	367.4469122205065	484.4615534472386	481.52256503111283	514.6642016708231
g3516	736.3638181179812	875.8203526168321	758.1755847194472	1070.1835135576296	1124.1004589804818	1033.5866253938307
g3517	2725.141569477057	3424.393180176474	3422.418760929841	3667.215119742007	3112.640744603849	3506.8394155216147
g3518	579.5639754459582	842.0111110636087	610.3870194737339	696.9098576228719	594.9186639633544	739.9628593409391
g3519	1653.345176529052	2616.1913106660886	1994.1333803702416	2164.193005153648	1986.8968638997112	2190.46813475318
g352	4217.717287063909	3649.788123864629	3262.4831903214667	3839.9534605203257	3717.4199389091373	3841.88406880939
g3520	1724.7982693922525	1642.1631611565601	1466.7508975413605	1854.4552906545937	1880.0744518620925	1881.9405915176433
g3521	877.2851957092929	901.5797747526212	801.7023539356505	1038.4155428397778	1032.068842455764	1018.2957371155323
g3523	279.8579470475346	373.5116209689431	341.12840060140684	375.25915410462335	415.78569608488584	424.8544274792993
g3524	3382.113062191482	3197.388272604832	2904.146532122956	3540.1432368706	3842.3199899069687	3617.3596333305804
g3525	1258.3683576463613	1141.464393392158	933.2949120311487	1316.3852866209802	1240.7834013600348	1308.822614403199
g3526	1276.2316308621614	1286.3611429059722	1158.014511240384	1199.240894598902	1194.767593097676	1273.7890602465916
g3527	438.64259785464645	502.308731647889	556.7377457886462	375.25915410462335	363.1962009279042	364.46509655741255
g3528	4642.466227972933	4601.276779005342	4528.808499378914	5863.176095613507	5911.387939989464	5892.798653579621
g3529	442.6122141248243	587.6368174726906	577.9950051733035	454.6790808992526	524.2515298461603	492.5988692185953
g353	13032.250214993705	15454.04331759002	13715.993555338464	13910.400178079319	15227.945691393486	14375.56409262644
g3530	2991.1058595789696	3424.393180176474	3155.184642951291	2809.4799103600108	2716.576109202831	2806.9425545807735
g3531	2633.840395262968	9178.404099758382	9636.62425437802	2430.249759915656	2476.6365375491023	2525.8998991366084
g3532	6063.588852696584	11321.266028679343	8385.482702023899	6538.245473367855	6392.910505020576	6455.658186659257
g3533	5892.895353078939	10894.625599555337	8133.432340748676	6434.999568534838	6246.645971615221	6329.847080571993
g3534	791.9384459004704	743.8033141709126	762.224586507001	792.2137697764271	709.9581846192517	745.1888591322562
g3535	960.6471373830267	1270.261504071104	1369.5748546400696	1193.2844000893049	1201.3412799922985	1163.4623979854523
g3536	579.5639754459582	545.7777565020332	510.1742252317776	601.6059454693168	566.9804946612079	600.0221982623361
g3537	150.84541826675624	106.25761631013036	126.53130586105594	129.05738104127258	156.12506374728915	144.97310532209346
g3538	1421.122624723651	1350.759698245445	1314.9133305080934	1350.1387555086976	1541.5295767890234	1511.4752729776073
g3539	1718.8438449869857	2057.5338430961606	2154.0689509786166	1802.8323382380845	1730.523075009426	1692.6432657432676
g354	793.9232540355592	988.5178244609098	746.0285793567858	722.7213338311265	836.5016573407387	722.9299711322018
g3540	736.3638181179812	824.3015083452538	692.3793056716981	913.3291581382367	936.7503824837348	870.8064096716936
g3541	3729.4544858320396	4762.273167354025	3541.864313662678	4890.281992379298	4869.458567191766	4847.792250864023
g3542	2008.6258327099647	2822.266687752402	2221.8897309201425	2493.7857013513594	2264.6351351975204	2228.792133222839
g3543	2171.3800997872545	2926.914340179045	2590.3488935875375	2910.7403170231632	2823.39852124045	2803.0714436242424
g3544	1089.659666163805	1532.685617079456	1405.0036202811652	1201.226392768768	1314.73737892454	1314.0486141945162
g3545	15350.506116777537	33342.352027012115	59321.419064227135	45011.24351085614	42037.08426938851	43482.64093033237
g3546	32963.69350755642	69154.38865129302	121423.99623128028	94533.53886364723	87860.6121900797	90610.90060397799
g3547	724.4549693074478	977.2480772765019	748.0530802505627	1735.3254004626497	1431.420321304093	1432.5046094643708
g3548	396.9616270177796	449.1799234928238	529.4069837226581	542.0410003733448	473.3054564128345	529.1808677578151
g3549	385.0527782072462	545.7777565020332	493.97821808156243	553.9539893925393	358.2659357569372	466.27531471418314
g355	537.8830046090914	647.2054811617031	556.7377457886462	528.1425131842847	473.3054564128345	527.8259789230292
g3550	920.9509746812487	1281.5312512555117	1234.945545203906	1086.0674989165555	1091.2320245073684	1039.1997362808008
g3551	466.42991174589105	449.1799234928238	583.0562574077458	424.89660835126665	501.2436257149809	499.76042448817805
g3552	307.6452609387792	275.3038240762468	268.2463684254386	349.4476778963688	341.83171852038043	352.2710970443393
g3553	1472.7276362359623	1270.261504071104	1137.7695023026151	1578.471045043257	1437.9940081987158	1458.4410528731298
g3554	702.6220798214699	664.9150838800582	582.0440069608574	633.3739161871684	606.4226160289442	650.3466406972417
g3555	357.26546431600167	399.27104310473226	300.63838272586895	363.34616508542894	304.03301887629993	367.368429774811
g3556	1887.552536469542	2081.683301348463	1987.0476272420226	1671.7894590269464	1502.0874554212871	1584.4457145082206
g3557	829.6498004671594	706.7741448507156	704.5263110343595	877.5901910806535	813.4937532095593	809.8364121063272
g3558	232.22255180540108	260.8141491248654	220.67059742168158	301.7957218195913	259.66063233759667	295.5593215311572
g3559	1679.1476822852078	1307.2906733913007	1329.0848367645317	1598.3260267419141	1640.1348802083637	1672.126377673652
g356	547.8070452845359	515.1884427157836	526.3702323819928	450.7080845595211	520.964686398849	503.63153544470924
g3560	1933.2031235765867	1523.0258337785351	1473.8366506695797	1836.5858071258021	1771.608618100818	1824.454593813155
g3561	246.11620875102335	120.74729126151178	173.09482641792454	170.75284260845294	180.77638960212428	198.97510316570373
g3562	1234.5506600252945	1088.3355852370928	1057.8017169984278	891.4886782697137	1046.859637968665	934.0990738109788
g3563	426.7337490441131	454.00981514328424	387.6919211582754	496.374542466433	351.6922488623145	406.4666504357761
g3564	1018.2065733006046	856.5007860149902	1027.4342035917743	883.5466855902507	905.525369734277	930.2279628544476
g3565	1542.1959209640738	1287.9711067894589	1230.8965434163522	1352.1242536785635	1482.3663947374191	1376.7606116903216
g3566	603.381673067025	566.707286987362	501.0639712097815	615.5044326583769	650.7950025676473	604.0868647666939
g3567	200.4656216439787	304.2831739790097	274.3198711067693	343.49118338677164	377.9869964408053	286.4622107833089
g3568	448.566638530091	735.7534947534784	794.6166008074314	422.9111101814009	442.0804436633766	462.40420375765194
g3569	1409.2137759131176	1505.3162310601801	1275.435563079444	1127.7629604837357	1290.086053069705	1356.824390264186
g357	287.79717958789024	196.41559378539247	222.69509831545847	190.60782430711026	274.45142785049774	226.84710205272836
g3570	254.05544129137894	173.87609941657695	195.36433624947037	200.53531515643894	223.50535441717182	197.42665878309126
g3571	2725.141569477057	2820.656723868915	2321.0902747152104	3289.9704674675177	3084.7025753017024	3165.407429155563
g3572	1111.4925556497828	1143.0743572756448	1010.2259459946707	992.749084932866	1068.224120376189	1074.4268459852349
g3573	1857.7804144432087	1675.9724027097834	1553.804435973767	1649.9489791584233	1633.5611933137411	1609.4143801778469
g3574	1744.6463507431413	1589.034353001495	1718.801258816584	1898.1362503916398	2108.5100714502314	2015.1068084223166
g3575	1206.76334613405	1199.4230931976836	1409.052622068719	1314.3997884511145	1202.9847017159543	1325.4683915162832
g3576	172.67830775273413	162.6063522321692	153.86206792704402	121.11538836180965	121.61320755051996	134.32755019163267
g3577	525.974155798558	336.4824516487461	530.4192341695465	438.79509554032677	425.64622642681985	430.0804272706164
g3578	297.7212202633347	330.04259611479887	312.7853880885303	262.0857584222766	331.97118817844637	308.5275432355367
g3579	313.5996853440459	273.69386019276004	340.1161501545184	319.66520534838287	318.823814389201	341.0448752703988
g358	371.1591212616239	246.32447417348402	298.61388183209203	266.0567547620081	341.83171852038043	290.5268772876666
g3580	87.33155794391152	75.66830252388071	85.0290375386296	85.37642130422647	49.30265170967026	59.42155318275393
g3581	3779.074689209262	4675.335117645736	3763.547161531248	4030.561284827436	3845.60683335428	3876.9176229659975
g3582	3707.6215963460613	4552.9778625007375	3664.34661773618	3913.4168928053577	3753.575216829562	3779.946293504891
g3583	448.566638530091	299.4532823285492	263.1851161909964	337.5346888771744	299.1027537053329	359.8197634095751
g3584	645.0626439038919	563.4873592203883	601.2767654517379	677.0548759242146	557.1199643192739	574.6664214970567
g3585	3654.0317766986614	3902.5524535720606	5664.5535007877525	3526.24474968154	3768.3660123424634	3760.0100720787555
g3586	676.8195740653142	681.0147227149264	655.938289583714	1012.6040666315233	918.6727435235224	886.6779645934715
g3587	176.64792402291192	107.86758019361719	121.4700536266137	138.98487189060123	167.62901581287886	168.39332660910725
g3588	363.2198887212683	339.7023794157198	329.9936456856339	385.186644953952	373.0567312698383	343.56109739214406
g3589	684.7588066056699	687.4545782488736	861.4251303020689	754.4893045489781	629.4305201601236	704.1550829930254
g359	516.0501151231135	470.1094539781525	437.2921930558094	526.157015014419	644.2213156730247	570.4081994448725
g3590	339.40219110020155	391.22122368729816	650.8770373492717	474.53406259790995	384.560683335428	465.3075369750503
g3591	754.2270913337812	1159.1739961105131	1099.303985320854	752.5038063791125	788.8424273547241	732.8013040713563
g3592	488.26280123186893	829.1313999957142	710.5998137156902	518.2150223349561	447.01070883434363	487.3728694272782
g3593	782.0144052250258	758.292989122294	781.4573449978815	698.8953557927376	604.7791943052885	647.6368630276698
g3594	694.6828472811143	785.6623751415699	766.2735882945548	772.3587880777698	787.1990056310684	730.285081949611
g3595	843.5434574127817	851.6708943645297	752.1020820381166	945.0971288560884	966.331973509537	856.6768546803547
g3596	696.6676554162032	521.6282982497308	626.5830266239491	762.431297228441	594.9186639633544	632.1524192015451
g3597	1466.7732118306956	1561.6649669822189	1343.25634302097	1459.341154851313	1377.1874044234557	1470.0543857427235
g3598	1974.8840944134536	1919.0769491162937	1713.7400065821416	2509.669686710285	2392.822029642663	2347.44168404052
g3599	402.9160514230463	474.93934562861295	422.1084363524826	551.9684912226735	570.2673381085193	570.0210883492193
g36	821.7105679268038	883.8701720342661	843.2046222580768	641.3159088666314	550.5462774246512	624.9908639319624
g360	452.53625480026875	376.73154873591676	463.610704674909	520.2005205048217	448.65413055799934	410.7248724879604
g3600	51.60501151231135	20.92953048532871	36.44101608798411	19.85498169865732	34.51185619676918	35.033554156607366
g3601	448.566638530091	478.15927339558664	614.4360212612877	331.5781943675772	474.9488781364901	463.5655370446113
g3602	1863.7348388484752	1968.9858295043853	1927.3248508756042	2162.207506983782	2073.998215253462	2103.368138231228
g3603	277.8731389124457	344.5322710661803	387.6919211582754	391.1431394635492	290.8856450870545	335.6253199312551
g3604	1673.193257879941	1155.9540683435393	1053.752715210874	1191.2989019194392	1332.8150178847525	1338.2430576728361
g3605	585.5183998512249	389.6112598038113	526.3702323819928	466.592069918447	417.4291178085415	484.2759806620532
g3606	146.87580199657845	136.84693009638002	207.51134161213176	226.34679136469344	212.0014023515821	219.2984356874925
g3607	115.11887183515609	91.76794135874894	116.40880139217147	85.37642130422647	83.81450790643943	107.22977349591426
g3608	1298.0645203481392	1487.6066283418252	1388.8076131309501	1350.1387555086976	1469.2190209481737	1332.4363912380393
g3609	2365.8912970259667	2398.846186395367	2179.375212150828	2041.0921186219725	2128.2311321340994	2024.0103636223384
g361	1962.9752456029203	1894.9274908639914	1689.445995856819	2011.3096460739864	2087.1455890427073	2082.2705835181328
g3610	3265.009382221237	3339.065094351672	3254.385186746359	3017.9572181959124	3017.3222846318195	3073.8556550336
g3611	281.84275518262353	233.44476310558943	224.71959920923535	210.4628060057676	175.84612443115725	222.58888000054404
g3612	1964.960053738009	2068.803590280568	1876.7123285311818	3508.3752661527483	3666.473865475811	3569.164301921767
g3613	533.9133883389136	410.54079028914003	385.6674202644985	534.0990076938818	488.09625192573554	495.3086468881671
g3614	202.4504297790676	141.6768217468405	288.49137736320756	142.9558682303327	203.7842937333037	176.3291040699962
g3615	926.9053990865153	561.8773953369015	548.6397422135386	619.4754289981083	622.8568332655009	636.7977523493826
g3616	129.01252878077838	117.52736349453812	158.92332016148626	107.21690117274953	93.67503824837348	101.42310706111746
g3617	2528.645564103256	2989.7029316350317	2609.581652078418	2178.091492342708	2312.294365183535	2410.1536815363256
g3618	404241.9032572857	273569.89297373156	279652.4064609776	318160.1977356246	315505.7459291402	328871.3926453951
g3619	891.1788526549152	1184.9334182463022	1154.9777598997186	694.9243594530062	682.0200153171052	679.9606395147055
g362	321.5389178844015	283.353643493681	283.4301251287653	418.9401138416694	351.6922488623145	420.4026498792884
g3620	359.25027245109055	444.3500318423633	493.97821808156243	321.6507035182486	336.90145334941343	314.7213207659866
g3621	18403.14102854426	17888.308709422097	15824.511236207101	14426.629702244409	14299.41241752803	14064.326771721333
g3622	938.8142478970487	986.9078605774229	873.5721356647302	1145.6324440125272	1375.5439826998002	1165.7850645593712
g3623	1226.611427484939	1640.5531972730732	1396.9056167060576	2053.005107641167	2098.6495411082974	1972.3310323526468
g3624	1073.781201083094	1147.9042489261053	1111.9571159069596	744.5618136996495	690.2371239353836	768.60908041927
g3625	248.10101688611226	320.38281281387793	241.42173158289475	129.05738104127258	113.39609893224159	143.8117720351341
g3626	3523.034439782794	3694.8671126022605	6909.115425237099	3349.53541256349	3188.2381438920097	3377.350754025646
g3627	1560.0591941798739	1613.1838112537973	3357.1286071055365	1441.4716713225214	1378.8308261471116	1387.2126112729559
g3628	956.6775211128488	882.2602081507794	918.111155327822	816.0397478148159	765.8345232235446	759.7055252192482
g3629	248.10101688611226	359.0219460175617	354.28765641095663	595.6494509597196	466.73176951821176	528.6002011143355
g363	482.3083768266022	388.0012959203245	434.255441715144	619.4754289981083	690.2371239353836	600.4093093579893
g3630	897.133277060182	856.5007860149902	850.290375386296	812.0687514750844	780.6253187364457	783.512857601915
g3631	275.8883307773568	280.1337157267073	325.94464389808013	200.53531515643894	208.71455890427075	215.42732473096132
g3632	873.3155794391151	901.5797747526212	1169.149266156157	1020.5460593109863	1092.875446231024	1045.5870693590773
g3633	3292.7966961124816	3181.2886337699633	2968.9305607238166	3816.127482481937	3801.2344468155766	3780.914071244024
g3634	212.37447045451208	223.7849798046685	353.2754059640682	250.1727694030822	207.07113718061507	218.71776904401284
g3635	696.6676554162032	589.2467813561775	710.5998137156902	542.0410003733448	502.8870474386366	528.6002011143355
g3636	1204.7785379989612	1399.0586147500499	1382.7341104496195	1304.4722976017858	1265.4347272148698	1246.3041724552202
g3637	335.4325748300238	455.6197790267711	420.08393545870575	289.88273280039687	373.0567312698383	356.33576354869706
g3638	206.4200460492454	154.55653281473508	279.38112334121155	176.70933711805014	216.93166752254913	209.03999165268485
g3639	742.3182425232478	1164.0038877609736	960.6256740971368	696.9098576228719	688.5937022117279	665.2504178798869
g364	861.4067306285817	1069.016018635251	903.9396490713837	792.2137697764271	762.5476797762333	783.3193020540884
g3640	2224.969919434655	2688.6396854229956	2252.257244326796	2118.526547246736	2249.844339684619	2123.691470753017
g3641	756.2118994688701	859.7207137819638	733.8815739941244	921.2711508176997	902.2385262869657	897.9041863674121
g3642	855.4523062233151	877.4303165003189	750.0775811443397	1231.0088653167538	1125.7438807041374	1225.9808399334313
g3643	581.5487835810471	908.0196302865685	676.1832985214829	756.4748027188439	670.5160632515154	676.0895285581743
g3644	170.69349961764524	309.11306562947016	233.8298532312314	170.75284260845294	164.3421723655675	166.84488222649475
g3645	238.17697621066776	434.6902485414424	421.0961859055942	297.8247254798598	264.5908975085637	265.5582116180404
g3646	263.9794819668234	267.25400465881273	275.3321215536577	234.28878404415636	262.947475784908	194.13621447003973
g3647	5553.493161978737	5269.411790652373	4727.20958696905	4737.3986332996365	5111.04156056915	4909.730026168522
g3648	3644.1077360232166	3646.568196097656	3140.0008862479644	3139.0726065577223	3511.9922234521778	3403.0936418865786
g3649	456.5058710704466	389.6112598038113	433.24319126825554	405.0416266526093	548.9028557009955	546.6008670622056
g365	267.94909823700124	478.15927339558664	347.20190328273753	277.96974378120245	253.08694544297398	242.7186569745063
g3650	958.6623292479378	949.8786912572259	1007.1891946540053	1006.6475721219261	1089.5886027837125	1057.200402228671
g3651	948.7382885724933	1052.9163798003826	860.4128798551804	1548.6885724952708	1472.5058643954849	1457.8603862296502
g3652	176.64792402291192	151.33660504776142	148.8008156926018	224.3612931948277	238.29614993007291	222.78243554837061
g3653	224.2833192650455	265.6440407753259	223.70734876234692	220.39029685509624	208.71455890427075	241.94443478320005
g3654	307.6452609387792	610.1763118415062	546.6152413197617	273.998747441471	285.9553799160875	307.1726544007508
g3655	514.0653069880246	373.5116209689431	418.05943456492884	488.43254978697007	609.7094594762555	579.3117546448942
g3656	815.7561435215371	1014.2772465966989	1513.3144180982292	1006.6475721219261	777.3384752891344	902.9366306109026
g3657	873.3155794391151	769.5627363067017	1679.3234913879346	734.6343228503208	877.5872004321305	716.5426380539253
g3658	236.19216807557888	408.9308264056532	669.0975453932639	252.15826757294795	233.36588475910588	257.2353230614983
g3659	694.6828472811143	777.6125557241359	936.331663371814	555.9394875624049	691.8805456590393	646.4755297407105
g366	458.49067920553546	463.66959844420523	412.9981823304866	472.5485644280442	458.51466089993335	459.5008705402535
g3660	1030.115422111138	792.1022306755173	751.0898315912281	895.4596746094451	921.9595869708338	888.0328534282575
g3661	684.7588066056699	536.1179732011122	520.296729700662	577.779967430928	678.7331718697939	618.6035308536859
g3662	1111.4925556497828	1172.0537071784076	1104.3652375552963	1131.7339568234672	1153.682050006284	1146.4295097767151
g3663	1298.0645203481392	862.9406415489375	983.907434375571	1026.5025538205834	1094.5188679546798	991.5850715154671
g3664	966.6015617882933	1131.804610091237	1016.2994486760014	887.5176819299821	871.0135135375078	857.451076871661
g3665	512.0804988529356	431.47032077446875	449.4391984184707	490.4180479568358	565.3370729375523	466.8559813576628
g3666	59.54424405266694	91.76794135874894	69.84528083530289	89.34741764395794	116.68294237955294	92.90666295674882
g3667	246.11620875102335	244.7145102899972	275.3321215536577	258.11476208254516	289.2422233633988	232.84732403535173
g3668	1103.5533231094273	1344.3198427114978	1100.3162357677425	1193.2844000893049	1099.4491331256468	1172.3659531854742
g3669	472.38433615115775	521.6282982497308	477.78221093134727	547.997494882942	476.59229986014583	490.08264709685
g367	1133.3254451357607	1275.0913957215644	1201.5412804565872	710.808344811932	795.4161142493468	842.5472996890159
g3670	297.7212202633347	191.585702134932	253.06261172211188	236.2742822140221	226.79219786448317	255.10621203540614
g3671	1863.7348388484752	1679.192330476757	1921.2513481942735	1820.7018217668763	1908.012621164239	1862.5850367349872
g3672	841.5586492776928	790.4922667920304	761.2123360601125	966.9376087246114	1013.9912034955515	992.1657381589467
g3673	686.7436147407587	611.786275724993	563.8234989168653	831.9237331737417	797.0595359730024	802.868412384571
g3674	1591.8161243412962	2104.2227957172786	1773.46278294856	1278.6608213935315	1341.032126503031	1278.047282298776
g3675	1254.3987413761836	1281.5312512555117	1224.8230407350216	1322.3417811305774	1403.4821520019466	1304.1772812553615
g3676	1055.9179278672937	1143.0743572756448	1029.4587044855512	1449.4136640019842	1403.4821520019466	1445.6663867165769
g3677	353.29584804582385	318.7728489303911	312.7853880885303	444.75159004992395	440.4370219397209	456.40398177502857
g3678	365.20469685635726	392.83118757078495	364.4101608798411	432.8386010307296	463.4449260709004	447.30687102718025
g3679	228.2529355352233	210.9052687367739	162.97232194904007	258.11476208254516	269.52116267953073	288.97843290505415
g368	440.62740598973534	550.6076481524937	515.2354774662198	488.43254978697007	455.22781745262205	593.6348651840597
g3680	73.43790099828922	61.1786275724993	55.67377457886462	31.76797071785171	37.79869964408053	46.06622038272129
g3681	5325.240226443513	5459.387528903819	5072.38698935801	6579.940934935035	6512.880290847441	6462.626186381013
g3682	992.404067544449	848.4509665975561	877.6211374522841	1131.7339568234672	1107.666241743925	1128.6223993766716
g3683	504.1412663125801	442.7400679588765	547.6274917666501	667.127385074886	795.4161142493468	719.4459712713236
g3684	1099.5837068392495	1532.685617079456	1800.7935450145483	1423.6021877937299	1461.0019123298953	1456.3119418470378
g3685	653.0018764442475	764.7328446562412	917.0989048809334	708.8228466420663	616.2831463708782	681.1219728016648
g3686	1720.8286531220747	2286.1487145512897	2214.8039777919234	3607.650174646035	2885.8485467393657	2989.852547276873
g3687	1218.6721949445835	2030.1644570768847	1936.4351048976002	1248.8783488455454	1224.349184123478	1227.9163954116968
g3688	271.918714507179	388.0012959203245	458.5494524404667	224.3612931948277	169.27243753653454	242.52510142667973
g3689	293.7516039931569	247.93443805697083	262.1728657441079	275.98424561133675	371.4133095461826	323.6248759660084
g369	639.1082194986252	389.6112598038113	462.59845422802056	589.6929564501224	647.508159120336	622.6681973580437
g3690	726.4397774425366	537.7279370845991	465.6352055686859	637.3449125269	629.4305201601236	620.5390863319515
g3691	1464.7884036956068	1708.17168037952	1506.22866497001	1433.5296786430586	1314.73737892454	1363.0181677946357
g3692	559.7158940950692	590.8567452396643	547.6274917666501	673.0838795844832	601.4923508579772	628.0877526971873
g3693	545.822237149447	552.2176120359806	469.68420735623965	696.9098576228719	568.6239163848636	580.279532384027
g3694	1296.0797122130505	1342.709878828011	1135.745001408838	1161.5164293714531	1170.1162672428406	1171.204619898515
g3695	3997.403584069041	5084.265944051389	4219.059862631049	4771.152102187354	4613.084778301481	4766.692476324694
g3696	754.2270913337812	687.4545782488736	664.0362931588216	762.431297228441	820.0674401041819	718.4781935321909
g3697	319.5541097493126	368.6817293184826	445.39019663091693	343.49118338677164	338.5448750730691	329.04443130515205
g3698	1955.0360130625645	1816.039260573137	1873.6755771905164	1556.6305651747339	1549.7466854073016	1602.8334915517437
g3699	577.5791673108694	569.9272147543355	482.8434631657895	464.6065717485813	553.8331208719625	485.8244250446657
g37	117.10367997024498	175.4860633000638	133.61705898927508	170.75284260845294	170.91585926019022	188.71665913089603
g370	4674.223158134355	5306.44095997257	4552.090259657349	5541.525392095258	5245.8021419089155	5400.974006552331
g3700	5509.827383006781	8793.62273160503	6833.702766943909	5835.379121235386	5842.3642275959255	5692.662217126957
g3701	1538.226304693896	1452.187422905115	1403.9913698342768	1707.5284260845294	1705.8717491545908	1686.2559326649912
g3702	1192.8696891884276	1086.725621353606	1246.080300119679	1217.1103781276936	1196.4110148213315	1144.8810653941027
g3703	12984.61481975157	14264.280007693258	29326.41382202866	17980.671426304067	17530.379526235087	19485.624110795452
g3704	1161.1127590270053	888.7000636847266	924.1846580091526	857.7352093819962	938.3938042073905	991.7786270632937
g3705	1784.3425134449194	1717.831463680441	1564.93919088954	2767.7844487928305	2534.156297877051	2564.030342058441
g3706	14278.709723829532	11728.58689120151	11623.671881620043	9433.101805032093	9554.853901334096	9751.522055049922
g3707	14278.709723829532	11728.58689120151	11623.671881620043	9433.101805032093	9554.853901334096	9751.522055049922
g3708	1202.7937298638722	2257.169364648527	2064.990911652433	704.8518503023348	777.3384752891344	814.6753008019912
g3709	716.5157367670922	861.3306776654507	728.8203217596822	879.5756892505193	774.051631841823	822.9981893585333
g371	1123.4014044603164	1220.3526236830123	1036.5444576137704	1304.4722976017858	1184.907062755742	1258.69172751612
g3710	569.6399347705137	643.9855533947294	546.6152413197617	732.648824680455	566.9804946612079	679.5735284190523
g3711	464.44510361080216	429.8603568909819	518.2722288068852	341.5056852169059	354.97909230962586	330.7864312355911
g3712	261.99467383173453	214.12519650374756	269.2586188723271	190.60782430711026	205.4277154569594	196.26532549613188
g3713	4172.066699956864	4739.733672985209	4232.219118440599	4352.211988345684	4162.7872260198255	4255.3187189669225
g3714	5688.460115164782	6639.49105549966	5465.140162750728	10753.458087992803	10294.393676979149	10555.358245173626
g3715	1909.3854259555198	1568.1048225161662	1479.9101533509104	1685.6879462160064	1612.1967109062173	1673.6748220562647
g3716	988.4344512742712	956.3185467911733	912.0376526464912	1191.2989019194392	1199.697858268643	1128.041732733192
g3717	1542.1959209640738	1738.7609941657695	1310.8643287205396	1987.4836680355977	1866.927078072847	1848.8425928393015
g3718	275.8883307773568	238.2746547560499	295.5771304914267	407.02712482247506	351.6922488623145	331.5606534268974
g3719	629.1841788231807	729.3136392195311	666.0607940525985	867.6627002313248	726.3924018558084	725.6397488017736
g372	956.6775211128488	779.2225196076226	704.5263110343595	968.9231068944772	984.4096124697494	979.3910720023938
g3720	206.4200460492454	362.2418737845353	407.93693009604436	303.781219989457	269.52116267953073	282.3975442789511
g3721	3288.827079842304	4639.915912209026	3945.7522419711686	6176.884806452292	4996.002039913253	5392.07045135231
g3722	841.5586492776928	753.4630974718335	696.428307459252	947.0826270259541	902.2385262869657	912.6144080022306
g3723	3951.752996961996	3923.481984057389	3398.1247502045185	5200.019706878352	5065.025752306791	5094.769129890713
g3724	962.6319455181156	980.4680050434756	765.2613378476664	1044.372037349375	1184.907062755742	1050.8130691503945
g3725	1403.2593515078509	1667.9225832923494	1923.2758490880503	1580.4565432131226	1387.0479347653898	1557.347937812502
g3726	1792.281745985275	1948.0562990190567	1840.2713124431978	2475.916217822568	1896.508669098649	2012.0099196570916
g3727	633.1537950933584	500.69876776440213	444.3779461840285	611.5334363186454	570.2673381085193	645.3141964537512
g3728	279.8579470475346	291.40346291111507	541.5539890853195	321.6507035182486	281.02511474512045	287.2364329746151
g3729	236.19216807557888	239.8846186395367	395.789924733383	206.49180966603612	220.21851096986046	241.55732368754693
g373	653.0018764442475	672.9649032974922	835.1066186829693	573.8089710911966	525.894951569816	600.7964204536423
g3730	15.878465080711184	32.199277669736475	50.61252234442238	35.738967057583174	24.65132585483513	36.77555408704641
g3731	1103.5533231094273	1051.306415916896	2150.526074414507	925.2421471574311	778.98189701279	818.5464117585224
g3732	714.5309286320033	603.7364563075589	806.7636061700928	625.4319235077056	578.4844467267976	628.0877526971873
g3733	571.6247429056026	410.54079028914003	644.8035346679411	371.2881577648919	396.0646354010177	367.94909641829065
g3734	1095.6140905690718	1333.05009552709	4005.4750183375872	903.401667288908	857.8661397482624	966.6164058458409
g3735	65.49866845793363	83.71812194131483	86.04128798551804	93.3184139836894	60.80660377525998	67.3573306436429
g3736	250.08582502120115	165.82627999914283	312.2792628650861	144.94136640019843	164.3421723655675	154.65088271342148
g3737	19.84808135088898	22.539494368815532	26.82463684254386	1.985498169865732	16.43421723655675	10.064888486981122
g3738	160.76945894220074	169.04620776611648	803.2207296059831	121.11538836180965	164.3421723655675	146.90866080035906
g3739	914.996550275982	819.4716166947933	702.5018101405826	794.1992679462928	757.6174146052663	798.029523688907
g374	1053.933119732205	798.5420862094645	850.290375386296	935.1696380067598	958.1148648912587	1025.4572923851151
g3740	136.95176132113397	177.0960271835506	437.7983182792536	135.01387555086978	80.52766445912809	112.26221773940482
g3741	527.9589639336468	458.83970679374477	547.1213665432059	452.6935827293869	384.560683335428	444.5970933576084
g3742	377.1135456668906	307.5031017459833	592.672636653186	285.9117364606654	382.9172616117723	282.3975442789511
g3743	726.4397774425366	756.6830252388071	2013.3661388611222	504.3165351458959	509.4607343332593	567.1177551318209
g3744	613.3057137424695	574.757106404796	1295.1744467937688	416.9546156718037	379.630418164461	362.14242998349386
g3745	226.26812740013438	255.98425747440496	218.6460965279047	349.4476778963688	308.96328404726694	298.46265474855556
g3746	1034.0850383813158	895.139919218674	1012.2504468884475	1147.617942182393	1107.666241743925	1119.1381775331702
g3747	150.84541826675624	201.24548543585297	258.12386395655415	226.34679136469344	154.48164202363347	204.20110295702085
g3748	805.8321028460927	869.3804970828847	886.73139147428	849.7932167025333	841.4319225117057	807.3201899845819
g3749	996.3736838146268	1188.153346013276	1107.4019888959617	1356.095250018295	1147.1083631116612	1271.6599492204994
g375	1361.578380670984	1307.2906733913007	1223.8107902881331	1465.29764936091	1469.2190209481737	1410.2457214643164
g3750	5227.9846278241575	5910.177416280129	4790.981365123022	7914.195705084808	7480.855686080633	7499.503256087895
g3751	1659.2996009343187	1968.9858295043853	2214.8039777919234	1711.499422424261	1766.678352929851	1802.389261360927
g3752	444.59702225991316	577.9770341717697	756.1510838256703	460.63557540884983	465.08834779455606	480.0177586098689
g3753	480.32356869151334	404.1009347551927	487.90471540023174	407.02712482247506	465.08834779455606	404.14398386185735
g3754	1615.633821962363	1434.4778201867598	1501.1674127355677	1844.527799805265	1791.329678784686	1656.4483782997008
g3755	277.8731389124457	331.65255999828565	505.11297299733536	337.5346888771744	292.52906681071016	319.7537650094772
g3756	377.1135456668906	257.5942213578918	272.2953702129924	375.25915410462335	256.3737888902853	327.10887582688645
g3757	383.0679700721573	354.1920543671012	349.2264041765144	474.53406259790995	353.33567058597015	488.53420271423755
g3758	1004.3129163549823	838.7911832966352	1049.70371342332	949.0681251958199	1043.5727945213537	980.9395163850063
g3759	77.40751726846702	162.6063522321692	88.06578887929494	75.44893045489782	105.17899031396321	78.9706635132365
g376	2199.167413678499	2896.3250263927957	2410.168314041394	1701.5719315749323	1866.927078072847	1725.5477088737828
g3760	472.38433615115775	458.83970679374477	530.4192341695465	434.8240992005953	450.297552281655	475.75953655768456
g3761	5398.678127441803	7489.551985980704	6014.792155411155	6548.172964217184	6491.515808439917	6388.494411563441
g3762	535.8981964740025	510.3585510653231	505.11297299733536	530.1280113541504	504.53046916229226	468.4044257402753
g3763	127.02772064568947	173.87609941657695	169.04582463037073	212.44830417563333	220.21851096986046	187.9424369395898
g3764	95.27079048426711	77.27826640736754	65.7962790477491	109.20239934261525	70.66713411719404	81.8739967306349
g3765	2598.1138488313677	3731.896281922457	3938.6664888429495	2710.205001866724	2611.3971188888677	2784.877222128546
g3766	1004.3129163549823	1231.6223708674202	1006.1769442071169	1008.6330702917918	1125.7438807041374	1056.6197355851912
g3767	1955.0360130625645	2160.5715316393175	1805.8547972489905	2148.309019794722	1932.663947019074	1938.8459225786519
g3768	2084.0485418433427	2316.738028337539	1915.177845512943	2301.1923788743834	2013.191611478202	2018.7843638310212
g3769	942.7838641672265	887.0900998012398	853.3271267269613	1199.240894598902	1181.6202193084305	1149.7199540897666
g377	15.878465080711184	61.1786275724993	46.56352055686859	9.92749084932866	18.077638960212425	24.387999026146566
g3770	766.1359401443146	701.9442532002552	683.2690516497021	917.3001544779681	1015.6346252192072	915.3241856718024
g3771	1127.3710207304941	1151.1241766930789	1047.6792125295433	1608.2535175912428	1396.908465107324	1552.509049116838
g3772	2052.2916116819206	1862.728213194255	1998.6885073812398	1199.240894598902	1122.4570372568262	1048.4904025764758
g3773	2572.311343075212	1870.778032611689	1962.7536165166998	2624.828580562498	2716.576109202831	2548.7394537801424
g3774	14663.76250203678	12890.980815078998	12461.309126420234	14200.282910879714	14136.713666886119	13689.796786676938
g3775	16051.14338846392	12919.96016498176	13130.912797036943	15089.786090979564	14932.129781135465	14339.562760730701
g3776	1002.3281082198935	788.8823029085436	1105.3774880021847	647.2724033762286	734.6095104740868	664.0890845929275
g3777	1196.8393054586056	796.9321223259777	844.2168727049652	798.1702642860242	816.7805966568706	754.2859698801045
g3778	1294.0949040779615	1155.9540683435393	1131.6959996212845	1088.052997086421	1040.2859510740425	1029.909069985126
g3779	1075.7660092181827	957.9285106746601	1116.5122429179576	1088.052997086421	1048.5030596923207	1079.2657346808987
g378	956.6775211128488	972.4181856260415	900.9028977307183	1286.6028140729943	1354.1795002922763	1326.2426137075895
g3780	17994.27055271595	20301.644570768847	19985.87282336551	17518.050352725353	16942.034549166354	17454.258636355706
g3781	331.46295855984596	310.72302951295694	457.5372019935783	373.2736559347576	440.4370219397209	392.14353989661066
g3782	468.41471988097993	523.2382621332177	505.11297299733536	663.1563887351545	450.297552281655	569.0533106100866
g3783	1153.1735264866497	1334.6600594105769	1340.2195916803046	1848.4987961449965	1707.5151708782464	1736.5803750998966
g3784	1214.7025786744057	1109.2651157224216	1257.215055035452	929.2131434971626	931.8201173127678	1034.74795868079
g3785	1101.5685149743383	875.8203526168321	948.4786687344754	1014.589564801389	1038.6425293503867	996.6175157589577
g3786	226.26812740013438	206.07537708631344	230.79310189056605	273.998747441471	262.947475784908	255.49332313105924
g3787	484.2931849616911	521.6282982497308	425.145187693148	593.6639527898539	552.1896991483069	577.3761991666286
g3788	603.381673067025	495.86887611394167	408.9491805429328	544.0264985432106	586.701555345076	510.0188685229857
g3789	208.40485418433428	159.38642446519555	171.07032552414765	244.21627489348504	264.5908975085637	240.97665704406725
g379	113.13406370006719	80.49819417434118	144.751813905048	142.9558682303327	128.18689444514266	130.45643923510147
g3790	103.2100230246227	120.74729126151178	98.18829334817941	176.70933711805014	220.21851096986046	176.3291040699962
g3791	589.4880161214027	510.3585510653231	558.7622466824231	694.9243594530062	568.6239163848636	625.571530575442
g3792	712.5461204969143	491.0389844634812	605.3257672392916	728.6778283407236	535.75548191175	532.6648676186933
g3793	392.9920107476018	388.0012959203245	463.610704674909	311.7232126689199	269.52116267953073	327.6895424703662
g3794	984.4648350040934	803.371977859925	847.2536240456307	1044.372037349375	1148.751784835317	1079.4592902287254
g3795	1502.4997582622957	1416.7682174684048	1397.9178671529462	1822.687319936742	1699.2980622599682	1680.2557106823676
g3796	406.8856676932241	370.29169320196945	354.28765641095663	412.98361933207224	496.3133605440139	412.2733168705729
g3797	643.077835768803	587.6368174726906	451.4636993122476	504.3165351458959	497.95678226766955	548.7299780882977
g3798	385.0527782072462	283.353643493681	297.6016313852036	345.47668155663735	391.1343702300507	386.1433179139873
g3799	232.22255180540108	225.3949436881553	249.0136099345581	299.8102236497255	225.1487761408275	256.6546564180186
g38	267.94909823700124	196.41559378539247	229.7808514436776	240.24527855375356	167.62901581287886	220.84688007010502
g380	3310.659969328282	2129.9822178530676	2256.3062461143495	2442.1627489348502	2764.2353391888455	2638.1621168760134
g3800	533.9133883389136	523.2382621332177	768.2980891883317	679.0403740940803	563.6936512138966	615.7001976362875
g3801	3090.3462663334144	4282.503930074951	3571.219576622443	2950.4502804204776	4151.2832739542355	3189.988983729536
g3802	1190.8848810533389	1566.4948586326793	1710.7032552414764	1004.6620739520604	1232.5662927417563	1125.9126217070998
g3803	639.1082194986252	793.712194559004	687.3180534372559	629.402919847437	703.384497724629	672.0248620538165
g3804	730.4093937127145	740.5833864039389	759.1878351663357	659.185392395423	683.6634370407609	664.6697512364071
g3805	1591.8161243412962	1553.6151475647848	1374.6361068745118	1699.5864334050666	1654.925675721265	1645.0286009779338
g3806	5628.9158711121145	5261.36197123494	4725.185086075273	4070.2712482247507	4294.260963912279	4101.635613992634
g3807	5702.353772110404	5306.44095997257	4789.969114676134	4119.908702471394	4348.493880792917	4163.573389297133
g3808	2131.6839370854764	1595.4742085354421	1750.181022670126	2009.3241479041208	1970.4626466631546	1916.9741456742506
g3809	448.566638530091	309.11306562947016	393.7654238396061	381.2156486142205	404.28174401929607	382.2722069574561
g381	1180.9608403778943	1300.8508178573536	1149.9165076652764	1177.400414730379	1132.3175675987602	1135.7839546462544
g3810	809.8017191162704	647.2054811617031	671.1220462870407	702.8663521324692	757.6174146052663	712.284416001741
g3811	575.5943591757805	468.4994900946657	480.8189622720126	484.4615534472386	535.75548191175	490.6633137403297
g3812	797.892870305737	652.0353728121636	624.5585257301722	683.0113704338117	838.1450790643944	790.0937462280181
g3813	1085.6900498936272	985.2978966939361	911.0254021996028	1062.2415208781665	1158.612315177251	1068.2330684547849
g3814	510.0956907178468	505.5286594148626	414.01043277737506	480.49055710750713	437.1501784924096	436.27420480106633
g3815	2109.8510475994985	2218.530231444843	1992.1088794764648	2523.5681738993453	2307.364100012568	2352.474128284011
g3816	297.7212202633347	318.7728489303911	379.59391758316787	303.781219989457	363.1962009279042	339.1093197921332
g3817	51.60501151231135	32.199277669736475	44.03289443964747	23.825978038388783	49.30265170967026	35.22710970443393
g3818	1712.889420581719	962.7584023251205	1120.5612447055114	1516.9206017774193	1500.4440336976315	1485.5388295688483
g3819	363.2198887212683	297.8433184450624	267.23411797855016	301.7957218195913	267.877740955875	227.6213242440346
g382	238.17697621066776	262.42411300835226	255.0871126158888	240.24527855375356	215.28824579889346	224.3308799309831
g3820	394.97681888269074	449.1799234928238	584.0685078546343	575.7944692610623	535.75548191175	459.1137594446004
g3821	4221.686903334086	4029.7396003675194	3764.5594119781367	4935.94845028621	5296.748215342241	4808.500474655231
g3822	4761.554716078266	5193.7434881284935	4642.180549430421	5972.378494956121	5988.6287610012805	5709.695105335694
g3823	3314.62958559846	3208.6580197892395	3302.9732081970046	2948.4647822506117	3286.8434473113502	3099.0178762510527
g3824	178.63273215800083	149.7266411642746	209.53584250590865	164.79634809885576	197.21060683868103	191.23288125264133
g3825	482.3083768266022	568.3172508708487	653.9137886899372	603.5914436391826	775.6950535654787	677.4444173929602
g3826	462.4602954757132	346.1422349496671	347.20190328273753	424.89660835126665	494.66993882035825	443.2422045228225
g3827	428.718557179202	288.18353514414144	298.61388183209203	303.781219989457	433.86333504509827	333.3026533573364
g3828	162.75426707728963	157.7764605817087	181.19282999303212	146.92686457006417	147.90795512901076	146.7151052525325
g3829	140.92137759131177	170.6561716496033	149.81306613949025	148.9123627399299	141.33426823438808	154.84443826124803
g383	329.4781504247571	383.171404269864	442.3534452902516	371.2881577648919	343.4751402440361	378.788207096578
g3830	1522.3478396131848	1922.2968768832675	1707.666503900811	911.343659968371	1168.472845519185	1038.0384029938416
g3831	1681.1324904202966	1663.092691641889	1590.2454520617512	1898.1362503916398	2055.9205762932497	1954.1368108569502
g3832	136.95176132113397	140.06685786335365	235.85435412500829	162.81084992899002	134.76058133976537	144.00532758296066
g3833	281.84275518262353	423.4205013570346	472.72095869690503	313.70871083878563	322.11065783651236	310.6566542616289
g3834	2095.9573906538762	2002.7950710576085	1867.6020745091857	2138.3815289453933	2330.3720041437473	2173.241690996616
g3835	2302.377436703122	1986.6954322227405	1859.5040709340783	2116.5410490768704	2325.4417389727805	2179.435468527066
g3836	250.08582502120115	198.02555766887932	209.53584250590865	176.70933711805014	243.22641510103992	197.03954768743813
g3837	438.64259785464645	466.88952621117886	492.965967634674	430.8531028608638	463.4449260709004	475.37242546203146
g3838	4336.805775169242	3609.5390267774587	3364.7204854571996	3492.4912807938226	3843.9634116306243	3640.0056324262882
g3839	3187.60186495277	2524.4233693073393	2585.2876413530953	3685.0846032707987	3840.676568183313	3805.495625817997
g384	31.756930161422368	35.41920543671012	20.24500893776895	7.941992679462928	26.294747578490803	27.484887791371527
g3840	561.7007022301582	400.8810069882191	466.64745601557433	399.0851321430121	422.3593829795085	452.3393152706708
g3841	387.0375863423351	681.0147227149264	544.5907404259848	260.10026025241086	254.73036716662966	246.00910128755783
g3842	1984.808135088898	2311.9081366870787	2063.9786612055445	2259.496917307203	2037.8429373330373	2096.4001385094716
g3843	389.02239447742403	294.62339067808875	323.9201430043032	389.15764129368347	386.20410505908364	411.11198358361355
g3844	1147.219102081383	906.4096664030817	923.1724075622642	1048.3430336891065	1132.3175675987602	1107.33128911575
g3845	198.4808135088898	151.33660504776142	208.5235920590202	313.70871083878563	284.3119581924318	277.36510003546056
g3846	803.8472947110037	1170.4437432949208	1292.6438206765476	962.96661238488	935.1069607600791	994.1012936372124
g3847	2129.6991289503876	2017.28474600899	1978.949623666915	1808.788832747682	1931.0205252954183	1928.5874785438443
g3848	778.0447889548481	872.6004248498584	942.4051660531447	857.7352093819962	882.5174656030975	885.3230757586856
g3849	772.0903645495813	520.0183343662441	474.7454595906819	516.2295241650903	519.3212646751933	495.6957579838203
g385	506.126074447669	462.0596345607184	502.07622165667	446.7370882197897	437.1501784924096	477.30798094029706
g3850	381.08316193706844	360.6319099010485	1403.4852446108325	210.4628060057676	249.80010199566263	181.36154831348676
g3851	470.3995280160688	368.6817293184826	1137.2633770791708	335.5491907073087	322.11065783651236	340.27065307909254
g3852	73.43790099828922	67.61848310644659	95.6576672309583	59.56494509597196	67.38029066988268	72.1962193393069
g3853	1359.5935725358952	1065.7960908682774	3331.8223459333253	933.184139836894	824.997705275149	871.9677429586529
g3854	113.13406370006719	93.37790524223577	98.18829334817941	79.41992679462928	60.80660377525998	78.77710796540994
g3855	1423.10743285874	1468.287061739983	1779.536285629891	1620.1665066104372	1600.6927588406277	1601.865713812611
g3856	244.13140061593447	220.56505203769484	289.503627810096	327.60719802784575	294.17248853436587	285.30087749634953
g3857	789.9536377653815	759.9029530057808	753.114332485005	706.8373484722006	834.858235617083	707.6390828539035
g3858	1212.7177705393167	1077.065838052685	1185.345273306372	1336.2402683196376	1319.667644095507	1339.9850576032752
g3859	14332.299543476933	13114.765794883666	12868.739931292834	12417.305554340288	12476.857725993887	12544.72216573501
g386	575.5943591757805	474.93934562861295	567.872500704419	683.0113704338117	565.3370729375523	582.4086434101191
g3860	1843.8867574975864	1746.8108135832038	1507.2409154168984	1818.7163235970104	1809.4073177448984	1737.5481528390294
g3861	3854.49739834264	3570.899893573775	3276.654696577905	2811.4654085298766	3124.1446966694384	3063.210099903139
g3862	154.81503453693404	189.9757382514452	179.16832909925523	152.88335907966135	200.49745028599236	160.8446602438714
g3863	1351.6543399955397	1523.0258337785351	1407.028121174942	984.8070922534031	1101.0925548493024	1073.4590682461019
g3864	15.878465080711184	40.24909708717059	50.61252234442238	23.825978038388783	11.503952065589726	17.032888208737283
g3865	456.5058710704466	478.15927339558664	479.8067118251241	492.40354612670154	516.034421227882	524.3419790621512
g3866	1085.6900498936272	914.4594858205159	829.0331160016385	1072.1690117274952	1018.9214686665186	1077.9108458461128
g3867	381.08316193706844	344.5322710661803	567.872500704419	343.49118338677164	322.11065783651236	307.94687659205704
g3868	414.8249002335797	268.8639685422996	355.2999068578451	375.25915410462335	312.2501274945783	327.6895424703662
g3869	817.740951656626	713.2140003846629	645.8157851148295	659.185392395423	655.7252677386144	703.5744163495458
g387	700.637271686381	526.4581899001913	556.7377457886462	639.3304106967657	659.0121111859257	657.8953070624776
g3870	1307.9885610235838	1373.2991926142606	2377.776299740963	1324.3272793004433	1257.2176185965916	1490.7648293601655
g3871	2792.6250460700794	2790.0674100826654	2167.228206788166	3303.868954656578	3488.9843193209986	3497.7423047737666
g3872	492.2324175020467	613.3962396084798	517.2599783599967	547.997494882942	543.9725905300285	552.4075334970023
g3873	5331.19465084878	4581.9572124035	6999.205715010171	5898.91506267109	6391.267083296921	6090.999534554018
g3874	1117.4469800550496	1225.1825153334728	1405.0036202811652	1205.1973891084992	1290.086053069705	1409.8586103686634
g3875	1304.018944753406	1342.709878828011	2364.6170439314137	1260.7913378647397	1276.9386792804596	1469.860830194897
g3876	643.077835768803	748.633205821373	892.8048941556108	849.7932167025333	857.8661397482624	860.7415211847125
g3877	359.25027245109055	624.6659867928876	458.0433272170225	569.837974751465	519.3212646751933	531.5035343317338
g3878	766.1359401443146	1001.3975355288043	835.1066186829693	994.7345831027317	986.0530341934051	873.1290762456124
g3879	647.0474520389807	520.0183343662441	660.9995418181562	522.1860186746875	655.7252677386144	638.5397522798215
g388	2661.6277091542124	2501.883874938524	2529.6138667742307	2007.338649734255	2264.6351351975204	2148.4665808748164
g3880	254.05544129137894	333.2625238817725	469.68420735623965	277.96974378120245	230.07904131179453	252.58998991366084
g3881	911.0269340058042	600.5165285405852	818.910611532754	675.0693777543488	639.2910505020576	654.604862749426
g3882	1490.5909094517624	1434.4778201867598	1303.7785755923205	1375.9502317169522	1391.978199936357	1381.9866114816386
g3883	3604.411573321439	4519.168620947514	4052.0385388944555	5438.27948726224	5451.2298573658745	5491.945114030815
g3884	299.7060283984236	362.2418737845353	391.7409229458292	323.6362016881143	364.83962265155986	361.5617633400142
g3885	1462.8035955605178	1265.4316124206434	1175.2227688374876	1413.6746969444011	1461.0019123298953	1492.1197181949512
g3886	1103.5533231094273	1001.3975355288043	968.7236776722443	1183.3569092399762	1163.542580348218	1067.4588462634786
g3887	224.2833192650455	350.9721266001276	1087.6631051816369	295.83922730999404	305.6764405999556	261.29998956585604
g3888	21.83288948597788	19.319566601841885	18.220508043992055	11.912989019194391	34.51185619676918	16.452221565257602
g3889	47.635395242133555	49.90888038809153	80.9800357510758	27.796974378120247	26.294747578490803	24.775110121799685
g389	1169.051991567361	1057.746271450843	1132.708250068173	982.8215940835373	954.8280214439473	1001.0692933589685
g3890	704.6068879565588	845.2310388305824	1213.6882858192487	553.9539893925393	644.2213156730247	635.0557524189435
g3891	613.3057137424695	806.5919056268987	920.1356562215989	1056.2850263685693	984.4096124697494	932.3570738805397
g3892	1186.915264783161	1381.3490120316947	1166.1125148154915	1534.7900853062108	1477.4361295664519	1496.7650513427889
g3893	218.32889485977879	194.80562990190566	295.5771304914267	238.25978038388783	266.2343192322194	264.39687833108104
g3894	95.27079048426711	70.83841087342024	99.20054379506786	85.37642130422647	80.52766445912809	96.00355172197378
g3895	605.3664812021138	373.5116209689431	469.68420735623965	718.7503374913949	834.858235617083	753.7053032366248
g3896	525.974155798558	484.59912892953395	539.5294881915426	684.9968686036775	650.7950025676473	671.4441954103368
g3897	1325.8518342393838	1531.0756531959694	1255.190554141675	1369.993737207355	1569.4677460911698	1656.2548227518744
g3898	1307.9885610235838	1318.5604205757086	1236.9700460976828	2082.787580189153	2345.1627996566485	2252.0187989620263
g3899	732.3942018478034	536.1179732011122	484.86796405956636	724.7068320009921	770.7647883945117	678.7993062277461
g39	639.1082194986252	482.9891650460471	535.4804864039887	412.98361933207224	445.367287110688	440.3388713054241
g390	1353.6391481306284	1233.2323347509068	1190.4065255408143	1691.6444407256035	1636.8480367610525	1630.3183793431153
g3900	1389.3656945622286	1122.144826790316	1025.4097026979973	1068.1980153877637	1168.472845519185	1120.6866219157826
g3901	4021.2212816901074	4329.192882696068	3838.453694600993	2966.3342657794037	3265.4789649038266	3061.2745444248735
g3902	833.6194167373371	621.4460590259139	598.2400141110725	684.9968686036775	622.8568332655009	731.2528596887438
g3903	367.18950499144614	437.91017630841606	497.01496942222775	283.9262382907997	282.66853646877615	296.52709927028997
g3904	2353.982448215433	2144.471892804449	1986.0353767951342	1971.5996826766718	2098.6495411082974	2063.3021398311303
g3905	265.96429010191235	198.02555766887932	237.87885501878517	238.25978038388783	236.65272820641724	245.6219901919047
g3906	617.2753300126473	582.8069258222301	647.8402860086064	635.3594143570342	619.5699898181896	562.6659775318101
g3907	1389.3656945622286	1072.2359464022245	978.8461821411288	1012.6040666315233	1074.7978072708115	1072.2977349591426
g3908	1585.8616999360295	1646.9930528070206	1536.5961783766634	1745.2528913119784	1797.9033656793085	1718.9668202476798
g3909	47.635395242133555	61.1786275724993	38.465516981761006	31.76797071785171	19.721060683868103	33.872220869648004
g391	394.97681888269074	288.18353514414144	322.90789255741475	224.3612931948277	272.8080061268421	236.3313238962298
g3910	77.40751726846702	53.12880815506518	163.9845723959285	43.6809597370461	50.94607343332593	53.421331200130574
g3911	65.49866845793363	64.39855533947295	63.7717781539722	51.62295241650903	49.30265170967026	47.61466476533377
g3912	250.08582502120115	273.69386019276004	792.0859746902103	174.7238389481844	223.50535441717182	178.8453261917415
g3913	379.0983538019795	454.00981514328424	509.66810000833334	339.52018704704017	389.490948506395	331.5606534268974
g3914	516.0501151231135	540.9478648515727	488.9169658471202	401.0706303128779	396.0646354010177	439.3710935662913
g3915	180.61754029308972	96.59783300920942	106.286296923287	81.40542496449501	78.88424273547241	118.45599526985474
g3916	563.6855103652471	631.1058423268348	556.7377457886462	627.4174216775713	636.0042070547463	637.5719745406888
g3917	581.5487835810471	648.8154450451899	582.0440069608574	714.7793411516635	751.0437277106436	693.1224167669116
g3918	805.8321028460927	497.4788399974285	488.9169658471202	663.1563887351545	609.7094594762555	702.0259719669333
g3919	113.13406370006719	128.7971106789459	110.33529871084079	51.62295241650903	73.95397756450538	87.6806631654317
g392	1968.9296700081868	1399.0586147500499	1492.0571587135717	1822.687319936742	1723.9493881148032	1871.6821474828355
g3920	426.7337490441131	444.3500318423633	532.4437350633234	528.1425131842847	466.73176951821176	463.75909259243787
g3921	1268.2923983218059	1268.651540187617	1398.9301175998346	1356.095250018295	1390.3347782127012	1398.0517219512433
g3922	297.7212202633347	376.73154873591676	568.8847511513076	275.98424561133675	317.1803926655453	263.8162116876013
g3923	1744.6463507431413	2046.264095911753	1828.1243070805363	1856.4407888244593	2129.874553857755	1962.4596994134922
g3924	926.9053990865153	800.1520500929514	772.3470909758855	645.2869052063629	841.4319225117057	788.1581907497525
g3925	744.3030506583368	605.3464201910457	646.828035561718	597.6349491295853	644.2213156730247	644.7335298102715
g3926	881.2548119794707	804.9819417434119	892.8048941556108	827.9527368340102	821.7108618278376	836.9341888020456
g3927	922.9357828163376	985.2978966939361	868.510883430288	1076.1400080672267	1198.0544365449873	1123.202844037528
g3928	438.64259785464645	363.85183766802214	300.63838272586895	371.2881577648919	425.64622642681985	372.7879851139546
g3929	2457.192471240056	2648.3905883358248	2523.5403640929	2690.3500201680667	2606.466853717901	2687.7123371196126
g393	3070.4981849825253	3830.1040788151536	3242.238181383698	3293.9414638072494	3166.873661484486	3200.4409833121704
g3930	996.3736838146268	1059.35623533433	938.3561642655909	726.6923301708579	834.858235617083	926.937518541396
g3931	2016.5650652503205	2088.12315688241	1946.5576093664847	2080.802082019287	2208.7587965932275	2117.6912487703935
g3932	690.7132310109365	1136.6345017416975	886.73139147428	357.38967057583176	394.42121367736206	366.01354094002505
g3933	3995.4187759339516	5242.042404633098	4388.10568726142	3883.634420257372	4713.333503444476	4293.642717436582
g3934	464.44510361080216	386.3913320368377	362.38565998606424	621.4609271679741	588.3449770687317	571.9566438274849
g3935	547.8070452845359	903.189738636108	1136.7572518557267	744.5618136996495	716.5318715138744	641.0559744015668
g3936	785.9840214952036	1078.6758019361719	1108.4142393428501	1097.9804879357498	1027.138577284797	972.0359611849846
g3937	1639.4515195834297	1382.9589759151816	1280.4968153138861	1779.0063601996958	1605.6230240115947	1657.2226004910071
g3938	2258.711657731166	2529.2532609577997	2398.021308678732	2743.9584707544414	2790.5300867673363	2823.0076650503784
g3939	1109.507747514694	985.2978966939361	941.3929156062562	1092.0239934261526	1138.8912544933828	1024.6830701938088
g394	2201.152221813588	1561.6649669822189	1485.983656032241	2041.0921186219725	1891.578403927682	1928.7810340916708
g3940	690.7132310109365	711.6040365011761	614.4360212612877	659.185392395423	596.56208568701	634.6686413232903
g3941	238.17697621066776	120.74729126151178	130.58030764860973	119.12989019194391	152.8382202999778	131.42421697423427
g3942	236.19216807557888	167.43624388262967	190.30308401502813	198.5498169865732	231.7224630354502	218.91132459183942
g3943	222.29851112995658	230.22483533861578	347.20190328273753	277.96974378120245	318.823814389201	284.9137664006964
g3944	39.69616270177796	40.24909708717059	49.60027189753393	27.796974378120247	37.79869964408053	35.80777634791361
g3945	2449.2532386997	2258.7793285320136	2078.150167461983	2372.6703129895495	2381.3180775770734	2331.7636846665687
g3946	1057.9027360023827	961.1484384416337	1079.058976383085	1044.372037349375	935.1069607600791	1055.458402298232
g3947	154.81503453693404	181.92591883401107	154.87431837393248	268.0422529318738	221.86193269351614	221.81465780923781
g3948	337.41738296511267	312.3329933964438	352.26315551717977	317.6797071785171	335.2580316257577	322.0764315833959
g3949	1518.378223343007	1603.5240279528764	1412.0893734093843	2426.2787635759246	2450.341789970612	2469.1881236234262
g395	162.75426707728963	199.63552155236613	370.4836635611718	164.79634809885576	174.20270270750157	186.974659200457
g3950	379.0983538019795	396.05111533775863	446.4024470778054	403.0561284827436	414.14227436123014	390.4015399661716
g3951	1109.507747514694	867.770533199398	839.155620470523	1209.1683854482308	1237.4965579127233	1205.8510629594691
g3952	1030.115422111138	908.0196302865685	1015.287198229113	949.0681251958199	1132.3175675987602	1062.0392909243349
g3953	31.756930161422368	45.078988737631065	30.367513406653426	27.796974378120247	11.503952065589726	24.581554573973126
g3954	954.6927129777599	685.8446143653869	776.3960927634392	909.3581617985052	954.8280214439473	879.5164093238889
g3955	412.8400920984908	360.6319099010485	381.6184184769447	281.9407401209339	363.1962009279042	316.07620960077253
g3956	1067.8267766778272	785.6623751415699	797.6533521480967	758.4603008887096	918.6727435235224	862.0964100194984
g3957	2399.6330353224776	2732.10871027714	2821.1419954781036	2287.293891685323	2938.4380418963474	2484.479011901725
g3958	1129.355828865583	927.3391968884105	1016.2994486760014	998.7055794424632	987.6964559170608	940.6799624370818
g3959	1014.2369570304269	1030.3768854315672	866.4863825365111	974.8796014040744	969.6188169568484	1041.1352917590664
g396	91.30117421408931	91.76794135874894	93.12704111373718	65.52143960556916	93.67503824837348	79.55133015671618
g3960	494.2172256371356	384.78136815335085	341.12840060140684	407.02712482247506	417.4291178085415	448.0810932184865
g3961	35.72654643160016	24.149458252302356	38.465516981761006	19.85498169865732	11.503952065589726	25.162221217452807
g3962	252.07063315629006	238.2746547560499	196.37658669635883	170.75284260845294	197.21060683868103	191.61999234829443
g3963	214.359278589601	235.05472698907624	186.76020745091859	192.593322476976	190.63691994405832	164.7157712004026
g3965	404.9008595581352	388.0012959203245	1453.0855165083665	361.36066691556323	287.59880163974316	346.657986157369
g3966	25.802505756155675	14.489674951381414	18.220508043992055	15.883985358925855	23.00790413117945	12.193999513073283
g397	1173.0216078375388	1144.6843211591315	1142.8307545370574	923.2566489875653	1133.9609893224158	1088.7499565244002
g3973	260.00986569664565	181.92591883401107	201.9439641542453	220.39029685509624	213.64482407523778	212.91110260921604
g3974	144.89099386148956	122.3572551449986	493.97821808156243	218.4047986852305	146.26453340535508	126.19821718291715
g3978	45.65058710704466	48.29891650460471	251.54423605177922	51.62295241650903	39.442121367736206	44.51777600010881
g398	339.40219110020155	373.5116209689431	382.6306689238332	385.186644953952	299.1027537053329	341.0448752703988
g3980	23.817697621066777	8.049819417434119	26.82463684254386	11.912989019194391	8.217108618278376	6.000221982623361
g3981	17.86327321580008	8.049819417434119	26.82463684254386	11.912989019194391	3.2868434473113504	6.387333078276481
g3984	35.72654643160016	37.02916932019694	325.4385186746359	49.6374542466433	31.22501274945783	35.420665252260484
g3988	85.34674980882262	78.88823029085435	560.2806223527557	83.39092313436075	55.876338604292954	67.3573306436429
g399	436.65778971955757	452.39985125979746	476.7699604844588	609.5479381487797	583.4147118977647	552.2139779491758
g3991	27.787313891244573	27.369386019276003	15.183756703326713	21.84047986852305	24.65132585483513	19.161999234829445
g3992	263.9794819668234	320.38281281387793	962.1440497674694	270.02775110173957	212.0014023515821	242.33154587885318
g3994	9.92404067544449	19.319566601841885	63.26565293052797	9.92749084932866	14.790795512901077	10.645555130460803
g3997	17.86327321580008	12.87971106789459	45.045144886535915	15.883985358925855	11.503952065589726	10.645555130460803
g4	260.00986569664565	181.92591883401107	204.4745902714664	166.7818462687215	193.92376339136968	174.19999304390404
g40	1462.8035955605178	1262.2116846536696	1203.5657813503642	1552.6595688350023	1549.7466854073016	1551.5412713777052
g400	132.98214505095618	127.18714679545907	125.5190554141675	152.88335907966135	115.03952065589726	118.45599526985474
g4001	41.680970836866855	74.05833864039388	151.3314418098229	23.825978038388783	42.728964815047554	40.065998400097925
g401	15.878465080711184	22.539494368815532	19.232758490880503	3.970996339731464	6.573686894622701	15.677999373951364
g4019	47.635395242133555	69.22844698993342	257.6177387331099	55.59394875624049	60.80660377525998	58.066664347968015
g402	216.34408672468987	156.1664966982219	225.22572443267958	208.47730783590185	174.20270270750157	172.65154866129154
g4027	13.893656945622286	8.049819417434119	13.665381032994043	13.898487189060123	6.573686894622701	3.8711109565312007
g403	35.72654643160016	11.269747184407766	99.20054379506786	19.85498169865732	9.860530341934052	13.548888347859203
g4033	27.787313891244573	16.099638834868237	135.64155988305197	9.92749084932866	23.00790413117945	16.258666017431043
g4034	79.39232540355592	32.199277669736475	38.465516981761006	77.43442862476354	60.80660377525998	65.61533071320386
g404	39.69616270177796	19.319566601841885	95.15154200751407	15.883985358925855	13.147373789245401	13.355332800032643
g4040	15.878465080711184	6.439855533947295	8.098003575107581	11.912989019194391	3.2868434473113504	12.968221704379523
g405	109.16444742988939	156.1664966982219	122.98842929694638	103.24590483301806	98.60530341934052	78.19644132193025
g4052	53.58981964740025	25.75942213578918	29.35526295976498	51.62295241650903	31.22501274945783	30.194665460943366
g4064	11.908848810533389	6.439855533947295	20.24500893776895	27.796974378120247	9.860530341934052	9.484221843501443
g4067	31.756930161422368	28.979349902762827	42.5145187693148	23.825978038388783	18.077638960212425	41.42088723488385
g4068	4176.036316227041	3586.999532408643	3575.7747036334413	3113.2611303494677	3040.330188762999	3172.7625399729723
g4069	79.39232540355592	96.59783300920942	56.17989980230884	63.53594143570342	72.3105558408497	60.38933092188673
g408	202.4504297790676	107.86758019361719	114.38430049839458	115.15889385221246	126.54347272148699	106.84266240026115
g409	105.1948311597116	41.85906097065742	73.38815739941245	43.6809597370461	54.23291688063728	41.42088723488385
g41	6668.955333898697	6106.593010065522	5720.2272753666175	6824.1572098285205	7132.45028066563	6732.055508955585
g410	184.5871565632675	152.94656893124824	155.3804435973767	129.05738104127258	106.82241203761889	129.10155040031555
g411	29.77212202633347	22.539494368815532	76.93103396352201	7.941992679462928	8.217108618278376	18.194221495696645
g412	438.64259785464645	539.3379009680859	505.11297299733536	780.3007807572327	617.9265680945339	664.8633067842337
g413	375.12873753180173	429.8603568909819	436.2799426089209	285.9117364606654	297.4593319816772	344.91598622693
g414	47.635395242133555	103.03768854315672	146.7763147988249	25.811476208254515	19.721060683868103	41.03377613923073
g415	541.8526208792691	1051.306415916896	881.6701392398378	512.2585278253589	366.48304437521557	504.01864654036234
g416	7055.992920241032	8292.923963840629	7089.802130006687	4332.357006647027	4470.107088343437	4529.393374689332
g417	4430.09175751842	4966.738580556851	4061.148792916452	2918.682309702626	3104.4236359855704	2999.917435763854
g418	956.6775211128488	858.110749898477	757.1633342725588	800.15576245589	795.4161142493468	842.7408552368424
g419	853.4674980882262	800.1520500929514	725.7835704190169	810.0832533052186	808.5634880385921	762.8024139844731
g42	6651.092060682898	6092.1033351141405	5698.9700159819595	6776.505253751743	7106.15553308714	6702.247954590294
g420	2125.7295126802096	3137.819608915819	3333.340721603658	2225.7434484194855	2126.587710410444	2165.6930246313805
g421	647.0474520389807	690.6745060158473	719.7100677376862	609.5479381487797	686.9502804880722	640.4753077580872
g422	2479.025360726034	2509.933694355958	2486.0870975580274	2489.8147050116277	2545.660249942641	2515.060788458321
g423	454.52106293535763	433.0802846579556	354.28765641095663	375.25915410462335	353.33567058597015	393.8855398270497
g424	1176.9912241077166	1342.709878828011	1247.0925505665675	1181.3714110701105	1398.5518868309796	1189.3988413942116
g425	144.89099386148956	141.6768217468405	282.41787468187687	158.83985358925855	154.48164202363347	152.32821613950276
g426	1951.0663967923867	2612.971382899115	1981.9863750075804	3774.4320209147563	3922.847654366097	3886.5954003573256
g427	1063.8571604076494	1154.3441044600524	964.6746758846905	1030.473550160315	956.471443167603	969.1326279675861
g428	825.6801841969816	1101.2152963049873	1134.7327509619497	1042.3865391795093	935.1069607600791	953.8417396892879
g429	2989.1210514438803	3490.4016993994337	2763.4437200054617	5557.409377454183	5520.253569759413	5709.5015497878685
g43	339.40219110020155	363.85183766802214	324.9323934511917	343.49118338677164	425.64622642681985	365.8199853921985
g430	10549.255237997493	10315.038601500079	9166.94004702178	6965.127579888987	5622.145716626065	6331.782636050259
g431	853.4674980882262	1194.593201547223	969.7359281191327	623.4464253378399	558.7633860429296	659.44375144509
g432	2099.9270069240542	2162.181495522804	2045.7581531615526	2317.076364233309	2282.712774157733	2271.374353744682
g433	1583.8768918009407	1258.991756886696	1176.235019284376	1288.58831224286	1359.1097654632433	1329.3395024728143
g434	1000.3433000848046	806.5919056268987	784.4940963385469	1036.4300446699121	1106.0228200202694	1209.1415072725206
g435	1569.9832348553184	1386.1789036821551	1291.631570229659	1649.9489791584233	1623.700662971807	1614.0597133256842
g436	750.2574750636035	508.7485871818363	439.31669394958624	641.3159088666314	703.384497724629	714.6070825756597
g437	387.0375863423351	347.7521988331539	433.24319126825554	508.28753148562737	458.51466089993335	486.4050916881454
g438	222.29851112995658	299.4532823285492	352.26315551717977	333.563692537443	300.7461754289886	293.6237660528916
g439	119.08848810533388	247.93443805697083	208.5235920590202	198.5498169865732	210.35798062792642	214.0724358961754
g44	313.5996853440459	315.5529211634174	329.9936456856339	331.5781943675772	386.20410505908364	397.3695396879278
g440	5108.896139718823	5573.694964631383	5225.236806838167	5998.189971164376	6530.957929807653	6297.136192989305
g441	198.4808135088898	254.37429359091814	310.7608871947534	123.10088653167539	180.77638960212428	141.68266100904194
g442	1458.83397929034	1637.3332695060997	1820.0263035054288	1729.3689059530525	1760.104666035228	1783.8079287695773
g443	2068.1700767626317	2018.8947098924768	2170.2649581288315	2394.510792858073	2586.745793034033	2346.280350753561
g444	1012.252148895338	893.5299553351871	824.9841142140848	1127.7629604837357	1045.2162162450095	1027.7799589590338
g445	283.8275633177124	618.2261312589403	505.11297299733536	327.60719802784575	317.1803926655453	336.5930976703879
g446	148.86061013166736	170.6561716496033	298.61388183209203	138.98487189060123	154.48164202363347	160.45754914821828
g447	527.9589639336468	518.4083704827572	494.9904685284509	575.7944692610623	545.6160122536842	524.1484235143246
g448	853.4674980882262	1044.8665603829486	903.9396490713837	1022.5315574808519	1198.0544365449873	1098.8148450113813
g449	422.7641327739353	246.32447417348402	298.61388183209203	369.3026595950261	451.9409740053107	395.04687311400903
g45	47.635395242133555	59.568663689012475	85.0290375386296	53.608450586374765	50.94607343332593	37.549776278352645
g450	474.36914428624664	510.3585510653231	580.0195060670804	452.6935827293869	532.4686384644388	502.2766466099233
g451	1163.0975671620943	1151.1241766930789	916.086654434045	1433.5296786430586	1380.4742478707672	1364.7601677250748
g452	656.9714927144253	613.3962396084798	746.0285793567858	839.8657258532046	834.858235617083	766.0928582975247
g453	480.32356869151334	466.88952621117886	449.4391984184707	516.2295241650903	474.9488781364901	562.4724219839835
g454	883.2396201145597	1170.4437432949208	968.7236776722443	962.96661238488	1081.3714941654343	1017.9086260198793
g455	1278.2164389972504	1249.3319735857751	1125.6224969399536	1121.8064659741385	1063.293855205222	999.9079600720091
g456	3590.5179163758166	3638.5183766802215	3244.2626822774746	4785.050589376414	4458.603136277847	4506.553820045798
g457	4622.618146622043	5193.7434881284935	4422.522202455628	4447.515900499239	4723.194033786411	4737.65914415071
g458	3336.4624750844378	3963.73108114456	3233.1279273617015	3091.4206504809445	3183.307878721043	3250.571870199249
g459	432.68817344937975	531.2880815506518	482.8434631657895	482.47605527737284	396.0646354010177	451.9522041750177
g46	363.2198887212683	325.2127044643384	418.05943456492884	369.3026595950261	290.8856450870545	320.72154274861
g460	252.07063315629006	251.1543658239445	251.038110828335	341.5056852169059	287.59880163974316	300.20465467899464
g461	1806.1754029308972	2195.9907370760275	2219.8652300263657	2599.017104354243	2262.991713473865	2361.184127936206
g462	216.34408672468987	280.1337157267073	240.91560635945052	182.66583162764735	187.35007649674696	191.03932570481476
g463	313.5996853440459	391.22122368729816	325.94464389808013	363.34616508542894	394.42121367736206	401.240650644459
g464	760.181515739048	848.4509665975561	801.7023539356505	851.778714872399	976.1925038514711	916.0984078631087
g465	1304.018944753406	1635.7233056226128	2364.6170439314137	1330.2837738100404	1188.193906203053	1272.0470603161525
g466	581.5487835810471	339.7023794157198	1211.6637849254716	375.25915410462335	361.55277920424857	373.949318400914
g467	43.66577897195576	54.73877203855201	51.1186475678666	45.66645790691184	42.728964815047554	41.03377613923073
g468	1264.322782051628	1391.0087953326156	2233.024485835915	1520.8915981171506	1245.7136665310018	1435.6014982295958
g469	1518.378223343007	1252.5519013527487	1328.0725863176433	1616.1955102707059	1567.824324367514	1574.1872704734128
g47	194.51119723871201	198.02555766887932	342.1406510482953	186.6368279673788	164.3421723655675	139.94066107860291
g470	817.740951656626	767.9527724232149	750.0775811443397	827.9527368340102	877.5872004321305	955.3901840719003
g471	1450.8947467499845	1601.9140640693895	1442.4568868160377	1856.4407888244593	1824.1981132577994	1754.0003744042872
g472	557.7310859599803	557.047503686441	523.3334810413274	385.186644953952	463.4449260709004	395.4339842096622
g473	327.4933422896682	307.5031017459833	437.2921930558094	363.34616508542894	363.1962009279042	359.6262078617486
g474	643.077835768803	642.3755895112427	734.893824441013	688.967864943409	614.6397246472225	666.7988622624994
g475	1155.1583346217387	1143.0743572756448	990.9931875037902	1332.269271979906	1413.3426823438806	1315.9841696727817
g476	1040.0394627865826	1267.0415763041303	2082.1991692495367	1189.3134037495734	1175.0465324138077	1136.5581768375605
g477	69.46828472811143	80.49819417434118	66.80852949463754	41.695461567180374	65.736868946227	50.51799798273217
g478	182.60234842817863	188.36577436795838	145.76406435193644	111.18789751248099	170.91585926019022	146.7151052525325
g479	883.2396201145597	788.8823029085436	704.5263110343595	544.0264985432106	520.964686398849	506.92197975776077
g48	676.8195740653142	716.4339281516366	609.3747690268455	683.0113704338117	667.2292198042041	669.3150843842446
g480	1943.1271642520312	2242.6796896971455	4878.034903555429	1240.9363561660825	1365.6834523578661	1384.3092780555573
g481	651.0170683091585	713.2140003846629	589.1297600890765	1084.0820007466896	1066.580698652533	1053.7164023677929
g482	1186.915264783161	1023.9370298976198	926.2091589029295	1175.4149165605133	1281.8689444514266	1215.9159514464502
g483	1411.1985840482066	1188.153346013276	1150.9287581121648	1377.935729886818	1479.0795512901077	1442.7630534991786
g484	1720.8286531220747	1713.0015720299805	1658.066232003277	2049.0341113014356	2139.735084199689	2072.7863616746313
g485	2423.4507329435446	2049.4840236787263	1961.7413660698114	2827.3493938888023	2941.7248853436586	2761.844111937185
g486	516.0501151231135	442.7400679588765	479.8067118251241	502.3310369760302	471.66203468917877	487.9535360707579
g487	4513.453699192154	5414.308540166188	4930.671926793628	5074.933322176811	4897.396736493912	4932.37602526423
g488	766.1359401443146	961.1484384416337	928.2336597967064	452.6935827293869	662.2989546332371	573.1179771144443
g489	702.6220798214699	529.678117667165	708.5753128219133	502.3310369760302	486.45283020207984	512.3415350969044
g49	811.7865272513593	711.6040365011761	727.8080713127938	738.6053191900522	706.6713411719403	680.154195062532
g490	913.0117421408931	1073.8459102857114	1100.3162357677425	764.4167953983068	701.7410760009733	724.4784155148143
g491	897.133277060182	835.5712555296615	711.6120641625787	585.7219601103909	585.0581336214203	590.1508653231816
g492	412.8400920984908	284.96360737716776	352.26315551717977	395.11413580328065	363.1962009279042	359.6262078617486
g493	71.45309286320033	83.71812194131483	108.31079781706389	69.49243594530061	92.0316165247178	76.84155248714434
g494	633.1537950933584	722.8737836855838	640.7545328803873	667.127385074886	616.2831463708782	658.4759737059572
g495	708.5765042267366	772.7826640736754	691.3670552248097	694.9243594530062	662.2989546332371	705.8970829234645
g496	162.75426707728963	228.61487145512896	191.3153344619166	117.14439202207818	103.53556859030753	117.6817730785485
g497	1429.0618572640067	1508.5361588271537	1485.983656032241	1636.050491969363	1543.172998512679	1516.1206061254447
g498	2274.5901228118773	3121.719970080951	3027.6410866433466	1923.9477265998942	2098.6495411082974	2118.271915413873
g499	486.27799309678	740.5833864039389	659.9872913712678	424.89660835126665	428.9330698741312	450.79087088805835
g5	722.4701611723589	655.2553005791373	846.7474988221863	684.9968686036775	728.0358235794641	680.154195062532
g50	1272.2620145919836	1114.095007372882	1106.389738449073	1066.212517217898	1140.5346762170386	1118.3639553418639
g500	410.8552839634019	458.83970679374477	548.6397422135386	470.5630662581785	545.6160122536842	431.82242720105546
g501	533.9133883389136	449.1799234928238	543.5784899790964	524.1715168445533	522.6081081225047	498.59909120121864
g502	2058.2460360871873	2329.617739405434	2139.897444722178	2396.4962910279382	2562.0944671791976	2420.7992366667863
g503	1566.0136185851406	1830.5289355245186	1485.983656032241	1957.7011954876118	2095.3626976609858	2123.691470753017
g504	1214.7025786744057	1514.976014361101	1640.8579744061735	1725.397909613321	1546.4598419599904	1648.7061563866384
g505	178.63273215800083	144.89674951381414	166.0090732897054	176.70933711805014	197.21060683868103	185.4262148178445
g506	1468.7580199657846	1228.4024431004464	1132.708250068173	1717.4559169338581	1645.065145379331	1690.9012658128286
g507	1859.7652225782974	1505.3162310601801	1513.3144180982292	1923.9477265998942	1972.1060683868102	1972.3310323526468
g508	1034.0850383813158	1114.095007372882	1066.9119710204238	849.7932167025333	824.997705275149	804.0297456715305
g509	89.31636607900042	152.94656893124824	175.11932731170143	202.52081332630465	144.6211116816994	135.10177238293892
g51	1425.0922409938287	1254.1618652362356	1237.9822965445715	1614.21001210084	1827.4849567051108	1713.3537093607094
g510	867.3611550338485	959.5384745581468	863.4496311958458	1094.0094915960183	1055.0767465869435	1114.879955480986
g511	583.533591716136	445.95999572585015	598.2400141110725	405.0416266526093	442.0804436633766	411.11198358361355
g512	119.08848810533388	69.22844698993342	119.44555273283682	85.37642130422647	49.30265170967026	61.550664208846094
g513	55.574627782489145	117.52736349453812	120.45780317972526	131.0428792111383	141.33426823438808	93.4873296002285
g514	4505.514466651798	5121.295113371586	4570.31076770134	4683.790182713262	5546.548317337903	5254.065345751972
g515	4894.536861129222	4834.721542110931	4727.20958696905	4816.818560094266	4977.92440095304	4790.306253159534
g516	744.3030506583368	664.9150838800582	734.893824441013	631.3884180173028	816.7805966568706	698.5419721060551
g517	537.8830046090914	415.3706819396005	511.186475678666	357.38967057583176	384.560683335428	361.7553188878407
g518	1417.1530084534731	1957.7160823199777	1672.2377382597153	1143.6469458426616	1155.3254717299396	1111.3959556201078
g519	291.766795858068	487.8190566965076	508.1497243380007	313.70871083878563	307.31986232361123	321.30220939208965
g52	200.4656216439787	185.14584660098473	189.2908335681397	311.7232126689199	335.2580316257577	262.84843394846854
g520	212.37447045451208	370.29169320196945	363.3979104329527	236.2742822140221	221.86193269351614	245.81554573973125
g521	3346.386515759882	3012.242426003847	2860.619762906753	3305.854452826444	2948.2985722382814	3119.728319868495
g522	1510.4389908026515	1474.7269172739304	1378.6851086620657	1508.9786090979562	1444.5676950933384	1441.214609116566
g523	1049.9635034620271	862.9406415489375	981.8829334817941	1131.7339568234672	1117.5267720858592	1032.618847654698
g524	142.90618572640065	193.19566601841885	123.49455452039061	174.7238389481844	152.8382202999778	177.49043735695557
g525	2796.5946623402574	4635.086020558565	3854.6497017512083	3460.723310075971	3383.805329007035	3238.958537329656
g526	232.22255180540108	193.19566601841885	270.2708693192155	218.4047986852305	223.50535441717182	219.87910233097222
g527	637.1234113635363	568.3172508708487	549.651992660427	972.8941032342086	907.1687914579327	869.2579652890812
g528	2030.4587221959428	1795.1097300878084	1565.9514413364284	1429.558682303327	1372.2571392524887	1368.4377231337794
g529	740.3334343881589	648.8154450451899	575.9705042795267	746.5473118695152	964.6885517858814	879.5164093238889
g53	837.589033007515	698.7243254332815	676.1832985214829	522.1860186746875	601.4923508579772	553.1817556883086
g530	140.92137759131177	156.1664966982219	178.15607865236677	172.73834077831867	180.77638960212428	167.81265996562755
g531	2471.0861281856783	2543.7429359091816	2252.257244326796	2319.061862403175	2404.3259817082526	2395.443459901507
g532	502.1564581774912	410.54079028914003	475.75771003757035	438.79509554032677	374.70015299349393	401.6277617401121
g533	424.74894090902416	288.18353514414144	376.5571662425025	347.4621797265031	397.7080571246734	418.0799833053697
g534	815.7561435215371	795.3221584424908	679.2200498621484	553.9539893925393	501.2436257149809	528.9873122099885
g535	1044.0090790567604	1094.7754407710402	948.4786687344754	696.9098576228719	701.7410760009733	716.1555269582722
g536	1024.1609977058713	1083.5056935866323	949.4909191813638	927.2276453272968	1043.5727945213537	944.9381844892661
g537	115.11887183515609	140.06685786335365	129.5680572017213	117.14439202207818	149.55137685266644	117.10110643506883
g538	196.4960053738009	207.68534096980025	179.16832909925523	166.7818462687215	264.5908975085637	217.5564357570535
g539	1853.8107981730307	1717.831463680441	1590.2454520617512	1850.4842943148622	1889.9349822040265	1782.646595482618
g54	162.75426707728963	146.50671339730096	154.87431837393248	140.97037006046696	184.0632330494356	160.2639936003917
g540	960.6471373830267	1051.306415916896	932.2826615842603	871.6336965710564	867.7266700901965	897.3235197239323
g541	315.5844934791348	244.7145102899972	398.82667607404835	323.6362016881143	244.8698368246956	292.65598831375877
g542	1814.1146354712528	2022.1146376594504	1670.2132373659385	1103.936982445347	1107.666241743925	1153.3975094984712
g543	776.0599808197592	1054.5263436838695	873.5721356647302	540.0555022034791	409.21200919026313	503.63153544470924
g544	281.84275518262353	341.3123432992066	340.1161501545184	403.0561284827436	405.9251657429518	421.3704276184212
g545	1184.930456648072	1308.9006372747876	1263.2885577167826	1252.849345185277	1166.8294237955295	1165.010842368065
g546	643.077835768803	553.8275759194673	547.6274917666501	500.3455388061644	486.45283020207984	513.1157572882107
g547	434.6729815844687	313.9429572799306	359.34890864539886	222.37579502496197	310.6067057709226	296.52709927028997
g548	1419.1378165885621	1373.2991926142606	1192.4310264345913	1211.1538836180964	1355.822922015932	1295.2737260553397
g549	61.52905218775584	38.63913320368377	49.60027189753393	15.883985358925855	18.077638960212425	36.581998539219846
g55	8407.647260236572	8115.827936657078	9406.843402934343	7264.9378035387135	7153.814763073154	7461.5663687138895
g550	787.9688296302925	806.5919056268987	758.1755847194472	843.8367221929361	775.6950535654787	796.6746348541211
g551	248.10101688611226	299.4532823285492	304.6873845134227	277.96974378120245	304.03301887629993	285.30087749634953
g552	1468.7580199657846	1481.1667728078778	1409.052622068719	1360.0662463580263	1373.9005609761443	1441.0210535687395
g553	722.4701611723589	701.9442532002552	599.252264557961	796.1847661161585	844.718765959017	807.9008566280617
g554	1097.5988987041605	888.7000636847266	786.5185972323237	998.7055794424632	971.2622386805041	994.681960280692
g555	567.6551266354248	648.8154450451899	552.6887440010923	677.0548759242146	813.4937532095593	754.8666365235841
g556	51.60501151231135	32.199277669736475	44.03289443964747	39.70996339731464	36.15527792042485	37.16266518269953
g557	21.83288948597788	32.199277669736475	58.204400696085735	11.912989019194391	18.077638960212425	11.419777321767043
g56	2381.7697621066777	3131.379753381872	2578.201888224876	2011.3096460739864	2001.6876594126124	1985.492809604853
g563	57.55943591757804	75.66830252388071	101.22504468884476	55.59394875624049	24.65132585483513	25.936443408759047
g565	1875.6436876590087	5040.796919197245	5059.733858771905	3242.3185113907402	3068.2683580651455	3174.504539903411
g566	1629.5274789079854	4140.827108328111	4671.0296871667415	2511.655184880151	2553.877358560919	2553.5783424758065
g567	41.680970836866855	53.12880815506518	80.47391052763159	41.695461567180374	29.581591025802155	39.098220660965126
g57	2284.5141634873216	2480.954344453195	1985.0231263482458	2736.0164780749787	2570.311575797476	2641.839672284718
g571	13.893656945622286	20.92953048532871	17.208257597103607	11.912989019194391	18.077638960212425	7.7422219130624015
g573	19.84808135088898	12.87971106789459	27.330762065988086	13.898487189060123	0.0	7.9357774608889615
g574	87.33155794391152	69.22844698993342	101.73116991228898	69.49243594530061	57.51976032794863	77.42221913062401
g575	182.60234842817863	98.20779689269624	127.5435563079444	71.47793411516635	93.67503824837348	77.22866358279745
g576	43.66577897195576	48.29891650460471	35.428765641095666	57.57944692610623	50.94607343332593	60.195775374060176
g577	138.93656945622286	74.05833864039388	102.2372951357332	111.18789751248099	106.82241203761889	112.26221773940482
g578	134.96695318604506	96.59783300920942	123.49455452039061	67.50693777543489	69.02371239353836	68.90577502625537
g579	317.56930161422366	199.63552155236613	188.27858312125124	148.9123627399299	141.33426823438808	171.10310427867907
g58	1659.2996009343187	1514.976014361101	1431.3221319002648	1439.4861731526557	1493.8703468030087	1472.7641634122954
g580	37.71135456668906	46.688952621117885	244.4584829235601	49.6374542466433	37.79869964408053	39.29177620879169
g581	31.756930161422368	12.87971106789459	36.94714131142834	13.898487189060123	23.00790413117945	17.419999304390405
g582	480.32356869151334	436.3002124249292	2208.2243498871485	510.27302965549313	346.76198369134744	446.7262043837006
g583	41.680970836866855	59.568663689012475	267.23411797855016	53.608450586374765	42.728964815047554	42.00155387836353
g584	21.83288948597788	3.2199277669736475	25.30626117221119	15.883985358925855	6.573686894622701	7.355110817409281
g586	15.878465080711184	16.099638834868237	17.714382820547833	3.970996339731464	3.2868434473113504	16.258666017431043
g59	2417.496308538278	2897.9349902762824	2559.981380180884	2980.2327529684635	2898.995920528611	2819.3301096416735
g590	35.72654643160016	8.049819417434119	20.751134161213177	19.85498169865732	11.503952065589726	13.742443895685764
g591	61.52905218775584	38.63913320368377	142.72731301127112	17.869483528791587	23.00790413117945	35.80777634791361
g592	11.908848810533389	22.539494368815532	110.841423934285	21.84047986852305	14.790795512901077	11.226221773940482
g593	21.83288948597788	20.92953048532871	133.61705898927508	9.92749084932866	4.930265170967026	15.677999373951364
g595	117.10367997024498	59.568663689012475	335.56102314352034	73.46343228503208	88.74477307740646	94.64866288718785
g6	555.7462778248914	447.569959609337	888.2497671446127	426.88210652113236	458.51466089993335	417.8864277575431
g60	1323.867026104295	1713.0015720299805	1320.986833189424	1485.1526310595675	1498.8006119739757	1505.2814954471573
g605	15.878465080711184	19.319566601841885	112.8659248280619	19.85498169865732	18.077638960212425	11.613332869593602
g61	351.31103991073496	447.569959609337	382.6306689238332	321.6507035182486	400.9949005719847	400.8535395488058
g611	63.513860322844735	35.41920543671012	37.959391758316784	29.78247254798598	26.294747578490803	35.61422080008705
g617	15.878465080711184	22.539494368815532	116.40880139217147	19.85498169865732	23.00790413117945	11.419777321767043
g62	236.19216807557888	152.94656893124824	163.9845723959285	168.7673444385872	172.5592809838459	166.6513266786682
g63	408.870475828313	479.7692372790734	471.70870825001657	428.8676046909981	379.630418164461	455.2426484880692
g634	3.969616270177796	28.979349902762827	18.72663326743628	9.92749084932866	23.00790413117945	8.129333008715522
g639	111.14925556497829	56.34873592203883	74.4004078463009	53.608450586374765	83.81450790643943	59.22799763492737
g64	363.2198887212683	239.8846186395367	315.82213942919566	432.8386010307296	394.42121367736206	433.75798267932106
g640	202.4504297790676	62.78859145598612	147.28244002226913	109.20239934261525	73.95397756450538	95.22932953066754
g641	3.969616270177796	8.049819417434119	38.465516981761006	23.825978038388783	8.217108618278376	16.839332660910724
g648	23.817697621066777	12.87971106789459	17.208257597103607	7.941992679462928	24.65132585483513	12.581110608726403
g65	508.1108825827579	357.41198213407483	390.72867249894074	540.0555022034791	486.45283020207984	498.01842455773897
g654	39.69616270177796	28.979349902762827	252.55648649866768	33.753468887717446	32.8684344731135	31.549554295729287
g657	15.878465080711184	12.87971106789459	14.67763147988249	7.941992679462928	11.503952065589726	6.580888626103041
g658	55.574627782489145	25.75942213578918	62.75952770708375	27.796974378120247	13.147373789245401	15.097332730471683
g659	214.359278589601	115.91739961105131	261.6667405206637	150.89786090979564	129.83031616879833	135.6824390264186
g66	605.3664812021138	421.8105374735478	406.9246796491559	557.9249857322707	540.6857470827172	530.3422010447745
g661	31.756930161422368	56.34873592203883	255.0871126158888	71.47793411516635	55.876338604292954	48.58244250446657
g665	29.77212202633347	24.149458252302356	105.27404647639855	17.869483528791587	14.790795512901077	21.484665808748165
g666	99.2404067544449	109.47754407710401	140.7028121174942	144.94136640019843	113.39609893224159	118.45599526985474
g67	9465.549996238955	11586.91006945467	9384.573893102797	12188.973264805729	11926.311448569235	12352.908617838888
g677	9.92404067544449	17.70960271835506	36.94714131142834	27.796974378120247	1.6434217236556752	10.839110678287362
g68	5493.94891792607	5451.3377094863845	4924.598424112298	6901.591638453284	6861.285696262444	6972.257943808346
g680	19.84808135088898	14.489674951381414	10.122504468884475	9.92749084932866	18.077638960212425	12.387555060899842
g681	17.86327321580008	12.87971106789459	12.147005362661371	3.970996339731464	6.573686894622701	9.484221843501443
g682	23.817697621066777	16.099638834868237	29.861388183209204	11.912989019194391	6.573686894622701	15.097332730471683
g683	43.66577897195576	28.979349902762827	84.01678709174115	19.85498169865732	39.442121367736206	18.194221495696645
g684	53.58981964740025	40.24909708717059	179.67445432269943	37.72446522744891	44.37238653870323	28.452665530504326
g686	2018.5498733854092	2400.4561502788542	5341.6456082303375	1788.9338510490245	1824.1981132577994	1887.1665913089605
g687	704.6068879565588	639.155661744269	773.3593414227739	637.3449125269	659.0121111859257	628.2813082450139
g69	347.34142364055714	408.9308264056532	439.31669394958624	476.51956076777566	519.3212646751933	500.7282022273108
g690	825.6801841969816	761.5129168892676	1001.6218171961189	732.648824680455	829.927970446116	751.3826366627061
g691	597.4272486617583	745.4132780543994	986.4380604927921	633.3739161871684	580.1278684504533	585.3119766275175
g692	514.0653069880246	499.08880388091535	883.6946401336147	379.2301504443548	412.4988526375745	417.8864277575431
g693	458.49067920553546	449.1799234928238	790.5675990198775	337.5346888771744	366.48304437521557	366.9813186791578
g694	148.86061013166736	162.6063522321692	277.35662244743463	121.11538836180965	136.40400306342104	128.3273282090093
g695	99.2404067544449	93.37790524223577	112.35979960461768	93.3184139836894	82.17108618278375	83.8095522089005
g696	1885.567728334453	2184.72098989162	1778.0179099595582	2005.3531515643892	2078.928480424429	2041.6239184745552
g697	105.1948311597116	80.49819417434118	140.7028121174942	83.39092313436075	83.81450790643943	80.71266344367554
g698	99.2404067544449	148.11667728078777	114.38430049839458	69.49243594530061	105.17899031396321	87.48710761760513
g699	198.4808135088898	157.7764605817087	281.4056242349884	121.11538836180965	123.25662927417564	128.71443930466242
g7	486.27799309678	399.27104310473226	796.134976477764	373.2736559347576	412.4988526375745	366.7877631313313
g70	11053.396504310072	12812.092584788143	11254.20046850576	17315.52953939905	17500.797935209284	17539.035966303738
g700	8895.910061468441	6523.573655888609	6361.487933470449	6323.811671022357	6501.376338781851	6262.48974992835
g701	2246.8028089206327	2374.696728143065	2217.8407291325884	2203.9029685509627	2238.3403876190296	2214.0819115880204
g702	913.0117421408931	1040.0366687324881	847.2536240456307	1322.3417811305774	1308.1636920299175	1278.434393394429
g703	1558.074386044785	1696.9019331951122	1521.4124216733367	1302.4867994319202	1365.6834523578661	1359.7277234815842
g704	2024.504297790676	2160.5715316393175	2208.7304751105926	1933.8752174492229	1847.2060173889788	1871.488591935009
g705	373.14392939671285	283.353643493681	291.5281287038729	262.0857584222766	351.6922488623145	299.4304324876884
g706	1659.2996009343187	1543.9553642638639	1300.741824251655	1290.5738104127258	1298.3031616879834	1228.4970620551767
g707	10358.713657028959	30666.592052657015	20105.318376098345	7235.155330990728	7380.606960937637	7378.724594244122
g708	101.2252148895338	648.8154450451899	465.6352055686859	61.55044326583769	67.38029066988268	72.38977488713346
g709	488.26280123186893	1898.1474186309651	1309.8520782736512	540.0555022034791	491.3830953730469	486.79220278379853
g71	1357.6087644008062	1302.4607817408403	1164.0880139217147	1564.5725578541967	1485.6532381847303	1621.0277130474403
g710	321.5389178844015	561.8773953369015	425.145187693148	303.781219989457	281.02511474512045	279.4942110615527
g711	490.2476093669578	1036.8167409655143	953.5399209689176	323.6362016881143	364.83962265155986	358.27131902696266
g712	132.98214505095618	225.3949436881553	143.73956345815955	188.62232613724453	139.6908465107324	153.10243833080898
g713	1990.7625594941646	2175.061206590699	1796.7445432269944	1989.4691662054634	2065.7811066351837	1993.0414759700886
g714	113.13406370006719	133.62700232940637	154.36819315048825	105.2314030028838	70.66713411719404	73.35755262626625
g715	516.0501151231135	418.5906097065741	315.3160142057514	285.9117364606654	304.03301887629993	291.4946550267994
g716	184.5871565632675	149.7266411642746	280.39337378809995	109.20239934261525	100.24872514299618	109.74599561765955
g717	478.3387605564244	333.2625238817725	456.52495154668986	361.36066691556323	345.1185619676918	319.17309836599753
g718	2874.0021796087244	2711.179179791811	2480.0135948766965	2410.3947782169985	2545.660249942641	2479.446567658234
g719	166.72388334746742	151.33660504776142	184.22958133369747	194.57882064684173	185.7066547730913	176.13554852216964
g72	1024.1609977058713	951.4886551407128	1004.15244331334	1133.7194549933329	1097.805711401991	1169.0755088724227
g720	700.637271686381	711.6040365011761	538.5172377446542	617.4899308282427	527.5383732934718	503.63153544470924
g721	182.60234842817863	173.87609941657695	163.9845723959285	196.56431881670747	223.50535441717182	202.26554747875525
g722	750.2574750636035	557.047503686441	519.2844792537736	673.0838795844832	611.3528811999112	651.120862888548
g723	1361.578380670984	1341.099914944524	1279.4845648669977	1332.269271979906	1553.033528854613	1378.309056072934
g724	817.740951656626	603.7364563075589	632.6565293052797	565.8669784117336	552.1896991483069	579.5053101927208
g725	1020.1913814356936	1004.617463295778	949.4909191813638	1030.473550160315	997.5569862589948	1072.8784016026223
g726	444.59702225991316	376.73154873591676	365.42241132672956	397.0996339731464	473.3054564128345	447.1133154793537
g727	327.4933422896682	333.2625238817725	344.16515194207216	405.0416266526093	389.490948506395	339.88354198343944
g728	533.9133883389136	360.6319099010485	347.20190328273753	567.8524765815994	527.5383732934718	573.5050882100974
g729	313.5996853440459	304.2831739790097	301.65063317275735	335.5491907073087	384.560683335428	338.5286531486535
g73	271.918714507179	183.53588271749788	163.9845723959285	188.62232613724453	169.27243753653454	176.52265961782277
g730	736.3638181179812	890.3100275682135	642.7790337741642	625.4319235077056	663.9423763568927	612.2161977754095
g731	81.37713353864481	119.13732737802495	94.13929156062562	31.76797071785171	24.65132585483513	37.16266518269953
g732	460.47548734062434	421.8105374735478	680.738425532481	422.9111101814009	333.6146099021021	350.91620820955336
g733	537.8830046090914	487.8190566965076	765.2613378476664	478.5050589376414	376.34357471714964	403.5633172183777
g734	1472.7276362359623	1556.8350753317584	1796.7445432269944	1695.615437065335	1697.6546405363124	1581.7359368386487
g735	1887.552536469542	2186.3309537751065	2058.9174089711023	1725.397909613321	1569.4677460911698	1612.5112689430716
g736	400.9312432879574	470.1094539781525	425.145187693148	553.9539893925393	471.66203468917877	518.1482015317013
g737	1702.9653799062746	1830.5289355245186	1591.2577025086396	1880.266766862848	1912.942886335206	1913.296590265546
g738	1077.7508173532717	943.4388357232787	831.0576168954154	964.9521105547457	1041.929372797698	1031.263958819912
g739	228.2529355352233	199.63552155236613	191.3153344619166	236.2742822140221	256.3737888902853	265.17110052238723
g74	1296.0797122130505	1466.6770978564964	1264.300808163671	1715.4704187639925	1653.2822539976091	1539.1537163168055
g740	583.533591716136	895.139919218674	697.4405579061404	639.3304106967657	575.1976032794863	578.9246435492411
g741	716.5157367670922	943.4388357232787	810.8126079576465	780.3007807572327	701.7410760009733	750.8019700192264
g742	1222.6418112147612	925.7292330049236	879.645638346061	1391.834217075878	1160.2557369009066	1365.9215010120342
g743	125.04291251060057	112.69747184407765	103.24954558262165	138.98487189060123	157.76848547094482	154.26377161776836
g744	438.64259785464645	510.3585510653231	399.8389265209368	655.2143960556915	632.7173636074349	613.3775310623688
g745	1631.5122870430741	1846.6285743593867	1550.7676846331017	1508.9786090979562	1534.9558898944006	1438.6983869948208
g746	464.44510361080216	478.15927339558664	380.60616803005627	466.592069918447	417.4291178085415	427.95131624452426
g747	579.5639754459582	569.9272147543355	474.7454595906819	589.6929564501224	525.894951569816	519.3095348186606
g748	956.6775211128488	803.371977859925	705.5385614812479	720.7358356612607	675.4463284224825	696.7999721756162
g749	1280.2012471323392	1146.2942850426184	1014.2749477822244	1691.6444407256035	1515.2348292105326	1468.5059413601111
g75	1296.0797122130505	1466.6770978564964	1264.300808163671	1715.4704187639925	1653.2822539976091	1539.1537163168055
g750	250.08582502120115	315.5529211634174	245.97685859389276	303.781219989457	215.28824579889346	254.3319898440999
g751	527.9589639336468	664.9150838800582	627.5952770708375	514.2440259952245	522.6081081225047	509.0510907838529
g752	615.2905218775584	692.2844698993342	827.0086151078617	831.9237331737417	770.7647883945117	745.5759702279092
g753	893.1636607900041	689.0645421323605	616.4605221550646	835.8947295134732	874.3003569848192	765.512191654045
g754	541.8526208792691	531.2880815506518	428.1819390338133	409.01262299234077	432.21991332144256	440.7259824010772
g755	281.84275518262353	227.00490757164212	232.81760278434294	337.5346888771744	282.66853646877615	265.7517671658669
g756	196.4960053738009	149.7266411642746	264.19736663788484	146.92686457006417	184.0632330494356	171.68377092215874
g757	127.02772064568947	136.84693009638002	90.09028977307183	99.2749084932866	134.76058133976537	115.16555095680323
g758	1581.8920836658517	1085.1156574701192	1129.6714987275075	931.1986416670283	1053.4333248632877	1037.6512918981884
g759	627.1993706880918	531.2880815506518	723.75906952524	764.4167953983068	778.98189701279	749.640636732267
g76	1254.3987413761836	1054.5263436838695	1062.86296923287	1604.2825212515115	1364.0400306342103	1422.4397209773897
g760	127.02772064568947	119.13732737802495	305.6996349603112	144.94136640019843	126.54347272148699	114.19777321767043
g761	196.4960053738009	201.24548543585297	199.41333803702418	188.62232613724453	146.26453340535508	181.7486594091399
g762	815.7561435215371	896.7498831021608	802.7146043825389	913.3291581382367	918.6727435235224	879.7099648717154
g763	1752.585583283497	1928.7367324172149	1645.9192266406158	2132.425034435796	2207.115374869572	2200.533023240161
g764	581.5487835810471	727.7036753360443	666.0607940525985	631.3884180173028	611.3528811999112	585.6990877231707
g765	1671.208449744852	2086.5131929989234	1798.7690441207712	1969.6141845068062	2036.1995156093815	1950.8463665438987
g766	716.5157367670922	1192.9832376637364	990.9931875037902	478.5050589376414	598.2055074106657	540.9877561752353
g768	115.11887183515609	199.63552155236613	282.41787468187687	158.83985358925855	164.3421723655675	198.97510316570373
g769	1103.5533231094273	1450.577459021628	1443.4691372629263	1097.9804879357498	986.0530341934051	1116.4283998635983
g77	65.49866845793363	85.32808582480165	100.21279424195632	51.62295241650903	54.23291688063728	57.485997704488334
g770	3465.475003865216	3896.1125980381134	3292.85070372812	3561.9837167391233	3531.713284136046	3440.8369737127578
g771	726.4397774425366	925.7292330049236	915.0744039871566	881.561187420385	785.5555839074127	826.2886336715848
g772	1885.567728334453	2115.492542901686	1839.2590619963094	1961.672191827343	1950.7415859792864	1941.1685891525706
g773	1885.567728334453	2115.492542901686	1839.2590619963094	1961.672191827343	1950.7415859792864	1941.1685891525706
g774	170.69349961764524	239.8846186395367	189.2908335681397	146.92686457006417	133.1171596161097	139.16643888729666
g775	635.1386032284473	613.3962396084798	555.7254953417577	625.4319235077056	706.6713411719403	650.5401962450683
g776	1675.17806601503	2142.8619289209623	1711.7155056883648	1618.1810084405715	1472.5058643954849	1512.055939621087
g777	208.40485418433428	341.3123432992066	431.2186903744787	218.4047986852305	210.35798062792642	257.6224341571514
g778	525.974155798558	785.6623751415699	660.9995418181562	516.2295241650903	509.4607343332593	513.3093128360372
g779	916.9813584110709	854.8908221315033	675.1710480745945	909.3581617985052	972.9056604041597	926.937518541396
g78	972.55598619356	608.5663479580194	1289.100944112438	546.0119967130763	583.4147118977647	644.539974262445
g780	889.1940445198263	1234.8422986343937	1106.389738449073	951.0536233656856	879.2306221557863	933.3248516196725
g781	674.8347659302253	721.263819802097	652.9015382430487	456.66457906911836	519.3212646751933	482.72753627944076
g782	2407.5722678628335	3970.170936678507	3458.8597770178253	2156.251012474185	2373.100968958795	2276.600353535999
g783	265.96429010191235	365.461801551509	387.6919211582754	369.3026595950261	356.6225140332815	369.88465189655625
g784	601.3968649319361	494.2589122304549	426.15743814003645	500.3455388061644	473.3054564128345	497.63131346208587
g785	680.789190335492	555.4375398029541	637.717781539722	641.3159088666314	682.0200153171052	718.0910824365377
g786	887.2092363847374	833.9612916461747	758.1755847194472	984.8070922534031	1122.4570372568262	1090.6855120026657
g787	327.4933422896682	251.1543658239445	268.2463684254386	254.14376574281368	202.14087200964804	260.91287847020294
g788	4420.167716842976	4391.981474152055	4446.81621318095	4659.964204674873	4900.683579941224	4822.436474098743
g789	4997.746884153845	7761.6358822899765	6530.027632877375	5565.351370133647	4992.7151964659415	5370.972896639215
g79	33630.58904094629	58295.1822571744	48099.104484798365	59261.1638759825	55619.96481540267	57360.96082059237
g790	1248.4443169709168	846.8410027140692	1019.3362000166667	831.9237331737417	816.7805966568706	885.5166313065122
g791	1224.62661934985	1192.9832376637364	1026.421953144886	2184.0479868523053	1972.1060683868102	2019.1714749266744
g792	117.10367997024498	107.86758019361719	157.91106971459783	216.4193005153648	147.90795512901076	171.29665982650565
g793	1022.1761895707825	1094.7754407710402	1082.0957277237505	1115.8499714645413	1028.7819990084527	1081.394845706991
g794	11466.236596408564	11532.171297416118	10439.33885876056	11998.365440498617	12296.081336391762	12125.093738047028
g795	10938.277632474917	10732.019247323167	9738.861549513755	11357.049531631987	11633.782381758525	11497.586651993319
g796	845.5282655478705	1099.6053324215006	1229.8842929694638	998.7055794424632	1000.8438297063062	999.9079600720091
g797	805.8321028460927	804.9819417434119	800.690103488762	756.4748027188439	772.4082101181673	813.1268564193788
g798	162.75426707728963	378.34151261940355	349.2264041765144	458.65007723898407	417.4291178085415	407.4344281749089
g799	1161.1127590270053	1028.7669215480803	1232.9210443101292	1115.8499714645413	1036.999107626731	1141.3970655332246
g8	194.51119723871201	185.14584660098473	305.19350973686693	152.88335907966135	126.54347272148699	140.5213277220826
g80	3469.444620135394	2909.2047374606905	3536.2969362047916	3200.62304982356	3272.0526517984495	3334.5749779559765
g800	1665.2540253395855	1753.250669117151	1348.3175952554122	1779.0063601996958	1870.2139215201582	1760.7748185782166
g801	1222.6418112147612	1136.6345017416975	1013.262697335336	1413.6746969444011	1666.4296277868546	1481.8612741601437
g802	220.31370299486767	169.04620776611648	169.04582463037073	186.6368279673788	244.8698368246956	189.2973257743757
g803	3463.490195730127	3730.2863180389704	3686.616127567726	3704.9395849694556	3498.8448496629326	3710.8469629308092
g804	5686.475307029693	6974.36354326492	5997.583897814052	6087.537388808334	6424.135517770034	6083.644423736609
g805	250.08582502120115	154.55653281473508	181.19282999303212	154.86885724952708	193.92376339136968	166.26421558301507
g806	680.789190335492	769.5627363067017	618.4850230488414	780.3007807572327	655.7252677386144	666.4117511668462
g807	2342.0735994048996	2973.603292800163	2415.229566275836	3238.347515051009	3112.640744603849	3112.3732090510853
g808	168.70869148255633	133.62700232940637	192.32758490880505	166.7818462687215	216.93166752254913	166.84488222649475
g809	1321.882217969206	1276.7013596050513	1198.504529115922	1101.9514842754813	1262.1478837675586	1211.8512849420924
g81	2550.478453589234	2181.501062124646	1964.7781174104769	2408.409280047133	2384.6049210243846	2417.8959034493882
g810	942.7838641672265	911.2395580535422	949.4909191813638	863.6917038915934	953.1845997202917	898.6784085587183
g811	305.6604528036903	336.4824516487461	389.71642205205234	353.4186742361003	289.2422233633988	345.69020841823624
g812	2137.638361490743	1978.6456128053062	2084.2236701433135	2330.9748514223693	2312.294365183535	2247.179910266362
g813	2883.9262202841687	2944.6239428974004	2456.731834598262	3200.62304982356	3203.028939404911	3042.1125451900443
g814	202.4504297790676	130.4070745624327	163.9845723959285	244.21627489348504	231.7224630354502	208.07221391355205
g815	486.27799309678	373.5116209689431	425.145187693148	571.8234729213308	583.4147118977647	579.1181990970676
g816	593.4576323915805	608.5663479580194	677.1955489683714	683.0113704338117	690.2371239353836	689.2513058103804
g817	91.30117421408931	104.64765242664353	178.15607865236677	129.05738104127258	121.61320755051996	107.61688459156738
g818	9014.998549573775	11673.848119162958	9126.450029146243	18788.76918143942	18523.006247323116	18627.785922828138
g819	704.6068879565588	724.4837475690706	559.7744971293115	667.127385074886	634.3607853310906	628.8619748884936
g82	57.55943591757804	57.958699805525654	34.416515194207214	27.796974378120247	27.938169302146477	32.517332034862086
g820	3177.6778242773257	3184.508561536937	2991.200070555363	3550.0707277199285	3548.1475013726026	3216.6996493296015
g821	1117.4469800550496	1006.2274271792647	1127.6469978337307	1092.0239934261526	1129.0307241514488	1015.5859594459605
g822	629.1841788231807	764.7328446562412	606.3380176861801	738.6053191900522	696.8108108300063	765.7057472018715
g823	738.34862625307	692.2844698993342	608.3625185799569	847.8077185326675	846.3621876826727	802.0941901932648
g824	87.33155794391152	72.44837475690707	81.99228619796425	23.825978038388783	44.37238653870323	34.06577641747457
g825	396.9616270177796	553.8275759194673	493.97821808156243	403.0561284827436	386.20410505908364	398.7244285227137
g826	692.6980391460254	758.292989122294	865.4741320896227	359.37516874569747	432.21991332144256	407.821539270562
g827	1714.874228716808	2075.243445814516	1868.6143249560741	1945.7882064684172	1668.0730495105104	1738.7094861259889
g828	641.0930276337141	548.9976842690069	606.3380176861801	728.6778283407236	711.6016063429073	700.4775275843208
g829	260.00986569664565	265.6440407753259	289.503627810096	281.9407401209339	225.1487761408275	261.4935451136826
g83	450.55144666517987	652.0353728121636	885.2130158039474	698.8953557927376	614.6397246472225	675.7024174625211
g830	1143.2494858112052	713.2140003846629	823.9718637671963	881.561187420385	974.5490821278154	917.6468522457211
g831	367.18950499144614	381.5614403863772	444.3779461840285	385.186644953952	366.48304437521557	403.95042831403083
g832	434.6729815844687	400.8810069882191	529.4069837226581	428.8676046909981	479.8791433074571	414.0153168010119
g833	2046.3371872766538	2057.5338430961606	1719.8135092634725	2509.669686710285	2432.2641510103995	2494.7374559365326
g834	972.55598619356	819.4716166947933	798.6656025949851	992.749084932866	1041.929372797698	945.905962228399
g835	4050.9934037164408	4478.919523860343	4572.335268595118	3899.5184056162975	4164.430647743481	4096.409614201317
g836	1994.7321757643426	2773.9677712477974	2190.5099670666004	1995.4256607150605	1885.0047170330595	1970.2019213265546
g837	1442.955514209629	1584.2044613510345	1498.1306613949025	1173.4294183906475	1209.558388610577	1193.2699523507426
g838	2594.1442325611897	2712.789143675298	2596.422396268868	2676.4515329790065	2540.729984771674	2635.258783658615
g839	5253.787133580313	5256.532079584479	4746.442345459931	4918.078966757418	4912.187532006813	4902.762026446766
g84	250.08582502120115	198.02555766887932	205.48684071835487	260.10026025241086	258.017210613941	273.6875446267559
g840	514.0653069880246	571.5371786378224	666.0607940525985	573.8089710911966	468.3751912418674	491.8246470272891
g841	1770.448856499297	1663.092691641889	1578.0984466990897	1203.2118909386336	1125.7438807041374	1191.334396872477
g842	14092.137759131176	15379.984978949626	13105.60653586473	14351.18077178951	13791.595104918426	13790.44567154675
g843	563.6855103652471	495.86887611394167	469.68420735623965	732.648824680455	705.0279194482847	693.7030834103912
g844	361.23508058617944	317.16288504690425	360.3611590922873	407.02712482247506	320.46723611285665	369.6910963487297
g845	637.1234113635363	837.1812194131483	677.1955489683714	1649.9489791584233	1534.9558898944006	1562.7674931516458
g846	424.74894090902416	474.93934562861295	627.5952770708375	530.1280113541504	604.7791943052885	571.7630882796584
g847	496.2020337722245	751.8531335883466	580.0195060670804	657.1998942255573	509.4607343332593	530.535756592601
g848	3671.895049914461	4652.79562327692	3894.1274691798576	2775.726441472293	2831.6156298587284	2685.776781641347
g849	426.7337490441131	587.6368174726906	648.8525364554949	526.157015014419	517.6778429515376	533.0519787143463
g85	252.07063315629006	225.3949436881553	186.25408222747436	268.0422529318738	305.6764405999556	239.04110156580165
g850	3306.690353058104	2555.012683093589	2471.4094660781448	2060.94710032063	1870.2139215201582	1968.266365848289
g851	1357.6087644008062	1233.2323347509068	998.0789406320093	968.9231068944772	897.3082611159987	982.1008496719656
g852	3004.9995165245914	2460.0248139678665	2255.2939956674613	1892.1797558820426	1756.8178225879167	1826.0030381957674
g853	1847.8563737677641	2278.0988951338554	1818.0018026116518	2325.018356912772	2156.169301436246	2160.2734692922368
g854	772.0903645495813	962.7584023251205	775.3838423165508	992.749084932866	969.6188169568484	916.8726300544149
g855	327.4933422896682	350.9721266001276	298.61388183209203	262.0857584222766	302.3895971526442	326.1410980877537
g856	400.9312432879574	566.707286987362	524.3457314882158	365.3316632552947	327.04092300747936	348.7870971834612
g857	2387.7241865119445	3039.611812023123	2630.8389114630754	2317.076364233309	2149.595614541623	2338.344573292672
g858	2613.9923139120788	2802.94712115056	2533.6628685617843	3635.4471490241554	3548.1475013726026	3637.1022992088897
g859	1736.7071182027858	1891.7075630970178	1747.1442713294605	2555.336144617197	2532.5128761533956	2506.737899901779
g86	400.9312432879574	310.72302951295694	346.1896528358491	333.563692537443	328.684344731135	345.3030973225831
g860	1966.944861873098	2234.629870279711	2157.1057023192816	3258.2024967496664	3257.261856285548	3175.2787620947174
g861	617.2753300126473	584.416889705717	522.3212305944389	587.7074582802567	586.701555345076	571.9566438274849
g862	51.60501151231135	75.66830252388071	93.12704111373718	105.2314030028838	106.82241203761889	79.16421906106305
g863	887.2092363847374	701.9442532002552	800.690103488762	837.8802276833388	797.0595359730024	713.6393048365269
g864	2399.6330353224776	2632.2909495009567	2163.1792050006125	1979.5416753561346	1748.6007139696385	1806.0668167696317
g865	260.00986569664565	293.0134267946019	254.07486216900034	335.5491907073087	308.96328404726694	270.59065586153093
g866	674.8347659302253	663.3051199965713	619.4972734957299	651.2433997159601	621.2134115418452	672.4119731494695
g867	607.3512893372028	677.7947949479527	486.8924649533433	538.0700040336134	604.7791943052885	576.6019769753224
g868	789.9536377653815	722.8737836855838	836.1188691298577	754.4893045489781	787.1990056310684	749.253525636614
g869	1018.2065733006046	1049.696452033409	1033.507706273105	1044.372037349375	1155.3254717299396	1154.9459538810838
g87	819.7257597917148	674.5748671809791	667.073044499487	863.6917038915934	800.3463794203138	871.1935207673467
g870	690.7132310109365	668.1350116470318	853.3271267269613	589.6929564501224	614.6397246472225	608.7321979145313
g871	2713.2327206665236	3097.5705118286487	2923.3792906138365	3395.2018704704014	3176.73419182642	3285.798979903683
g872	4402.304443627176	4543.318079199817	4313.199154191675	4409.791435271791	4813.582228587473	4621.912926550427
g873	99.2404067544449	69.22844698993342	130.58030764860973	99.2749084932866	133.1171596161097	116.52043979158914
g874	645.0626439038919	548.9976842690069	494.9904685284509	740.590817359918	593.2752422396987	698.3484165582287
g875	599.4120567968472	502.308731647889	501.0639712097815	679.0403740940803	716.5318715138744	648.2175296711496
g876	563.6855103652471	394.4411514542718	488.9169658471202	480.49055710750713	430.5764915977869	460.27509273155977
g877	297.7212202633347	392.83118757078495	369.47141311428334	403.0561284827436	325.39750128382366	387.11109565312006
g878	5575.3260514647145	6317.498278802296	5278.886080523254	7024.69252498496	7056.852881377469	7076.971495182514
g879	3288.827079842304	4292.163713375872	4757.577100375704	3357.4774052429525	3431.4645589930496	3385.867198130015
g88	484.2931849616911	330.04259611479887	390.72867249894074	432.8386010307296	405.9251657429518	414.98309454014475
g880	3044.6956792263695	3149.089356100227	2707.769945426597	4914.107970417686	4264.679372886477	4631.590703941755
g881	387.0375863423351	344.5322710661803	392.75317339271766	198.5498169865732	248.15668027200695	251.04154553104837
g882	881.2548119794707	846.8410027140692	844.2168727049652	708.8228466420663	818.4240183805263	770.3510803497089
g883	341.3869992352905	444.3500318423633	528.3947332757697	359.37516874569747	382.9172616117723	424.66087193147274
g884	273.90352264226794	249.54440194045767	268.2463684254386	220.39029685509624	249.80010199566263	253.17065655714055
g885	1750.600775148408	2405.2860419293147	2045.7581531615526	1522.8770962870165	1419.9163692385034	1529.8630500211307
g886	3010.953940929858	2281.318822900829	2278.5757559458957	2779.697437812025	2698.4984702426186	2831.7176647025735
g887	1514.4086070728292	1487.6066283418252	1385.7708617902847	1876.2957705231167	1909.6560428878945	1747.2259302303576
g888	246.11620875102335	125.57718291197224	219.65834697479312	172.73834077831867	198.8540285623367	182.7164371482727
g889	450.55144666517987	676.1848310644659	595.2032627704072	629.402919847437	479.8791433074571	493.95375805338125
g89	1268.2923983218059	1542.345400380377	1275.435563079444	2116.5410490768704	2064.137684911528	1991.2994760396498
g890	6613.380706116208	6645.930911033608	5569.401958780239	7632.254964963874	7416.762238858062	7453.630591253001
g891	1413.1833921832954	1696.9019331951122	1557.8534377613207	1467.283147530776	1485.6532381847303	1542.83127172551
g892	930.8750153566932	842.0111110636087	887.7436419211685	855.7497112121305	917.0293217998667	923.6470742283445
g893	394.97681888269074	474.93934562861295	490.94146674089706	403.0561284827436	417.4291178085415	402.5955394792449
g894	482.3083768266022	587.6368174726906	514.2232270193314	534.0990076938818	519.3212646751933	493.95375805338125
g895	67.48347659302253	238.2746547560499	234.84210367811983	91.33291581382367	100.24872514299618	101.61666260894403
g896	337.41738296511267	445.95999572585015	480.8189622720126	315.6942090086514	336.90145334941343	297.3013214615962
g897	321.5389178844015	339.7023794157198	415.0226832242635	279.9552419510682	251.4435237193183	300.39821022682116
g898	2621.9315464524343	2437.485319599051	2208.7304751105926	2595.0461080145114	2496.3575982329708	2496.4794558669714
g899	821.7105679268038	714.8239642681497	774.3715918696624	919.2856526478339	969.6188169568484	989.4559604893749
g9	105.1948311597116	86.93804970828847	113.87817527495035	113.17339568234672	92.0316165247178	90.00332973935042
g90	722.4701611723589	827.5214361122273	772.3470909758855	671.0983814146174	660.6555329095814	632.3459747493716
g900	724.4549693074478	1196.20316543071	1007.1891946540053	716.7648393215293	650.7950025676473	657.3146404189979
g901	71.45309286320033	204.4654132028266	187.26633267436281	91.33291581382367	88.74477307740646	91.93888521761602
g902	1192.8696891884276	1344.3198427114978	1367.5503537462928	1457.3556566814473	1488.9400816320417	1539.1537163168055
g903	3804.8771949654174	3987.8805393968623	3551.9868181315624	3180.7680681249026	2762.59191746519	2921.140327798444
g904	599.4120567968472	520.0183343662441	470.6964578031281	724.7068320009921	714.8884497902187	747.5115257061749
g905	988.4344512742712	1197.8131293141969	1068.9364719142006	1338.2257664895033	1230.9228710181008	1323.339280490191
g906	1456.8491711552513	1170.4437432949208	1255.190554141675	1181.3714110701105	1160.2557369009066	1103.0730670635658
g907	250.08582502120115	304.2831739790097	304.6873845134227	287.89723463053116	282.66853646877615	247.94465676582342
g908	3467.4598120003047	3752.825812407786	3293.8629541750083	3440.8683283773134	3697.6988782252693	3586.1971901305046
g909	1304.018944753406	1911.0271296988597	1671.225487812827	1961.672191827343	1875.1441866911255	1949.2979221612861
g91	625.2145625530029	602.126492424072	541.5539890853195	645.2869052063629	481.52256503111283	592.6670874449269
g910	508.1108825827579	455.6197790267711	466.64745601557433	466.592069918447	535.75548191175	492.9859803142484
g911	1972.8992862783646	2078.463373581489	1823.063054846094	1878.2812686929824	2024.6955635437919	1945.8139223004082
g912	579.5639754459582	436.3002124249292	402.8756778616021	389.15764129368347	376.34357471714964	386.72398455746696
g913	3761.2114159934617	4160.1466749299525	3733.1796481245947	4715.558153431113	4765.922998601458	4604.686482793863
g914	686.7436147407587	402.49097087170594	435.26769216203246	565.8669784117336	488.09625192573554	548.3428669926446
g915	1228.596235620028	1118.9248990233425	890.7803932618339	1074.154509897361	1156.9688934535952	1177.2048418811382
g916	4078.7807176076853	4251.914616288701	3770.632914659467	4794.978080225743	4851.380928231553	4721.013367037626
g917	246.11620875102335	281.74367961019414	289.503627810096	232.30328587429065	251.4435237193183	240.97665704406725
g918	1325.8518342393838	1474.7269172739304	1189.394275093926	1524.862594456882	1541.5295767890234	1591.8008253256298
g919	3884.2695203689736	5172.813957643164	3939.678739289838	4205.28512377562	4322.199133214425	4177.122277644992
g92	492.2324175020467	632.7158062103217	526.3702323819928	665.1418869050202	639.2910505020576	608.1515312710517
g920	107.1796392948005	160.99638834868236	218.6460965279047	101.26040666315232	124.90005099783131	106.64910685243458
g921	1067.8267766778272	1025.5469937811067	871.5476347709533	802.1412606257558	757.6174146052663	919.7759632718133
g922	855.4523062233151	776.002591840649	841.1801213642999	613.5189344885111	493.02651709670255	551.0526446622164
g923	313.5996853440459	330.04259611479887	320.8833916636379	297.8247254798598	302.3895971526442	288.2042107137479
g924	1341.7302993200951	1545.5653281473508	1305.8030764860973	1310.428792111383	1193.12417137402	1271.466393672673
g925	575.5943591757805	507.13862329834944	468.67195690935125	661.1708905652887	680.3765935934496	619.9584196884718
g926	522.0045395283802	610.1763118415062	583.0562574077458	599.620447299451	598.2055074106657	573.1179771144443
g927	434.6729815844687	355.80201825058805	344.16515194207216	464.6065717485813	488.09625192573554	451.9522041750177
g928	601.3968649319361	737.3634586369652	689.3425543310328	806.1122569654872	632.7173636074349	767.254191584484
g929	198.4808135088898	434.6902485414424	354.28765641095663	307.75221632918846	295.8159102580215	267.10665600065283
g93	496.2020337722245	415.3706819396005	697.4405579061404	496.374542466433	409.21200919026313	426.98353850539144
g930	4944.157064506445	4802.522264441195	4603.715032448659	4646.0657174858125	4601.5808262358905	4623.848482028693
g931	599.4120567968472	875.8203526168321	884.7068905805032	712.7938429817978	700.0976542773176	607.7644201753985
g932	817.740951656626	1019.1071382471594	907.9886508589375	949.0681251958199	1017.2780469428629	985.0041828893641
g933	684.7588066056699	463.66959844420523	500.0517207628931	591.6784546199881	589.9883987923874	567.8919773231272
g934	1228.596235620028	896.7498831021608	885.7191410273916	1038.4155428397778	1125.7438807041374	1021.0055147851042
g935	893.1636607900041	916.0694497040026	803.7268548294273	798.1702642860242	801.9898011439694	787.5775241062728
g936	1814.1146354712528	1698.5118970785988	1547.7309332924362	1975.5706790164033	1963.8889597685318	1818.4543718305315
g937	287.79717958789024	201.24548543585297	280.39337378809995	148.9123627399299	202.14087200964804	190.8457701569882
g938	1004.3129163549823	954.7085829076864	921.1479066684873	1229.0233671468882	1170.1162672428406	1168.6883977767695
g939	922.9357828163376	1294.4109623234062	1555.828936867544	1250.8638470154112	1145.4649413880056	1200.0443965246723
g94	541.8526208792691	486.20909281302073	448.42694797158225	532.1135095240162	548.9028557009955	508.85753523602637
g940	2530.630372238345	2582.3820691128653	2498.2341029206887	2753.8859616037703	2517.7220806404944	2589.9667854671998
g941	1742.6615426080525	2302.2483533861578	1867.6020745091857	2358.7718258004898	2198.8982662512935	2254.5350210837714
g942	988.4344512742712	998.1776077618307	909.0009013058259	990.7635867630003	1069.8675420998445	1021.5861814285839
g943	1673.193257879941	1709.7816442630067	1641.870224853062	1739.2963968023812	1776.538883271785	1765.6137072738807
g944	101.2252148895338	74.05833864039388	105.27404647639855	69.49243594530061	50.94607343332593	68.13155283494913
g945	2473.070936320767	3305.255852798449	2714.855698554816	3413.0713539991934	3078.1288884070796	3096.6952096771342
g946	283.8275633177124	281.74367961019414	327.969144791857	303.781219989457	290.8856450870545	274.8488779137153
g947	2088.0181581135207	2757.868132412929	2332.225029630983	2209.85946306056	2277.7825089867656	2087.3030277616235
g948	454.52106293535763	399.27104310473226	420.08393545870575	482.47605527737284	394.42121367736206	426.98353850539144
g949	178.63273215800083	259.2041852413786	196.37658669635883	216.4193005153648	152.8382202999778	168.97399325258692
g95	91.30117421408931	151.33660504776142	171.07032552414765	186.6368279673788	146.26453340535508	172.65154866129154
g950	297.7212202633347	444.3500318423633	370.4836635611718	341.5056852169059	287.59880163974316	336.01243102690825
g951	127.02772064568947	207.68534096980025	259.1361144034426	162.81084992899002	190.63691994405832	184.07132598305859
g952	162.75426707728963	309.11306562947016	282.41787468187687	212.44830417563333	230.07904131179453	205.94310288745987
g953	408.870475828313	429.8603568909819	415.0226832242635	526.157015014419	534.1120601880945	527.4388678273762
g954	609.3360974722917	697.1143615497947	1057.8017169984278	307.75221632918846	417.4291178085415	412.8539835140526
g955	1423.10743285874	1342.709878828011	1478.3917776805777	1068.1980153877637	1209.558388610577	1057.200402228671
g956	4908.430518074845	5182.473740944085	5861.436212707556	3939.2283690136123	3873.5450026564263	3955.501175383581
g957	448.566638530091	608.5663479580194	598.2400141110725	655.2143960556915	594.9186639633544	606.215975792786
g958	1288.140479672695	1502.0963032932066	1463.7141462006953	1566.5580560240626	1405.1255737256022	1471.989941220989
g959	311.614877208957	346.1422349496671	296.5893809383151	418.9401138416694	269.52116267953073	306.5919877572711
g96	41.680970836866855	167.43624388262967	113.37205005150612	81.40542496449501	98.60530341934052	69.2928861219085
g960	1389.3656945622286	1764.5204163015587	1421.1996274313803	1850.4842943148622	1617.1269760771843	1662.4486002823242
g961	480.32356869151334	507.13862329834944	418.05943456492884	472.5485644280442	527.5383732934718	559.3755332187585
g962	1820.0690598765195	1909.4171658153728	1534.5716774828866	1514.9351036075534	1643.4217236556751	1548.637938160307
g963	2667.5821335594787	3295.596069497528	2603.508149397087	3611.621170985766	3511.9922234521778	3377.350754025646
g964	123.05810437551168	175.4860633000638	160.94782105526318	107.21690117274953	105.17899031396321	106.64910685243458
g965	220.31370299486767	225.3949436881553	289.503627810096	246.20177306335077	248.15668027200695	204.78176960050052
g966	442.6122141248243	392.83118757078495	387.6919211582754	466.592069918447	532.4686384644388	487.3728694272782
g967	285.8123714528013	342.92230718269343	418.05943456492884	244.21627489348504	262.947475784908	256.6546564180186
g968	87.33155794391152	67.61848310644659	66.80852949463754	55.59394875624049	72.3105558408497	53.03422010447745
g969	827.6649923320705	732.5335669865048	629.6197779646144	821.9962423244131	836.5016573407387	791.6421906106306
g97	301.6908365335125	413.76071805611366	285.45462602254224	311.7232126689199	320.46723611285665	310.4630987138023
g970	1341.7302993200951	1964.1559378539248	1529.5104252484443	1340.2112646593691	1322.9544875428185	1292.3703928379414
g971	1738.6919263378747	1614.7937751372842	1429.297631006488	1606.2680194213772	1663.1427843395434	1699.998376560677
g972	1953.0512049274757	2442.3152112495113	1812.9405503772095	2313.1053678935777	2465.1325854835127	2336.021906718753
g973	782.0144052250258	645.5955172782163	643.7912842210527	728.6778283407236	755.9739928816106	814.6753008019912
g974	3120.1183883597478	3289.1562139635807	2903.1342816760675	3847.8954531997883	3551.4343448199143	3560.841413365225
g975	498.1868419073134	640.7656256277559	526.3702323819928	412.98361933207224	456.8712391762777	501.3088688707905
g976	2387.7241865119445	2266.829147949448	2082.1991692495367	2080.802082019287	1781.469148442752	1840.713259830586
g977	180.61754029308972	109.47754407710401	149.81306613949025	85.37642130422647	113.39609893224159	94.26155179153474
g978	599.4120567968472	439.52014019190284	402.8756778616021	547.997494882942	543.9725905300285	564.2144219144225
g979	490.2476093669578	376.73154873591676	418.05943456492884	383.2011467840863	302.3895971526442	358.65843012261575
g98	1647.3907521237854	1938.3965157181358	1539.6329297173288	1505.007612758225	1633.5611933137411	1390.5030555860073
g980	720.48535303727	592.4667091231511	618.4850230488414	571.8234729213308	667.2292198042041	630.4104192711061
g981	1369.5176132113397	1542.345400380377	1452.5793912849222	1973.5851808465375	2018.121876649169	1846.5199262653828
g982	1695.0261473659189	1700.1218609620857	1718.801258816584	1564.5725578541967	1580.9716981567594	1490.7648293601655
g983	3798.9227705601506	4857.261036479747	3875.906961135866	3049.725188913764	2889.135390186677	2896.3652176766445
g984	2681.475790505101	2791.677373966152	2249.2204929861305	2747.929467094173	2839.832738477007	2864.428552285262
g985	125.04291251060057	170.6561716496033	127.5435563079444	178.69483528791588	187.35007649674696	159.10266031343235
g986	132.98214505095618	78.88823029085435	91.10254021996028	51.62295241650903	44.37238653870323	42.58222052184321
g987	6533.9883807126525	7537.850902485308	6876.217285713225	9994.997787104094	9830.948750908248	9632.29183758876
g988	1702.9653799062746	1952.8861906695172	1642.8824752999503	1858.4262869943252	1768.3217746535065	1816.3252608044395
g989	3862.4366308829954	4345.292521530937	3830.355691025886	4282.719552400384	4070.7556094951074	4243.705386097329
g99	587.5032079863138	458.83970679374477	622.5340248363952	609.5479381487797	642.577893949369	683.6381949234101
g990	615.2905218775584	822.6915444617669	660.9995418181562	808.0977551353529	649.1515808439917	706.6713051147707
g991	633.1537950933584	803.371977859925	696.428307459252	742.5763155297838	895.664839392343	807.3201899845819
g992	1534.2566884237183	1275.0913957215644	1693.4949976443727	1334.254770149772	1408.4124171729136	1413.7297213251945
g993	853.4674980882262	792.1022306755173	693.3915561185865	911.343659968371	984.4096124697494	900.2268529413308
g994	1077.7508173532717	1250.941937469262	1065.8997205735352	1223.0668726372908	1221.0623406761667	1266.0468383335292
g995	748.2726669285146	748.633205821373	762.224586507001	768.3877917380382	838.1450790643944	861.7092989238453
g996	291.766795858068	291.40346291111507	295.5771304914267	232.30328587429065	210.35798062792642	213.49176925269572
g997	289.7819877229791	233.44476310558943	233.8298532312314	240.24527855375356	215.28824579889346	233.4279906788314
g998	293.7516039931569	236.66469087256309	239.90335591256206	242.2307767236193	215.28824579889346	236.3313238962298
g999	73.43790099828922	38.63913320368377	47.57577100375703	23.825978038388783	24.65132585483513	31.162443200076165
